user_id,pss_q1,pss_q2,pss_q3,pss_q4,pss_q5,pss_q6,pss_q7,pss_q8,pss_q9,pss_q10,total_pss,heart_rate,hrv_sdnn,sleep_hours,sleep_efficiency,physical_activity_min,work_hours,screen_time_hours,breaks_per_day,sentiment_score,anxiety_score,stress_level
USR-1000,2,3,3,4,3,2,3,3,3,4,20,74.3,30.9,6.4,77.8,43.0,10.4,5.7,4.0,0.17,5.3,2
USR-1001,4,3,1,2,0,3,2,2,2,0,23,90.8,44.2,6.7,73.4,14.0,7.4,5.5,4.0,-0.33,4.9,2
USR-1002,3,1,4,3,1,3,2,3,0,4,22,87.6,48.3,7.2,68.3,39.0,8.9,6.6,3.0,-0.29,6.1,1
USR-1003,3,3,3,2,3,0,3,0,4,2,23,83.8,42.0,6.2,75.3,2.0,10.1,7.0,3.0,-0.13,6.0,2
USR-1004,1,3,1,3,2,1,4,1,4,2,18,74.0,62.1,4.9,88.9,29.0,10.8,5.1,3.0,0.15,3.9,1
USR-1005,1,3,4,2,4,1,1,2,2,1,19,82.6,50.0,7.2,84.2,44.0,8.8,6.9,5.0,0.27,5.3,1
USR-1006,0,4,2,2,2,1,2,4,3,4,20,71.8,58.8,8.5,77.9,37.0,8.3,5.3,4.0,-0.16,6.9,1
USR-1007,4,0,0,3,4,3,4,0,2,3,17,80.3,48.9,6.7,80.8,20.0,11.0,4.6,4.0,-0.01,4.5,1
USR-1008,3,3,3,2,2,2,3,0,2,4,26,87.4,54.8,5.0,69.1,17.0,10.9,7.6,3.0,-0.23,7.2,3
USR-1009,3,0,1,3,4,1,1,1,0,3,15,72.4,51.0,7.7,79.0,12.0,9.9,6.2,4.0,0.1,2.5,0
USR-1010,0,2,3,2,4,0,3,3,2,1,12,76.2,46.3,8.8,83.7,30.0,6.3,3.9,3.0,0.54,3.9,0
USR-1011,4,2,3,2,2,1,4,2,3,2,21,76.1,63.6,7.1,77.0,43.0,9.8,4.9,4.0,-0.05,5.0,1
USR-1012,3,2,4,0,4,4,3,3,0,2,21,72.0,46.9,8.0,81.3,30.0,7.9,7.4,3.0,0.0,5.2,1
USR-1013,1,2,2,0,4,2,3,0,3,3,22,84.1,66.6,7.2,80.3,37.0,7.7,5.6,3.0,0.12,6.2,1
USR-1014,1,3,2,1,1,4,1,1,4,4,30,85.8,47.0,6.4,72.1,26.0,11.2,6.8,2.0,0.02,7.2,3
USR-1015,1,2,3,0,3,4,4,2,1,2,20,80.5,61.3,6.3,72.0,38.0,9.8,5.2,4.0,-0.01,4.0,1
USR-1016,2,3,1,1,0,2,2,3,1,3,22,88.4,60.9,6.8,70.7,48.0,8.7,7.1,4.0,0.19,6.9,2
USR-1017,2,2,2,3,3,3,4,3,3,4,19,73.0,57.2,6.8,73.3,36.0,10.6,7.5,4.0,0.4,3.9,1
USR-1018,2,0,2,0,1,1,2,1,1,1,19,75.9,57.2,6.8,78.9,50.0,8.4,5.4,4.0,0.01,4.4,1
USR-1019,2,3,0,3,0,3,0,4,1,4,22,87.1,62.8,6.4,65.4,6.0,9.0,8.2,2.0,-0.17,5.8,1
USR-1020,3,2,2,1,2,1,2,2,2,2,21,81.7,54.6,6.8,76.2,50.0,9.1,5.1,4.0,0.41,5.6,1
USR-1021,1,2,4,4,3,3,1,3,2,3,20,74.0,49.2,5.7,84.0,22.0,8.7,5.2,3.0,0.22,5.6,2
USR-1022,2,3,4,2,4,0,3,2,4,2,20,72.7,59.7,7.4,80.3,25.0,10.5,6.2,4.0,0.0,5.4,1
USR-1023,2,2,0,2,4,3,4,1,3,2,17,72.2,41.8,6.3,77.5,32.0,7.3,4.3,3.0,0.22,5.5,1
USR-1024,2,0,0,2,2,0,3,4,2,0,9,64.2,79.3,7.5,81.8,63.0,6.4,4.8,5.0,0.12,3.3,0
USR-1025,3,2,1,2,0,4,4,3,2,4,23,81.3,62.0,6.8,78.8,23.0,8.0,5.4,3.0,0.13,4.9,1
USR-1026,1,4,4,3,3,2,2,2,4,3,24,81.4,59.6,5.7,75.5,25.0,11.9,4.5,2.0,-0.48,4.0,2
USR-1027,2,3,1,1,3,3,3,3,1,0,16,75.4,69.3,5.5,78.8,30.0,8.0,3.3,3.0,0.33,4.5,0
USR-1028,3,3,3,4,2,2,4,1,1,4,21,74.2,53.1,6.4,73.3,39.0,8.2,5.3,4.0,-0.17,6.6,2
USR-1029,0,3,1,2,2,2,3,3,4,3,19,76.3,55.4,5.7,78.1,48.0,8.5,5.8,3.0,-0.3,4.0,1
USR-1030,3,1,3,2,2,3,2,2,4,4,26,72.5,37.7,6.8,71.0,51.0,10.9,4.9,3.0,-0.58,5.7,3
USR-1031,1,2,2,3,2,4,3,4,1,0,14,73.0,76.5,6.4,85.4,73.0,8.9,4.9,4.0,0.08,4.3,0
USR-1032,0,3,3,2,3,0,3,1,1,2,16,79.9,56.1,8.3,86.2,50.0,7.7,5.2,4.0,0.26,4.8,0
USR-1033,4,1,1,3,2,4,1,0,2,3,25,74.8,51.5,6.3,66.4,36.0,9.3,6.0,3.0,-0.43,7.2,3
USR-1034,4,1,3,2,4,3,3,1,0,1,18,78.2,59.5,7.0,72.4,25.0,7.0,4.3,2.0,-0.19,6.1,1
USR-1035,3,1,1,3,2,3,4,1,3,2,19,73.6,45.5,5.3,84.5,62.0,9.0,5.6,3.0,-0.07,5.2,2
USR-1036,2,2,3,1,1,2,2,2,0,2,21,82.4,39.8,6.8,77.1,39.0,10.7,5.5,3.0,0.13,4.7,2
USR-1037,0,4,4,4,4,2,3,1,0,1,15,73.9,61.3,7.1,75.1,40.0,7.6,5.9,3.0,0.34,3.5,0
USR-1038,3,0,1,3,2,4,3,3,2,2,17,76.9,55.1,6.0,84.2,46.0,9.3,3.8,2.0,0.12,4.2,1
USR-1039,2,2,4,1,1,2,3,1,4,4,28,84.8,44.3,6.1,72.7,21.0,9.5,6.6,2.0,-0.04,7.8,3
USR-1040,1,1,3,1,3,2,2,3,2,2,18,82.4,66.0,6.6,89.5,12.0,7.4,4.0,3.0,0.2,4.4,1
USR-1041,2,4,1,2,2,0,4,3,2,1,15,74.9,63.0,7.0,79.6,50.0,9.1,4.6,3.0,0.07,5.0,1
USR-1042,0,1,2,4,4,1,2,4,4,2,12,67.0,71.1,7.5,88.5,63.0,10.6,3.4,5.0,0.42,2.3,0
USR-1043,4,2,1,1,2,3,0,4,2,3,24,81.5,53.6,6.0,66.8,40.0,10.3,5.1,1.0,-0.38,6.3,2
USR-1044,1,3,3,2,3,3,4,4,2,3,18,73.9,55.0,7.1,85.5,40.0,8.2,5.2,3.0,0.16,4.2,1
USR-1045,3,3,3,0,0,3,3,3,2,3,27,84.4,38.2,6.1,76.5,30.0,9.6,5.8,3.0,-0.44,7.2,3
USR-1046,2,2,1,2,2,1,4,2,1,0,13,69.3,65.9,7.7,90.3,47.0,10.2,6.1,3.0,0.24,3.6,0
USR-1047,2,2,2,3,4,2,1,3,2,2,17,71.5,59.4,6.6,84.8,43.0,8.9,6.3,3.0,0.33,5.3,1
USR-1048,2,2,3,4,3,2,0,4,2,3,19,77.6,63.6,6.0,77.3,38.0,7.9,6.2,3.0,0.07,4.7,1
USR-1049,1,1,4,2,1,2,4,0,1,4,22,79.5,51.3,6.0,69.6,36.0,9.2,6.5,3.0,-0.06,5.7,2
USR-1050,4,1,2,3,1,4,1,2,1,3,24,86.3,47.6,7.6,71.0,52.0,9.9,6.1,3.0,-0.07,6.7,2
USR-1051,3,2,4,2,2,3,3,1,2,0,22,77.2,50.7,7.3,66.7,41.0,9.9,7.1,2.0,0.07,5.6,1
USR-1052,4,1,2,0,3,0,3,2,2,2,19,66.7,48.9,7.8,73.1,40.0,10.7,5.1,4.0,0.46,5.1,1
USR-1053,4,2,2,2,3,4,3,2,0,0,18,73.9,69.1,8.0,80.6,48.0,10.2,7.4,4.0,0.19,5.4,0
USR-1054,3,3,4,3,3,2,1,3,1,3,22,71.1,61.6,6.2,75.3,43.0,9.5,4.8,2.0,-0.16,5.6,2
USR-1055,4,4,2,4,2,3,3,2,4,0,22,81.3,42.8,6.8,74.4,47.0,9.3,4.6,3.0,-0.1,4.4,1
USR-1056,0,3,2,4,3,1,4,4,2,1,10,60.4,73.9,7.7,80.5,40.0,8.0,2.9,3.0,0.12,2.7,0
USR-1057,1,0,2,1,2,3,2,2,0,2,17,69.9,44.0,7.5,70.4,35.0,7.8,3.9,4.0,-0.16,3.1,1
USR-1058,0,0,4,1,1,1,2,4,3,2,18,73.9,65.4,6.7,79.4,30.0,9.9,3.6,4.0,-0.43,4.6,0
USR-1059,2,4,3,1,3,2,2,2,0,2,21,86.1,48.2,6.7,78.1,46.0,8.9,5.8,3.0,-0.12,5.8,1
USR-1060,2,2,2,4,4,0,0,2,3,2,17,69.5,61.6,7.1,74.3,49.0,9.1,6.0,4.0,-0.19,4.7,1
USR-1061,1,0,2,4,3,1,4,2,3,3,13,71.4,48.3,7.8,79.6,30.0,10.0,4.7,3.0,0.23,4.9,0
USR-1062,3,3,2,3,3,0,4,1,3,2,18,78.6,47.9,7.4,86.2,44.0,9.4,3.9,3.0,-0.04,5.9,1
USR-1063,2,3,3,2,3,1,4,2,3,2,19,84.0,60.0,6.9,83.5,55.0,9.1,4.9,3.0,-0.19,5.2,1
USR-1064,2,3,1,2,4,1,3,3,0,2,13,75.3,58.1,7.5,74.8,43.0,7.3,5.5,4.0,-0.21,1.8,0
USR-1065,2,1,3,2,2,3,3,3,3,2,20,83.0,48.3,6.9,76.6,41.0,8.9,5.2,3.0,-0.07,5.8,1
USR-1066,1,0,2,1,2,0,1,3,1,3,16,78.3,71.2,8.4,87.3,51.0,7.0,4.2,4.0,-0.23,3.8,0
USR-1067,3,4,2,2,4,3,3,2,2,2,21,72.3,71.4,5.3,75.2,21.0,9.8,4.1,3.0,0.11,6.2,1
USR-1068,0,1,1,0,4,1,3,2,4,3,17,76.7,66.2,6.2,77.9,43.0,6.0,4.7,4.0,0.14,4.9,1
USR-1069,4,3,1,1,2,4,4,3,2,3,23,84.4,42.5,7.0,80.2,49.0,10.6,5.2,4.0,-0.14,6.4,2
USR-1070,3,3,4,4,2,4,3,1,4,3,27,78.8,60.4,6.4,76.7,23.0,10.9,6.3,1.0,0.08,7.1,2
USR-1071,1,3,2,3,2,1,4,1,0,2,15,70.2,48.8,7.4,85.4,53.0,8.4,5.4,5.0,0.15,6.1,1
USR-1072,0,2,1,2,1,3,4,0,2,2,19,72.6,53.8,7.4,76.4,39.0,8.2,5.1,3.0,0.11,5.5,1
USR-1073,3,1,2,2,4,0,4,0,0,3,15,77.0,61.7,7.4,84.1,35.0,8.2,5.1,4.0,0.29,3.2,0
USR-1074,3,3,2,2,2,4,0,1,3,1,27,83.3,61.6,5.7,79.2,28.0,7.9,6.8,4.0,-0.31,7.6,3
USR-1075,3,4,0,3,4,2,4,0,0,2,16,72.4,67.3,7.6,79.8,36.0,9.4,3.8,4.0,0.02,4.1,0
USR-1076,3,4,2,3,1,0,3,1,1,3,21,72.0,50.0,6.7,74.2,26.0,9.0,7.5,4.0,-0.02,6.5,1
USR-1077,0,1,2,3,2,2,2,3,1,0,12,70.2,57.4,7.1,89.2,43.0,9.6,3.8,5.0,-0.03,4.8,0
USR-1078,2,1,2,3,0,0,0,0,3,2,23,77.3,59.3,7.0,85.0,35.0,9.9,6.4,3.0,0.27,6.4,1
USR-1079,1,4,2,1,3,2,3,2,1,3,20,78.7,50.7,7.3,87.6,36.0,9.3,4.4,4.0,0.03,4.2,1
USR-1080,4,3,2,2,3,3,2,4,4,4,25,76.2,50.5,6.5,71.4,29.0,10.2,6.2,2.0,-0.19,5.9,2
USR-1081,3,4,4,2,3,2,2,3,1,4,24,81.9,39.0,7.8,72.6,36.0,8.4,6.1,3.0,0.3,7.2,2
USR-1082,2,1,2,2,0,2,3,2,0,2,18,73.6,62.1,8.0,73.4,46.0,8.2,6.9,4.0,-0.16,6.4,1
USR-1083,0,3,1,3,1,1,4,4,2,2,13,65.1,67.7,8.2,82.8,32.0,8.1,4.4,5.0,0.52,3.8,0
USR-1084,2,3,1,2,0,1,3,2,4,0,20,70.9,45.1,8.8,71.6,34.0,8.6,6.8,4.0,0.16,5.0,1
USR-1085,2,3,2,1,2,1,2,0,1,1,21,72.5,62.0,6.5,73.6,13.0,8.5,5.9,3.0,0.19,4.5,1
USR-1086,3,2,3,2,3,3,2,4,1,3,20,76.5,59.4,6.4,80.5,36.0,8.7,7.4,3.0,-0.04,4.3,1
USR-1087,3,0,1,4,3,1,1,4,3,1,13,72.0,69.7,8.1,84.2,47.0,8.0,2.8,4.0,0.22,3.9,0
USR-1088,4,3,3,1,3,3,2,2,2,1,24,82.3,47.0,6.2,64.9,40.0,12.4,6.5,3.0,-0.19,6.7,2
USR-1089,2,1,0,3,2,2,1,3,3,4,19,78.2,57.7,6.8,85.6,40.0,8.5,2.7,2.0,0.23,3.8,1
USR-1090,1,2,2,2,1,1,4,3,1,3,16,70.2,60.5,6.3,74.6,49.0,7.6,4.9,5.0,0.2,5.1,1
USR-1091,3,4,3,0,1,3,3,1,2,3,29,90.7,42.6,6.4,65.4,28.0,10.2,7.6,3.0,-0.38,8.3,3
USR-1092,3,2,2,2,1,2,1,1,1,4,25,79.7,50.1,5.1,67.1,24.0,11.6,7.6,3.0,-0.25,6.8,3
USR-1093,3,3,3,3,4,2,2,2,2,3,21,80.6,63.8,6.6,72.9,23.0,11.0,6.4,4.0,-0.03,6.8,1
USR-1094,3,1,1,2,3,3,2,4,3,1,17,74.1,67.3,7.0,74.8,38.0,10.9,4.8,4.0,0.02,4.9,1
USR-1095,2,3,3,4,1,2,2,0,3,2,24,82.9,40.5,6.1,69.6,24.0,9.7,6.5,2.0,0.17,6.4,3
USR-1096,2,4,0,2,1,2,0,3,2,2,22,78.2,60.4,5.2,63.2,34.0,10.1,8.3,4.0,0.1,6.0,2
USR-1097,2,1,4,0,4,2,4,0,4,2,23,82.1,60.8,5.1,75.4,28.0,8.2,6.0,4.0,0.07,7.0,2
USR-1098,0,0,1,4,3,3,1,2,1,3,14,72.2,61.3,6.7,82.7,49.0,7.7,5.7,3.0,0.23,4.4,0
USR-1099,1,2,4,2,3,0,0,3,1,2,18,79.8,61.6,7.4,89.7,40.0,7.4,4.8,2.0,-0.11,4.4,1
USR-1100,0,0,2,3,2,2,0,3,3,0,15,69.0,65.2,7.4,83.2,48.0,8.8,5.9,3.0,0.29,4.5,0
USR-1101,3,3,3,3,1,0,3,0,3,1,22,70.4,45.7,6.6,73.0,41.0,9.3,6.7,3.0,-0.48,6.0,2
USR-1102,2,4,2,2,4,1,1,2,0,1,17,70.0,55.7,6.3,73.2,39.0,8.8,4.5,3.0,0.12,4.4,1
USR-1103,2,2,4,3,3,3,0,3,3,4,25,87.2,54.8,6.6,72.8,30.0,8.7,6.9,3.0,-0.31,7.1,2
USR-1104,4,1,1,1,2,4,2,0,2,3,26,82.0,43.5,4.8,74.7,37.0,10.9,7.1,2.0,-0.36,6.6,3
USR-1105,1,2,1,2,4,4,3,1,3,3,20,78.0,62.8,4.8,74.5,67.0,6.1,6.2,3.0,-0.09,5.8,1
USR-1106,2,3,2,1,3,0,1,3,3,2,20,72.2,65.4,6.6,77.3,26.0,8.7,5.5,3.0,-0.02,5.7,1
USR-1107,3,0,0,3,2,2,2,2,2,3,17,75.2,67.9,6.6,88.7,41.0,8.4,6.4,3.0,0.09,4.0,0
USR-1108,1,3,1,1,2,3,2,1,0,3,21,73.3,69.6,7.5,74.3,22.0,6.7,4.7,4.0,0.13,4.7,1
USR-1109,0,3,4,3,1,1,1,2,3,2,22,74.9,51.8,6.7,66.1,35.0,9.8,5.8,2.0,-0.09,5.1,1
USR-1110,2,3,4,4,1,3,2,4,3,4,24,79.0,51.4,7.7,78.4,25.0,9.4,6.1,3.0,-0.14,6.0,2
USR-1111,1,1,2,2,3,3,0,0,1,4,23,82.4,53.8,6.0,76.3,33.0,10.1,7.0,2.0,-0.37,7.2,2
USR-1112,4,3,4,2,1,4,0,3,2,4,31,89.9,40.8,6.2,60.2,27.0,13.0,5.9,2.0,-0.58,7.5,3
USR-1113,3,0,2,2,3,0,2,0,4,3,21,81.3,58.1,6.5,78.4,31.0,9.5,5.9,3.0,0.03,5.8,1
USR-1114,3,1,1,2,4,1,1,0,2,4,21,70.4,40.1,7.8,71.3,15.0,10.3,5.1,3.0,0.1,6.2,1
USR-1115,4,4,3,2,0,3,0,1,1,2,30,86.2,44.1,5.7,71.7,43.0,12.2,6.9,3.0,-0.35,7.1,3
USR-1116,3,3,3,3,2,3,2,2,1,4,24,80.0,39.0,7.1,83.5,43.0,10.2,6.4,4.0,0.07,5.8,2
USR-1117,1,0,4,4,3,4,4,3,2,4,17,67.2,51.0,6.2,78.4,39.0,7.5,3.8,3.0,-0.19,5.5,1
USR-1118,4,1,1,4,3,0,3,2,4,4,18,75.8,63.4,6.6,83.9,29.0,6.7,6.5,3.0,0.14,5.3,1
USR-1119,2,1,3,4,3,3,3,3,3,3,18,74.5,55.9,6.9,72.4,41.0,9.1,5.7,4.0,-0.11,4.4,1
USR-1120,3,1,0,4,2,3,4,2,2,2,15,75.7,66.8,8.2,73.2,47.0,7.8,4.0,4.0,-0.04,3.9,0
USR-1121,4,1,1,2,2,0,4,1,3,1,17,75.3,57.0,5.3,89.3,50.0,10.1,4.8,4.0,-0.06,4.7,1
USR-1122,2,0,0,3,3,2,3,2,3,2,14,69.5,71.4,7.0,83.0,55.0,7.5,6.2,4.0,0.16,4.2,0
USR-1123,1,2,4,4,4,3,3,3,3,3,18,80.4,55.6,6.6,81.7,52.0,8.7,5.7,2.0,0.15,5.8,1
USR-1124,1,3,3,2,2,1,2,3,1,1,17,63.8,43.1,5.4,85.0,20.0,7.2,4.2,5.0,0.16,5.0,1
USR-1125,2,3,3,4,4,1,1,4,3,2,17,74.6,60.6,6.6,76.6,37.0,8.1,4.3,3.0,0.03,3.8,1
USR-1126,3,3,2,2,1,3,3,2,2,3,24,72.2,32.6,5.2,78.1,45.0,8.5,6.6,2.0,0.01,5.5,3
USR-1127,4,0,2,3,4,2,4,3,0,3,13,66.8,52.1,5.5,85.6,34.0,6.9,5.4,4.0,0.55,4.0,1
USR-1128,0,4,1,3,3,4,2,1,2,4,22,81.9,45.4,6.4,69.0,50.0,9.2,6.1,2.0,-0.08,5.8,2
USR-1129,2,3,2,4,2,2,3,3,4,3,20,71.1,46.9,6.5,84.6,59.0,8.3,5.2,3.0,0.02,4.6,1
USR-1130,2,3,2,1,3,1,2,4,2,3,19,69.5,51.9,6.6,84.3,53.0,12.0,6.2,3.0,-0.09,5.9,1
USR-1131,1,3,3,3,1,4,2,0,4,3,28,96.4,36.7,6.3,64.6,36.0,11.2,6.2,2.0,-0.32,5.2,3
USR-1132,1,4,2,2,1,4,2,2,0,3,23,73.3,40.0,5.8,75.8,29.0,10.8,5.0,3.0,0.16,6.2,2
USR-1133,2,2,0,1,1,0,2,3,3,1,17,83.1,71.1,8.4,78.1,44.0,8.4,6.7,5.0,0.34,3.4,0
USR-1134,4,1,0,3,1,3,2,3,1,1,17,74.0,53.3,7.0,86.3,25.0,8.7,5.6,3.0,0.05,5.3,1
USR-1135,2,3,1,2,2,1,3,1,1,4,20,74.9,37.2,7.8,69.9,28.0,8.5,4.7,3.0,0.1,5.0,1
USR-1136,2,3,2,3,3,0,4,4,3,3,15,76.0,58.4,5.8,98.8,35.0,11.4,5.0,4.0,0.33,4.8,1
USR-1137,3,3,4,2,3,1,4,3,3,3,21,85.1,44.8,6.0,75.4,37.0,9.0,5.7,3.0,-0.12,5.1,2
USR-1138,2,2,3,2,1,1,1,1,3,2,24,75.3,42.9,6.9,77.7,28.0,8.9,5.7,3.0,-0.38,7.2,2
USR-1139,4,0,3,3,4,3,4,0,3,2,20,74.9,60.7,6.6,83.9,41.0,8.1,5.7,3.0,0.14,3.8,1
USR-1140,4,2,2,2,3,3,2,3,3,2,22,83.5,48.9,5.7,74.5,46.0,9.7,4.8,3.0,0.12,6.4,2
USR-1141,1,4,2,1,4,4,2,0,4,1,25,83.3,39.5,4.8,72.7,23.0,11.5,7.0,3.0,-0.0,5.8,3
USR-1142,2,3,1,4,3,3,3,1,2,2,18,81.3,61.1,7.5,76.0,42.0,10.0,5.2,3.0,-0.01,5.1,1
USR-1143,2,2,4,2,1,2,2,3,1,2,21,81.0,62.9,7.2,71.8,31.0,8.2,4.0,3.0,0.27,5.8,1
USR-1144,2,1,3,3,2,3,0,3,1,2,20,86.5,59.3,6.9,78.4,40.0,8.1,5.3,4.0,0.06,4.1,1
USR-1145,0,2,1,2,3,4,2,3,2,3,18,76.6,37.9,6.5,77.8,48.0,10.2,4.6,4.0,-0.17,5.6,1
USR-1146,3,4,2,2,0,3,3,2,3,4,28,85.6,36.1,5.2,68.5,40.0,12.7,3.5,2.0,-0.56,7.3,3
USR-1147,2,3,2,2,0,3,2,3,0,3,22,80.9,52.9,6.5,73.2,43.0,9.1,5.6,3.0,-0.12,5.8,2
USR-1148,0,3,3,2,1,4,3,4,1,4,21,77.7,51.8,5.6,79.1,41.0,10.6,6.7,4.0,0.01,5.8,2
USR-1149,1,2,4,2,1,1,3,1,1,2,20,81.7,52.4,6.1,73.0,20.0,7.2,5.4,3.0,-0.06,5.4,1
USR-1150,4,3,3,2,2,3,3,3,3,3,25,83.1,40.9,7.3,72.0,19.0,8.7,6.8,3.0,0.25,7.0,2
USR-1151,1,1,2,2,2,4,4,4,1,0,13,75.3,52.5,5.9,86.7,35.0,6.7,4.6,5.0,0.29,3.4,0
USR-1152,1,3,0,1,1,4,2,3,1,1,19,81.3,72.3,7.4,79.0,43.0,9.3,4.9,2.0,-0.16,5.7,0
USR-1153,2,2,0,2,3,1,1,3,3,3,18,77.9,57.7,8.1,73.3,24.0,8.5,4.5,3.0,-0.39,5.3,1
USR-1154,4,2,1,1,3,2,2,1,3,2,23,82.6,56.4,7.1,74.6,38.0,9.7,4.6,4.0,-0.04,5.7,1
USR-1155,1,3,0,1,2,3,2,2,2,3,21,73.3,53.8,7.0,78.4,40.0,10.6,6.6,3.0,0.17,6.9,1
USR-1156,3,4,3,4,0,1,3,3,3,2,22,76.5,52.9,6.2,80.4,12.0,8.5,6.5,3.0,0.31,6.0,2
USR-1157,3,0,3,3,0,3,0,3,0,4,23,84.3,50.8,6.0,71.0,21.0,9.6,5.6,4.0,-0.13,6.0,2
USR-1158,1,3,1,3,2,1,2,4,4,4,19,83.7,47.3,5.0,75.0,51.0,7.2,3.4,4.0,0.37,5.5,1
USR-1159,3,2,3,2,1,2,3,0,2,1,23,70.4,39.1,6.5,71.3,42.0,10.8,6.3,2.0,-0.36,5.8,3
USR-1160,2,2,1,4,2,2,3,0,4,2,20,74.7,58.1,6.4,73.8,27.0,10.3,4.6,5.0,-0.07,6.2,1
USR-1161,3,0,2,3,3,2,3,0,4,3,21,78.5,55.3,6.1,78.3,24.0,9.6,5.8,2.0,-0.23,5.4,1
USR-1162,3,2,1,3,2,2,3,3,3,2,18,71.4,65.0,6.9,81.5,10.0,8.8,3.7,2.0,0.22,5.5,1
USR-1163,2,2,2,2,1,2,3,1,0,1,18,71.6,63.4,7.0,83.8,57.0,8.1,5.3,3.0,-0.2,4.0,1
USR-1164,0,0,1,4,2,2,3,3,2,3,12,72.9,58.5,6.9,82.5,47.0,6.1,4.4,4.0,0.32,2.1,0
USR-1165,3,2,2,3,3,1,2,2,0,4,18,83.7,66.6,8.2,71.5,62.0,9.1,2.8,3.0,-0.19,5.1,0
USR-1166,2,4,2,4,4,0,4,2,4,3,17,64.7,64.9,7.6,82.6,39.0,9.5,6.7,3.0,0.44,4.3,0
USR-1167,1,1,4,1,3,1,3,1,3,2,20,76.6,60.5,7.5,77.8,41.0,11.4,5.2,3.0,-0.07,5.1,1
USR-1168,0,3,0,1,2,3,1,4,4,2,20,79.8,73.0,6.7,77.3,48.0,8.5,5.2,3.0,0.08,3.4,0
USR-1169,3,2,1,2,2,3,2,3,3,2,21,82.3,70.1,7.1,69.8,56.0,9.5,6.2,3.0,-0.39,6.8,1
USR-1170,3,3,0,1,2,1,3,4,2,2,17,76.5,64.3,6.3,78.3,47.0,9.9,5.1,4.0,-0.21,4.7,1
USR-1171,0,1,3,4,4,1,4,3,2,2,10,77.6,72.0,8.2,78.5,49.0,8.9,4.6,4.0,0.15,4.2,0
USR-1172,2,1,0,0,0,3,1,1,2,1,23,80.3,59.9,6.3,77.2,34.0,8.7,4.7,3.0,0.08,4.8,1
USR-1173,1,1,3,0,4,2,0,1,2,4,24,87.6,45.3,5.6,71.9,20.0,9.3,5.9,3.0,0.01,6.2,2
USR-1174,3,0,2,1,3,4,4,4,3,3,19,73.4,51.7,6.8,75.2,34.0,8.2,3.5,4.0,0.25,5.4,1
USR-1175,1,1,2,1,3,3,4,3,4,3,19,76.9,61.6,6.6,70.1,39.0,7.8,5.1,3.0,-0.27,5.1,1
USR-1176,3,3,3,1,0,2,1,0,3,4,32,81.9,33.1,7.6,73.1,41.0,12.6,8.4,1.0,-0.26,8.0,3
USR-1177,2,4,1,3,3,2,2,3,4,2,20,82.0,59.7,7.1,75.7,32.0,9.1,4.0,2.0,-0.11,4.1,1
USR-1178,4,3,1,3,2,2,3,2,4,0,20,76.9,56.3,8.0,77.4,50.0,8.9,5.1,3.0,-0.16,5.5,1
USR-1179,1,3,2,0,1,0,2,2,2,3,22,81.0,45.7,7.5,71.8,34.0,9.6,3.6,3.0,-0.17,5.0,1
USR-1180,2,1,3,2,1,1,4,1,2,4,21,76.8,54.0,6.7,68.0,51.0,9.2,5.6,4.0,-0.05,5.0,1
USR-1181,1,2,1,2,4,1,1,3,3,3,17,77.8,69.2,6.7,76.6,49.0,8.3,5.6,5.0,0.22,4.6,1
USR-1182,4,2,1,1,2,3,0,0,2,0,25,83.9,49.4,4.9,71.4,39.0,8.8,6.5,3.0,0.07,6.0,3
USR-1183,4,1,4,3,2,2,1,2,0,3,22,74.3,53.2,5.9,77.0,47.0,11.2,5.1,2.0,0.04,5.4,1
USR-1184,1,2,0,3,0,0,2,2,2,0,14,67.6,65.1,7.8,79.7,54.0,7.4,2.6,4.0,0.31,4.9,0
USR-1185,3,2,3,3,3,3,1,1,4,2,25,81.7,52.4,6.1,69.7,45.0,8.6,4.9,1.0,0.21,6.2,2
USR-1186,3,2,3,3,3,2,0,2,0,1,19,79.9,53.6,7.1,70.2,64.0,8.8,6.6,3.0,0.17,4.7,1
USR-1187,2,2,2,0,3,2,3,0,3,4,25,91.2,51.6,4.7,73.5,51.0,12.3,7.0,2.0,-0.19,6.2,3
USR-1188,2,3,1,4,2,1,1,2,4,2,20,79.0,46.6,7.1,73.0,43.0,8.0,5.4,1.0,0.12,4.4,1
USR-1189,1,3,1,3,2,2,4,4,3,4,17,79.9,52.4,7.9,85.9,36.0,9.4,5.3,5.0,0.43,4.7,1
USR-1190,0,2,3,4,3,4,2,2,3,2,19,68.6,50.9,5.4,78.5,43.0,8.6,4.3,3.0,-0.14,5.6,2
USR-1191,4,4,3,0,1,0,3,2,3,2,26,92.8,51.3,6.5,75.3,8.0,10.2,7.5,1.0,-0.27,6.8,3
USR-1192,4,4,3,4,4,2,1,2,2,4,24,84.0,51.3,7.5,72.8,43.0,10.7,5.3,3.0,0.17,6.1,1
USR-1193,3,2,4,3,3,1,1,3,0,1,17,74.6,57.7,8.4,80.3,28.0,6.5,5.6,5.0,0.03,5.1,0
USR-1194,2,2,3,3,2,1,3,3,4,3,20,76.7,60.5,6.3,72.5,51.0,7.9,4.2,5.0,0.15,4.8,1
USR-1195,2,2,1,0,2,2,3,1,2,2,21,72.8,56.8,7.3,70.4,60.0,10.2,5.4,3.0,0.23,5.5,1
USR-1196,3,4,1,3,3,3,3,4,3,3,20,73.4,52.7,7.9,77.1,20.0,9.1,6.7,3.0,-0.25,6.4,1
USR-1197,4,4,4,4,1,4,3,3,2,1,24,90.6,41.7,6.7,76.9,32.0,9.9,5.1,4.0,-0.2,5.9,2
USR-1198,4,1,1,3,2,1,3,3,0,2,14,67.3,55.9,8.3,71.8,31.0,9.0,5.5,4.0,0.42,4.5,0
USR-1199,3,2,0,3,3,2,2,0,4,3,22,74.2,40.8,6.5,73.0,15.0,8.2,4.7,3.0,-0.09,6.2,2
USR-1200,3,2,3,4,2,3,4,0,3,2,22,75.7,53.6,6.9,84.7,34.0,10.6,4.8,4.0,-0.46,5.1,1
USR-1201,0,2,2,2,3,2,3,3,1,0,12,64.5,58.1,7.0,85.4,54.0,8.8,4.5,3.0,0.14,4.1,0
USR-1202,1,1,4,3,1,2,4,4,4,3,19,76.7,52.3,6.7,85.4,48.0,9.1,6.3,5.0,0.19,4.6,1
USR-1203,4,4,3,2,3,1,3,3,3,2,22,84.7,51.5,6.9,72.3,37.0,9.9,5.5,2.0,0.2,6.0,1
USR-1204,3,3,0,4,0,2,0,1,2,0,21,75.3,62.1,6.1,74.0,16.0,10.5,6.2,3.0,-0.02,5.0,1
USR-1205,0,3,4,0,0,2,2,0,3,3,29,78.5,51.2,5.8,75.1,29.0,9.6,7.8,3.0,-0.17,7.4,3
USR-1206,1,4,1,2,4,3,3,3,1,4,18,77.2,57.1,7.5,81.6,22.0,9.5,4.5,4.0,-0.01,4.9,1
USR-1207,3,3,2,3,3,3,3,3,3,1,19,76.3,66.4,8.5,77.3,22.0,10.9,3.8,4.0,0.21,5.1,0
USR-1208,0,2,2,3,2,1,2,1,0,3,16,79.0,43.9,5.5,73.7,30.0,9.2,4.6,4.0,0.41,4.6,1
USR-1209,1,3,0,3,1,0,3,0,2,3,18,73.5,72.5,8.5,84.3,52.0,8.4,6.5,4.0,0.21,4.4,0
USR-1210,2,1,2,4,3,4,2,2,2,0,16,72.7,65.5,6.9,92.6,49.0,11.2,4.2,4.0,0.1,3.5,0
USR-1211,3,3,1,4,2,2,1,3,4,0,19,75.9,57.1,7.6,69.9,42.0,9.1,6.4,3.0,0.12,5.1,1
USR-1212,3,1,2,0,4,4,0,3,3,2,24,81.4,42.9,7.3,81.0,23.0,11.3,5.7,2.0,0.07,7.0,2
USR-1213,1,3,2,2,4,0,3,3,1,3,14,70.3,59.0,8.5,79.2,40.0,7.6,6.5,3.0,0.19,4.4,0
USR-1214,3,1,3,0,3,2,3,3,4,1,21,75.6,58.6,6.1,74.6,20.0,10.4,7.9,4.0,0.13,5.8,1
USR-1215,1,1,3,2,2,2,2,1,3,3,22,70.0,57.6,6.4,76.8,52.0,8.6,6.8,2.0,0.01,5.3,1
USR-1216,2,1,1,2,2,4,3,3,3,3,20,74.7,60.3,6.7,71.0,64.0,9.4,3.9,2.0,0.28,5.4,1
USR-1217,3,0,2,4,3,0,0,4,1,2,13,75.0,57.9,7.1,82.1,52.0,7.2,2.2,4.0,0.35,3.1,0
USR-1218,3,3,2,4,1,1,0,4,4,2,22,83.5,45.1,7.6,67.4,44.0,11.6,5.8,3.0,-0.16,5.3,1
USR-1219,4,3,1,1,2,2,3,4,4,4,24,78.6,51.6,6.3,76.4,31.0,9.3,6.9,4.0,0.16,6.4,2
USR-1220,3,2,3,0,0,4,2,2,3,1,28,91.0,51.2,4.8,82.2,9.0,8.9,7.0,1.0,-0.15,5.5,3
USR-1221,3,1,3,3,0,4,3,3,4,2,24,80.9,50.0,5.9,70.8,23.0,9.7,5.3,3.0,-0.15,7.5,3
USR-1222,0,0,1,2,1,4,3,4,2,3,16,67.3,71.9,5.8,79.2,36.0,9.0,3.5,5.0,-0.15,3.3,0
USR-1223,2,0,2,1,2,4,4,3,4,1,19,68.4,56.5,6.7,77.2,34.0,8.8,6.3,3.0,0.08,6.5,1
USR-1224,1,1,1,4,3,0,1,1,2,0,12,76.6,65.0,8.0,87.9,39.0,6.8,6.4,4.0,0.61,2.9,0
USR-1225,1,4,3,4,2,0,2,4,1,0,13,69.5,69.1,6.8,84.3,46.0,9.2,4.0,2.0,-0.34,3.1,0
USR-1226,4,1,1,2,2,1,3,2,3,2,19,70.6,66.0,6.5,82.4,28.0,10.4,6.2,4.0,-0.51,4.7,1
USR-1227,2,2,4,4,0,2,3,1,3,0,21,67.1,43.0,6.4,73.7,62.0,7.2,8.2,4.0,0.12,5.1,2
USR-1228,4,1,3,2,2,3,3,1,2,3,24,79.0,41.1,6.5,76.2,17.0,8.5,5.8,3.0,-0.07,5.6,2
USR-1229,3,1,2,3,1,4,1,3,0,4,22,81.3,50.0,7.0,58.7,46.0,9.1,5.6,2.0,0.07,5.4,1
USR-1230,3,2,3,2,3,1,1,2,1,0,18,72.3,82.8,7.6,81.8,37.0,8.1,5.8,4.0,-0.05,4.9,0
USR-1231,2,3,4,1,4,3,3,0,2,2,24,75.7,47.9,8.2,67.9,39.0,10.2,5.7,3.0,-0.55,5.4,1
USR-1232,3,1,2,4,1,4,3,3,1,0,16,71.3,59.0,7.2,78.4,48.0,10.6,6.3,1.0,-0.05,5.1,1
USR-1233,2,0,1,2,1,2,2,3,1,1,15,79.3,66.2,7.8,84.5,45.0,7.8,4.5,4.0,0.46,5.3,0
USR-1234,1,2,2,3,2,1,1,3,2,2,17,67.9,66.6,5.7,71.6,27.0,10.4,5.1,4.0,-0.0,3.1,1
USR-1235,3,1,4,2,4,2,3,1,4,2,22,76.0,53.9,6.3,80.9,31.0,7.5,4.3,4.0,-0.15,7.2,2
USR-1236,2,1,3,0,3,2,2,3,3,4,23,86.2,60.6,6.3,74.1,36.0,10.0,5.6,2.0,-0.62,6.5,2
USR-1237,0,4,3,1,4,3,1,0,2,2,24,83.5,40.4,5.6,81.3,34.0,8.9,5.0,1.0,-0.48,6.3,3
USR-1238,3,3,4,2,2,2,1,2,4,2,27,84.5,40.1,5.7,67.2,17.0,10.6,6.7,2.0,0.01,6.3,3
USR-1239,1,2,4,3,4,0,2,2,3,1,16,70.8,69.3,7.0,70.9,57.0,6.3,3.3,4.0,0.07,4.5,0
USR-1240,4,2,4,2,1,4,3,3,2,0,23,80.3,51.3,6.1,74.6,4.0,7.9,6.9,2.0,0.11,6.6,2
USR-1241,4,2,0,3,0,2,2,2,2,4,23,77.4,41.2,8.6,77.7,31.0,10.0,5.0,2.0,-0.24,8.0,2
USR-1242,4,2,2,3,4,2,0,0,2,0,21,74.1,43.2,7.1,79.6,25.0,8.4,7.4,4.0,-0.32,7.2,2
USR-1243,2,3,3,3,4,4,0,2,1,4,24,75.6,43.5,8.0,68.3,35.0,9.2,7.4,3.0,-0.17,4.9,2
USR-1244,0,3,3,2,0,1,2,2,2,1,20,81.4,55.0,7.9,68.9,50.0,11.2,6.0,4.0,-0.11,5.1,1
USR-1245,4,1,3,4,1,1,3,4,2,3,18,75.4,61.2,6.4,76.9,23.0,8.9,3.7,3.0,-0.11,4.9,1
USR-1246,2,2,1,2,0,3,0,4,2,4,24,82.6,47.4,6.4,76.6,61.0,10.7,5.4,3.0,-0.28,7.2,2
USR-1247,4,2,3,2,1,1,3,1,3,1,23,80.9,54.3,6.1,77.1,37.0,8.5,5.0,3.0,-0.12,5.8,2
USR-1248,4,4,3,1,1,3,1,1,2,2,30,88.5,39.0,5.7,77.4,31.0,8.9,6.0,2.0,-0.4,6.8,3
USR-1249,4,3,0,2,4,1,1,1,3,3,22,78.0,62.3,5.8,73.6,18.0,9.2,7.3,3.0,-0.25,5.7,2
USR-1250,2,2,2,0,3,0,1,3,3,0,18,73.3,77.9,6.6,69.3,39.0,6.9,5.1,3.0,0.42,4.5,0
USR-1251,2,1,1,3,3,2,0,0,4,3,23,76.0,48.1,6.8,80.7,46.0,8.6,5.2,3.0,0.0,6.7,2
USR-1252,4,3,2,1,3,1,3,1,2,0,20,70.4,58.8,7.0,78.0,40.0,9.3,4.8,4.0,0.03,7.2,1
USR-1253,2,1,0,2,2,3,2,2,4,1,19,71.0,59.4,7.0,79.2,40.0,8.7,4.8,3.0,0.02,5.8,1
USR-1254,1,2,2,3,3,3,3,1,3,1,18,73.9,58.6,6.9,82.3,39.0,9.1,5.8,5.0,0.19,5.6,1
USR-1255,2,1,2,2,3,4,0,0,3,4,27,75.6,51.5,6.8,78.1,13.0,10.8,4.7,3.0,-0.1,7.7,3
USR-1256,4,3,3,1,2,3,1,2,3,1,27,76.7,50.1,5.9,71.6,13.0,8.6,6.5,3.0,-0.42,7.1,3
USR-1257,3,1,3,1,3,1,2,1,0,0,17,80.1,55.0,8.1,85.1,55.0,7.4,5.5,4.0,-0.22,4.3,1
USR-1258,3,2,3,3,2,3,3,2,4,3,24,82.1,60.5,4.9,76.8,44.0,7.0,4.3,4.0,-0.57,5.9,2
USR-1259,0,4,1,1,3,3,2,4,1,2,17,72.6,60.4,7.5,76.0,53.0,8.1,3.7,3.0,0.45,5.5,1
USR-1260,3,1,1,2,4,3,2,1,3,2,20,88.9,51.9,7.1,75.8,28.0,9.9,5.5,4.0,-0.09,5.5,1
USR-1261,4,2,4,2,2,3,2,2,2,1,24,72.8,69.5,5.9,77.1,31.0,11.4,7.4,4.0,-0.0,5.3,1
USR-1262,1,2,1,3,3,3,0,4,2,3,18,80.6,56.6,6.6,75.0,55.0,8.9,6.5,3.0,0.1,5.9,1
USR-1263,2,0,4,3,0,2,4,4,3,3,19,76.1,58.3,7.2,82.2,24.0,10.5,4.8,3.0,0.21,4.4,1
USR-1264,4,3,4,3,3,3,2,2,4,2,26,86.7,48.9,7.0,73.3,44.0,10.4,7.7,2.0,-0.19,5.6,2
USR-1265,3,0,2,0,2,2,3,3,2,1,18,76.3,56.5,5.5,80.4,33.0,8.8,4.9,3.0,-0.21,4.1,1
USR-1266,3,2,4,2,0,1,3,0,4,3,28,75.1,48.6,6.6,78.2,18.0,9.5,6.2,2.0,-0.45,7.2,3
USR-1267,3,3,0,2,2,3,2,3,3,3,22,79.7,45.7,6.2,77.3,35.0,6.4,5.8,2.0,-0.13,6.5,2
USR-1268,2,3,2,1,3,1,0,4,1,2,19,78.3,61.0,7.7,78.1,25.0,10.3,6.2,3.0,-0.29,5.2,1
USR-1269,2,3,3,2,1,0,3,2,1,0,17,63.9,44.7,5.5,78.8,18.0,8.5,4.5,4.0,-0.08,4.2,1
USR-1270,3,1,2,2,4,0,1,2,3,1,17,84.6,48.4,9.0,78.6,42.0,10.2,4.7,4.0,-0.15,4.0,1
USR-1271,3,0,4,2,0,3,2,1,0,3,24,82.6,64.6,5.7,75.6,39.0,8.5,4.8,2.0,-0.19,6.7,2
USR-1272,4,3,0,3,4,2,3,3,2,4,18,79.1,47.5,8.1,85.3,54.0,11.6,5.6,3.0,-0.04,4.8,1
USR-1273,4,2,2,2,3,3,3,3,1,0,17,69.0,43.1,7.0,76.2,48.0,8.3,6.1,4.0,0.11,4.9,1
USR-1274,2,3,3,3,2,2,3,3,2,2,19,80.1,46.4,6.2,74.3,62.0,8.0,6.4,3.0,0.2,4.9,1
USR-1275,2,3,3,2,2,2,3,0,3,0,22,84.7,66.4,6.8,81.9,52.0,9.0,4.4,4.0,-0.11,5.9,1
USR-1276,3,4,1,2,3,2,1,2,2,2,22,80.5,38.2,7.4,72.7,44.0,9.5,5.4,2.0,-0.36,6.0,2
USR-1277,3,2,2,2,3,3,2,3,1,2,19,76.6,48.6,5.6,78.8,44.0,8.8,6.6,4.0,-0.38,7.0,2
USR-1278,3,2,4,0,3,2,0,1,1,4,28,80.0,33.3,6.6,68.0,43.0,9.6,6.7,3.0,-0.21,7.3,3
USR-1279,3,3,1,0,2,4,3,1,2,0,23,79.0,49.1,6.5,66.4,8.0,7.3,5.9,1.0,-0.22,5.6,2
USR-1280,4,2,3,2,2,4,4,1,0,3,23,77.6,47.8,6.9,75.7,28.0,8.5,5.9,4.0,-0.12,6.0,2
USR-1281,2,1,3,4,4,4,1,3,3,2,19,79.5,52.4,6.8,83.3,16.0,10.1,5.9,4.0,0.1,4.3,1
USR-1282,2,4,3,3,1,4,0,3,3,3,28,80.3,59.8,5.6,70.7,36.0,9.1,6.8,2.0,0.05,6.2,2
USR-1283,0,4,3,0,2,2,2,4,0,2,19,79.4,46.7,5.9,70.3,30.0,6.8,4.8,4.0,-0.32,6.0,2
USR-1284,3,2,1,4,2,2,4,2,2,0,14,68.1,61.7,7.8,82.0,80.0,6.8,5.6,3.0,-0.02,4.2,0
USR-1285,0,0,3,3,3,3,2,4,2,4,16,72.7,62.7,7.6,76.2,36.0,8.3,3.8,4.0,0.1,5.3,1
USR-1286,2,2,4,3,3,3,0,3,2,0,20,80.6,47.2,7.3,63.9,39.0,8.1,6.8,5.0,-0.23,4.0,1
USR-1287,2,3,2,3,2,4,4,2,2,3,21,74.9,57.6,7.0,75.8,32.0,8.8,4.7,1.0,-0.33,4.7,1
USR-1288,2,4,4,2,0,3,3,0,2,4,30,89.5,39.3,6.6,72.1,20.0,9.5,7.3,2.0,-0.04,7.6,3
USR-1289,3,1,2,1,0,4,1,1,2,0,25,84.6,51.7,7.4,79.1,17.0,11.0,6.0,3.0,-0.36,5.7,2
USR-1290,0,0,1,2,2,2,4,4,3,2,12,69.1,64.1,5.9,91.8,31.0,8.4,4.0,5.0,-0.02,2.4,0
USR-1291,0,4,2,2,2,3,2,2,1,3,21,84.2,37.3,4.8,79.5,10.0,11.8,7.0,2.0,-0.26,4.6,2
USR-1292,3,2,4,2,4,3,2,2,3,4,25,82.3,59.2,7.7,77.9,38.0,9.3,6.9,2.0,0.07,6.1,2
USR-1293,2,2,2,3,2,3,2,1,2,3,22,84.8,69.1,5.5,69.1,30.0,9.0,5.7,3.0,-0.2,6.0,1
USR-1294,1,4,4,4,1,2,3,3,2,1,19,85.6,54.8,6.0,85.9,62.0,10.3,7.1,3.0,-0.25,6.4,2
USR-1295,2,0,4,4,4,3,3,1,3,3,19,75.4,49.1,6.6,84.1,24.0,9.3,6.4,3.0,-0.14,4.2,1
USR-1296,3,3,2,4,2,4,0,2,2,3,25,85.1,60.8,5.0,71.4,50.0,8.6,5.3,2.0,-0.16,5.5,2
USR-1297,1,0,0,3,3,1,4,2,2,3,11,66.4,81.4,7.2,87.2,66.0,8.3,2.1,4.0,0.45,2.2,0
USR-1298,3,2,3,4,0,3,1,2,3,4,27,78.5,44.9,5.4,74.7,45.0,10.5,6.5,2.0,-0.05,7.2,3
USR-1299,0,3,2,0,2,2,3,2,3,0,19,75.6,54.5,6.7,85.1,41.0,6.7,6.8,3.0,-0.13,5.1,1
USR-1300,0,2,3,1,4,4,3,2,4,1,20,70.7,54.4,7.0,76.2,33.0,8.2,6.1,3.0,-0.11,4.5,1
USR-1301,2,4,2,2,3,2,1,3,3,3,23,75.4,37.9,6.2,71.0,49.0,9.7,7.4,3.0,0.33,5.2,3
USR-1302,2,2,2,4,2,1,1,3,4,4,21,81.3,51.4,6.3,73.8,27.0,10.9,5.0,2.0,0.17,5.4,1
USR-1303,3,2,3,2,3,2,4,3,0,2,16,71.4,73.7,7.3,84.5,45.0,9.2,4.9,4.0,0.07,4.3,0
USR-1304,3,1,2,3,4,3,2,1,2,4,21,81.9,52.4,7.5,66.7,36.0,8.5,5.5,3.0,-0.49,4.6,1
USR-1305,4,2,2,1,1,0,3,3,1,4,21,79.9,45.4,7.9,61.3,26.0,8.3,5.9,3.0,-0.12,5.6,2
USR-1306,2,2,2,1,2,3,2,1,0,4,23,89.4,55.2,6.3,79.2,37.0,10.4,6.6,3.0,-0.36,4.8,2
USR-1307,2,0,2,3,4,4,3,1,2,4,19,79.2,50.9,8.3,79.1,48.0,5.9,7.0,3.0,-0.14,5.1,1
USR-1308,3,2,2,1,1,4,2,4,3,4,26,88.3,47.0,6.9,72.6,20.0,8.9,8.1,3.0,-0.37,6.4,3
USR-1309,1,2,3,2,3,0,2,3,2,3,17,76.9,48.6,6.0,72.7,46.0,10.2,6.8,4.0,0.04,4.9,1
USR-1310,2,3,2,1,3,4,2,2,3,3,25,83.4,40.5,5.3,64.7,5.0,10.1,6.8,3.0,-0.14,7.3,3
USR-1311,0,3,2,2,3,3,4,4,2,0,13,77.2,69.7,6.9,79.1,33.0,7.0,4.3,3.0,0.06,3.5,0
USR-1312,0,3,3,3,2,1,2,4,2,1,15,76.5,62.2,8.3,82.6,38.0,6.8,5.1,4.0,-0.11,4.2,0
USR-1313,4,0,1,2,2,0,1,3,2,1,16,75.1,53.8,6.7,77.1,46.0,9.4,5.7,3.0,0.08,2.8,1
USR-1314,3,1,1,2,3,1,4,3,2,0,12,71.5,66.0,5.9,87.5,57.0,7.9,4.6,4.0,0.14,5.1,1
USR-1315,3,3,4,0,1,3,3,3,2,1,25,84.6,43.9,6.1,68.5,33.0,9.5,5.2,2.0,-0.53,4.8,2
USR-1316,2,2,3,3,2,0,0,1,3,4,24,77.6,43.7,4.8,71.4,40.0,10.0,5.5,4.0,0.0,6.0,3
USR-1317,1,0,3,2,1,1,4,1,1,3,17,71.3,68.1,6.2,82.8,39.0,8.7,6.0,3.0,-0.06,2.6,0
USR-1318,1,3,3,3,0,3,3,3,0,2,19,83.8,62.5,6.4,75.9,43.0,9.0,5.1,4.0,-0.02,4.4,1
USR-1319,1,3,0,3,4,3,1,2,3,3,19,85.9,56.1,7.0,76.1,43.0,7.3,5.4,3.0,-0.01,6.4,1
USR-1320,2,2,3,1,2,3,1,1,2,2,25,77.2,49.9,7.1,70.0,26.0,8.5,6.0,3.0,-0.15,7.2,2
USR-1321,3,0,2,4,4,3,3,2,2,1,14,68.9,62.4,7.8,77.4,40.0,9.0,3.9,3.0,0.21,4.8,0
USR-1322,3,3,2,3,1,0,3,2,1,4,20,83.2,58.9,5.8,78.8,45.0,9.7,5.3,2.0,-0.26,5.1,2
USR-1323,1,3,2,2,3,4,1,4,2,2,20,80.2,48.6,6.5,79.4,59.0,9.5,5.0,2.0,0.06,6.6,2
USR-1324,4,3,0,1,1,1,1,3,3,3,24,84.4,56.9,6.5,75.1,47.0,8.9,5.3,5.0,-0.19,6.3,2
USR-1325,3,3,1,4,3,2,2,2,4,2,20,82.0,57.8,6.5,73.9,24.0,9.9,4.4,3.0,0.22,5.8,2
USR-1326,2,3,4,3,3,3,3,4,3,2,20,76.3,52.9,6.5,76.0,24.0,8.6,5.4,4.0,0.16,7.4,2
USR-1327,3,2,2,1,1,1,1,4,0,3,20,79.1,51.1,5.4,85.0,31.0,10.6,6.1,2.0,0.26,6.1,2
USR-1328,2,1,2,2,4,4,1,2,3,1,20,78.8,61.7,5.8,69.9,39.0,8.1,6.6,3.0,-0.19,5.2,1
USR-1329,1,3,0,3,1,2,3,4,1,4,16,69.7,58.8,6.8,89.4,43.0,7.8,3.6,4.0,0.38,4.8,1
USR-1330,2,3,0,3,3,0,3,2,2,0,12,72.1,59.4,5.0,83.5,61.0,7.6,6.1,6.0,0.26,4.7,1
USR-1331,3,3,3,3,4,4,2,1,1,2,22,85.4,49.4,7.1,74.6,51.0,10.3,6.0,3.0,0.08,6.2,2
USR-1332,0,1,2,2,4,3,2,1,3,4,20,75.8,61.2,5.7,81.8,38.0,9.0,4.4,3.0,0.13,5.9,1
USR-1333,1,1,2,3,4,3,2,3,3,4,18,76.5,44.6,7.5,68.2,37.0,8.7,4.8,4.0,0.15,5.9,1
USR-1334,0,4,1,2,2,2,2,2,3,1,19,77.7,53.4,7.3,84.7,45.0,8.4,3.5,3.0,-0.19,7.1,1
USR-1335,0,3,3,1,1,3,4,3,3,1,20,76.1,63.6,6.3,86.3,50.0,9.3,3.9,4.0,0.19,4.5,1
USR-1336,4,4,1,3,1,0,3,3,1,3,19,80.0,54.9,7.6,83.2,45.0,8.8,7.1,3.0,0.1,5.6,1
USR-1337,3,3,1,4,2,1,1,0,2,0,19,73.2,58.4,7.4,67.2,33.0,7.9,4.7,3.0,-0.26,5.4,1
USR-1338,2,3,2,2,3,2,2,0,3,2,23,86.8,59.9,6.2,78.6,27.0,9.6,6.4,3.0,-0.19,5.6,1
USR-1339,0,3,2,2,1,0,2,2,3,3,20,80.6,62.1,6.4,85.2,24.0,9.2,5.4,3.0,-0.24,4.7,1
USR-1340,2,4,1,3,3,3,3,1,3,3,22,74.6,49.0,7.5,83.2,38.0,12.1,5.8,4.0,-0.35,7.0,1
USR-1341,2,3,3,2,2,2,2,3,2,1,20,86.0,54.0,6.9,70.0,45.0,8.3,5.9,5.0,0.17,4.4,1
USR-1342,1,3,3,4,2,1,3,2,3,2,18,76.6,64.7,7.8,83.6,49.0,7.7,3.2,3.0,-0.24,3.7,0
USR-1343,2,1,3,3,3,0,3,3,2,4,16,70.4,67.5,5.2,89.0,56.0,8.7,6.3,3.0,-0.14,3.9,1
USR-1344,2,2,2,0,2,3,2,2,3,3,25,87.4,48.0,6.4,73.4,50.0,8.6,6.0,2.0,0.25,4.9,2
USR-1345,3,3,0,4,3,3,4,3,2,3,16,76.5,59.6,5.8,72.7,26.0,7.1,4.5,4.0,0.03,3.7,0
USR-1346,3,1,1,3,1,2,3,3,4,2,19,67.8,58.4,6.8,81.9,43.0,7.1,5.8,3.0,0.16,4.2,1
USR-1347,0,1,4,4,3,3,3,4,1,1,12,67.9,75.9,8.0,88.3,52.0,6.9,3.8,4.0,0.46,3.6,0
USR-1348,2,2,3,3,0,1,4,3,3,1,18,77.1,66.0,8.3,77.8,39.0,7.8,5.5,4.0,0.21,6.0,1
USR-1349,3,1,3,4,1,3,1,2,3,2,23,69.3,56.8,5.7,68.8,24.0,7.9,5.7,2.0,-0.06,5.4,2
USR-1350,2,1,0,1,3,0,1,1,1,2,16,74.4,51.4,6.7,84.9,59.0,8.1,5.7,3.0,0.11,5.1,1
USR-1351,4,2,2,2,4,2,4,3,0,2,15,73.9,59.1,7.1,76.9,36.0,5.4,4.7,4.0,0.26,4.8,1
USR-1352,3,4,0,4,1,3,3,4,3,3,20,71.6,53.2,6.0,79.0,11.0,9.6,4.5,4.0,-0.04,3.5,1
USR-1353,1,2,3,1,2,4,4,1,1,3,22,80.6,63.8,7.4,83.3,35.0,8.6,6.1,4.0,0.08,5.2,1
USR-1354,0,1,4,0,2,2,0,1,1,1,22,79.3,50.6,6.5,67.2,32.0,8.8,5.5,3.0,-0.11,5.4,1
USR-1355,3,0,4,3,1,3,3,1,4,3,25,75.9,58.8,6.4,77.8,54.0,10.5,4.3,2.0,-0.18,6.6,2
USR-1356,0,3,2,3,3,3,1,3,3,3,20,82.1,50.4,7.2,76.0,43.0,9.4,5.7,3.0,0.38,5.7,1
USR-1357,3,2,2,1,3,4,2,2,1,0,20,81.7,51.1,6.7,76.1,34.0,8.2,5.0,2.0,-0.1,5.5,1
USR-1358,4,3,4,4,1,2,1,0,3,0,26,81.3,51.4,5.6,75.1,28.0,10.4,6.6,3.0,-0.18,5.8,2
USR-1359,3,3,3,3,2,2,1,4,2,3,22,78.3,65.0,6.5,71.6,33.0,11.2,4.9,3.0,0.03,5.2,1
USR-1360,2,3,0,2,3,4,0,2,4,2,24,84.6,48.3,5.7,68.1,60.0,8.4,4.8,2.0,-0.02,4.9,2
USR-1361,3,1,2,3,2,0,3,2,3,1,16,73.0,39.5,7.2,71.1,50.0,9.3,6.2,3.0,0.18,4.5,1
USR-1362,2,3,1,2,3,1,2,2,3,0,17,65.2,46.2,7.8,85.4,24.0,7.2,6.0,4.0,-0.16,4.3,1
USR-1363,2,1,2,1,0,0,1,2,1,1,19,79.1,58.6,5.9,75.9,36.0,10.3,5.4,3.0,0.06,5.5,1
USR-1364,4,4,2,2,3,4,2,2,3,4,28,80.4,33.2,4.8,73.8,28.0,9.3,6.9,2.0,-0.19,7.5,3
USR-1365,2,3,3,2,1,0,1,2,0,3,21,76.4,46.8,6.7,73.8,23.0,8.2,6.4,5.0,0.2,5.2,1
USR-1366,4,2,2,2,3,4,4,2,0,2,19,83.9,56.3,6.2,71.9,17.0,10.2,5.4,3.0,0.18,5.3,1
USR-1367,4,1,1,3,2,2,2,3,3,4,21,77.7,34.2,6.7,79.5,44.0,10.0,4.4,4.0,0.21,5.3,2
USR-1368,1,1,2,3,2,0,2,3,0,3,13,71.4,60.7,7.6,83.9,36.0,7.1,4.9,4.0,0.01,2.9,0
USR-1369,0,3,3,3,4,2,3,2,3,3,18,78.3,48.2,5.2,77.3,55.0,8.9,6.3,2.0,-0.14,4.2,1
USR-1370,1,1,3,3,0,1,3,2,4,2,20,80.0,43.0,7.3,78.5,38.0,8.1,6.1,3.0,0.07,3.4,1
USR-1371,0,3,2,1,2,3,3,4,2,3,19,72.0,49.8,5.9,72.9,33.0,6.9,5.4,4.0,0.26,4.7,1
USR-1372,0,1,4,0,2,3,3,0,0,1,20,77.2,46.4,6.7,82.3,8.0,9.2,6.1,3.0,-0.04,4.8,1
USR-1373,3,3,4,4,2,2,4,0,3,2,23,80.3,55.0,6.0,81.2,49.0,9.0,5.7,2.0,-0.24,5.0,1
USR-1374,0,3,1,0,4,0,1,2,4,0,17,76.2,68.3,6.6,83.0,44.0,7.4,6.2,4.0,-0.23,5.3,0
USR-1375,2,3,0,1,3,3,4,3,3,1,17,76.3,55.8,8.4,77.4,35.0,10.1,6.5,3.0,0.16,5.0,1
USR-1376,4,3,3,3,0,4,3,1,3,0,26,95.7,42.7,6.5,72.8,20.0,8.8,5.0,3.0,-0.2,7.0,3
USR-1377,0,1,3,2,3,3,3,3,1,2,15,67.2,57.9,7.9,88.6,62.0,8.4,6.0,6.0,0.06,4.7,0
USR-1378,3,0,4,4,2,3,3,3,0,4,18,80.7,48.6,7.0,84.9,27.0,10.0,7.5,4.0,0.24,4.8,1
USR-1379,2,3,4,2,4,1,3,4,3,2,18,81.7,47.2,7.4,88.5,35.0,8.4,5.8,4.0,0.04,4.8,1
USR-1380,1,2,3,0,2,4,0,1,1,3,27,86.1,33.1,6.5,67.8,36.0,9.2,7.4,2.0,-0.21,7.4,3
USR-1381,3,2,2,2,3,2,1,3,4,3,23,76.9,40.6,6.7,70.4,52.0,9.8,5.2,2.0,0.09,6.4,3
USR-1382,3,0,0,3,2,0,4,0,2,2,14,80.6,75.6,8.2,82.2,42.0,8.6,4.2,5.0,0.62,4.8,0
USR-1383,4,1,1,2,2,4,2,3,2,1,20,66.5,49.5,6.9,79.0,29.0,10.1,5.3,3.0,-0.09,5.2,1
USR-1384,3,0,2,2,2,4,2,2,3,4,24,77.6,26.5,8.2,73.3,32.0,11.8,5.6,3.0,-0.3,5.3,2
USR-1385,3,4,3,4,1,3,3,2,3,0,22,85.1,47.8,7.3,73.6,46.0,8.8,4.4,5.0,-0.26,5.9,2
USR-1386,2,1,2,4,3,1,2,4,3,3,15,71.3,48.5,6.3,87.1,57.0,8.5,4.7,3.0,0.25,3.7,1
USR-1387,1,2,3,1,2,1,0,0,4,3,27,91.6,46.7,6.0,71.3,13.0,8.5,7.2,4.0,-0.43,7.3,3
USR-1388,3,0,1,2,4,2,3,2,4,2,17,67.3,58.4,7.3,73.2,42.0,9.3,3.8,4.0,0.02,4.8,1
USR-1389,3,3,3,2,1,4,3,1,4,1,27,78.1,46.7,6.2,66.3,12.0,10.3,6.6,2.0,-0.27,6.8,3
USR-1390,4,2,0,4,3,1,1,3,3,2,17,72.2,58.4,7.6,80.5,51.0,8.3,5.3,4.0,0.4,4.3,0
USR-1391,2,4,2,4,4,3,4,0,3,4,22,81.3,49.5,7.2,90.5,40.0,8.6,5.4,3.0,0.18,6.5,2
USR-1392,2,4,3,1,3,2,1,3,3,3,25,80.8,37.1,5.2,68.4,21.0,9.3,6.6,4.0,-0.46,7.1,3
USR-1393,3,2,3,3,4,3,2,3,1,4,20,75.0,54.4,7.8,75.4,56.0,9.3,5.9,4.0,0.32,4.8,1
USR-1394,2,4,4,2,3,4,1,3,1,2,24,88.1,58.2,6.0,86.0,37.0,8.4,5.6,3.0,-0.36,5.1,2
USR-1395,4,4,1,0,2,2,3,1,0,2,23,87.7,65.8,6.0,72.3,37.0,9.1,6.9,4.0,-0.06,6.0,2
USR-1396,4,3,2,0,3,2,2,3,1,0,20,75.4,53.1,6.3,79.3,35.0,9.0,6.1,3.0,-0.17,6.2,1
USR-1397,2,4,2,2,1,3,2,0,2,4,28,76.0,44.0,6.7,80.4,28.0,8.4,8.1,3.0,-0.32,5.9,3
USR-1398,3,1,2,2,2,2,3,4,1,2,16,63.2,64.0,6.9,75.2,37.0,7.1,4.9,6.0,-0.08,4.8,1
USR-1399,3,3,4,0,1,3,0,3,4,2,31,88.3,53.2,5.3,67.2,16.0,9.9,6.6,4.0,0.01,6.9,3
USR-1400,1,0,3,3,3,3,3,2,3,4,19,79.9,52.4,6.5,75.3,53.0,10.7,5.2,3.0,0.0,4.2,1
USR-1401,4,0,4,2,2,1,3,3,0,2,17,75.2,64.3,5.6,71.7,35.0,7.6,6.3,4.0,0.14,5.4,1
USR-1402,2,4,1,2,2,4,4,0,1,3,23,79.8,44.7,5.8,82.6,28.0,9.4,5.7,2.0,-0.3,6.4,2
USR-1403,3,2,4,2,1,1,3,2,3,1,22,75.2,55.1,5.6,72.6,34.0,8.1,5.7,4.0,-0.34,5.6,2
USR-1404,2,3,0,1,4,4,0,2,3,2,23,83.4,59.0,6.3,70.4,51.0,8.5,7.8,3.0,-0.18,6.5,2
USR-1405,4,3,4,2,0,1,0,4,4,4,30,94.6,32.2,6.4,67.3,40.0,8.8,5.4,2.0,-0.2,7.9,3
USR-1406,2,4,2,1,0,3,4,4,4,2,24,69.9,45.8,6.8,78.6,28.0,10.4,6.4,4.0,-0.14,4.9,1
USR-1407,0,4,2,2,1,2,4,3,4,1,19,76.2,63.9,7.8,78.3,53.0,7.3,5.3,3.0,0.22,5.1,1
USR-1408,4,1,2,1,4,2,2,4,2,0,16,69.1,64.9,7.9,76.0,43.0,9.5,4.7,3.0,0.14,5.5,0
USR-1409,0,0,4,2,4,2,3,2,1,2,14,64.8,70.8,6.9,83.5,34.0,8.7,3.8,4.0,0.18,4.4,0
USR-1410,2,2,0,1,3,3,2,4,3,3,19,71.0,63.0,6.9,81.8,33.0,8.8,4.7,3.0,0.14,2.9,0
USR-1411,4,1,2,3,4,2,4,2,2,0,14,74.1,59.8,7.2,81.4,61.0,9.2,4.3,4.0,0.2,3.1,0
USR-1412,4,0,4,3,1,4,4,3,3,3,23,82.1,68.8,4.8,73.6,59.0,13.2,6.4,4.0,0.1,6.7,2
USR-1413,3,2,2,1,4,2,4,3,2,2,17,82.2,59.8,6.0,84.3,45.0,9.1,6.0,3.0,0.2,4.2,1
USR-1414,3,3,1,2,1,3,4,0,3,3,25,81.9,24.3,6.2,72.4,25.0,8.4,4.3,3.0,0.03,7.2,3
USR-1415,2,3,2,0,1,3,4,2,1,0,20,68.7,52.7,6.6,85.0,36.0,10.8,4.3,3.0,0.14,6.9,2
USR-1416,2,2,2,3,1,1,1,0,2,3,23,78.9,47.5,6.9,71.0,25.0,9.7,6.4,2.0,0.18,5.7,2
USR-1417,2,3,4,1,3,2,3,4,3,2,21,71.4,60.1,7.0,72.3,29.0,11.7,6.3,3.0,0.14,5.0,1
USR-1418,3,1,3,2,3,2,3,1,4,2,22,73.2,48.9,5.2,71.0,27.0,8.7,4.3,5.0,0.29,4.9,2
USR-1419,3,0,2,2,2,2,4,2,1,4,18,78.7,66.3,7.3,77.3,39.0,10.2,6.1,4.0,-0.05,5.4,1
USR-1420,3,3,4,4,4,2,3,3,4,1,19,77.6,60.7,7.0,77.8,40.0,8.8,5.4,4.0,0.2,4.6,1
USR-1421,3,3,2,2,2,3,0,1,3,2,27,86.6,38.2,6.6,65.1,28.0,13.2,7.1,2.0,-0.49,6.4,3
USR-1422,0,3,0,3,1,1,3,2,3,2,16,72.2,58.9,8.0,80.5,39.0,8.1,4.1,3.0,0.31,3.5,0
USR-1423,2,0,1,2,2,3,3,3,3,2,17,78.8,52.5,6.9,82.1,50.0,12.2,3.7,2.0,0.1,4.3,1
USR-1424,0,3,2,4,3,4,1,1,3,2,21,76.3,55.2,7.7,68.9,34.0,9.7,5.3,5.0,0.16,4.9,1
USR-1425,2,3,1,3,3,3,2,3,1,0,15,78.7,55.0,6.5,78.1,41.0,9.3,4.6,4.0,0.49,2.6,0
USR-1426,2,3,4,2,2,3,3,2,1,3,23,81.8,51.8,5.7,77.6,32.0,11.5,5.6,3.0,0.07,5.2,2
USR-1427,4,3,3,4,3,0,2,1,4,3,23,79.1,49.1,6.8,69.3,53.0,8.5,5.5,3.0,-0.17,6.5,2
USR-1428,2,4,1,2,1,4,2,2,3,3,26,83.8,46.3,5.9,70.9,25.0,11.1,7.9,4.0,-0.4,7.6,3
USR-1429,1,3,3,3,3,2,1,2,1,0,17,74.8,75.2,7.2,84.7,48.0,8.2,3.4,4.0,0.2,4.5,0
USR-1430,1,3,3,3,4,3,4,4,3,2,16,82.0,57.1,8.7,89.0,33.0,8.6,4.2,3.0,0.06,4.4,0
USR-1431,3,4,4,1,0,4,3,4,2,3,28,85.7,29.5,6.4,73.2,33.0,10.3,6.1,4.0,-0.11,7.2,3
USR-1432,3,3,4,3,4,3,0,2,1,1,22,79.2,60.6,6.7,74.7,42.0,10.0,5.8,3.0,-0.16,7.2,1
USR-1433,1,2,2,2,3,3,3,2,2,3,19,75.4,64.3,6.1,75.2,52.0,9.5,6.1,2.0,-0.16,4.2,0
USR-1434,0,3,3,2,1,2,3,2,2,0,18,80.0,41.7,5.6,83.1,35.0,8.0,6.1,2.0,0.01,3.8,1
USR-1435,3,2,3,2,4,0,0,1,0,2,19,80.2,50.6,6.8,83.4,25.0,9.0,6.5,3.0,0.13,5.0,1
USR-1436,0,1,2,3,2,3,2,2,2,4,19,75.3,59.7,7.7,72.0,29.0,6.0,5.9,4.0,0.05,5.4,1
USR-1437,3,3,1,1,2,0,3,3,3,3,20,71.7,59.2,6.5,81.6,49.0,10.2,3.8,4.0,-0.16,5.2,1
USR-1438,3,4,1,0,1,3,2,2,0,3,25,77.4,48.7,6.6,70.2,57.0,11.8,4.5,2.0,0.21,5.2,3
USR-1439,0,4,2,3,1,0,3,1,2,4,20,76.6,55.1,7.9,72.7,48.0,9.2,6.6,3.0,-0.03,6.0,1
USR-1440,0,2,1,1,3,4,2,2,1,3,19,83.4,48.7,8.0,77.0,23.0,6.9,6.5,3.0,-0.42,4.9,1
USR-1441,4,2,0,1,3,1,1,0,0,2,20,76.2,35.8,7.1,82.0,47.0,9.9,6.1,4.0,0.19,5.7,2
USR-1442,2,1,3,1,4,2,4,3,1,4,17,71.9,75.1,7.1,80.8,30.0,7.6,4.3,5.0,0.09,5.9,1
USR-1443,2,4,0,2,1,3,1,2,1,3,23,71.3,43.5,5.3,76.2,30.0,9.7,5.6,5.0,-0.12,4.7,2
USR-1444,3,4,3,2,1,2,3,2,1,3,24,88.6,51.4,5.9,75.8,35.0,10.4,5.6,3.0,-0.16,4.7,2
USR-1445,4,3,2,0,0,2,1,2,3,2,29,88.2,42.5,5.7,72.6,32.0,11.0,5.6,4.0,-0.31,7.6,3
USR-1446,4,3,4,4,2,2,2,4,2,4,23,84.1,58.4,5.8,74.2,35.0,10.7,6.1,2.0,0.24,4.3,1
USR-1447,3,3,2,3,4,2,2,0,1,2,20,82.3,55.9,6.9,80.2,30.0,9.2,7.7,3.0,0.09,4.9,1
USR-1448,2,3,0,2,3,2,1,4,1,0,14,71.4,63.7,8.8,78.2,57.0,8.3,4.3,3.0,0.23,3.5,0
USR-1449,0,0,2,2,2,2,2,2,2,1,15,73.5,40.2,8.4,84.0,37.0,9.1,6.2,4.0,0.1,4.5,1
USR-1450,3,2,4,2,4,3,1,4,3,1,21,85.8,47.1,6.9,80.5,51.0,9.1,4.7,3.0,0.32,4.9,1
USR-1451,2,3,4,3,3,1,2,3,2,2,19,77.5,62.2,7.5,81.2,22.0,8.0,3.8,1.0,0.2,5.4,1
USR-1452,2,3,2,1,0,4,3,1,1,3,26,85.7,52.7,5.6,76.3,33.0,10.4,7.2,4.0,0.02,5.7,2
USR-1453,4,2,2,1,3,2,0,3,2,3,24,85.4,42.4,7.6,76.3,18.0,8.2,5.8,4.0,-0.06,5.1,2
USR-1454,1,4,4,4,2,1,4,3,2,1,16,77.2,47.4,5.9,85.9,32.0,8.3,6.3,3.0,0.32,4.4,1
USR-1455,2,1,1,1,1,2,1,0,0,3,22,78.6,53.5,7.3,64.1,29.0,7.6,7.2,3.0,0.02,5.8,2
USR-1456,0,2,3,2,1,4,1,1,3,2,25,81.7,25.5,6.7,77.5,50.0,9.1,5.8,2.0,-0.22,6.5,3
USR-1457,2,3,2,4,2,0,3,3,2,2,15,77.0,52.1,6.6,90.6,59.0,7.6,6.2,3.0,0.22,5.4,1
USR-1458,0,3,0,3,2,3,2,3,0,2,14,76.1,76.6,7.1,78.4,55.0,6.9,3.9,5.0,0.6,5.0,0
USR-1459,1,3,2,2,2,2,2,3,3,4,22,85.1,64.1,5.7,71.8,36.0,10.6,4.9,2.0,-0.02,6.0,1
USR-1460,1,1,1,3,1,1,1,3,3,2,17,77.6,62.6,6.1,85.7,43.0,9.8,6.2,4.0,0.34,5.3,1
USR-1461,3,1,3,0,3,3,3,3,3,0,20,80.5,57.5,5.5,72.4,53.0,10.6,4.0,2.0,0.24,5.5,1
USR-1462,3,3,4,3,4,2,3,3,2,2,19,74.4,40.6,7.5,74.4,47.0,8.6,5.4,4.0,0.14,6.0,1
USR-1463,3,3,1,2,3,2,1,3,2,3,21,75.5,47.8,7.6,77.1,37.0,8.6,6.9,4.0,0.3,5.8,2
USR-1464,4,1,3,3,2,3,2,1,2,3,24,84.9,47.6,4.7,70.0,51.0,10.6,7.3,3.0,-0.55,5.7,3
USR-1465,2,3,0,4,1,3,3,4,3,1,16,71.1,54.2,8.6,84.4,52.0,8.6,4.6,4.0,-0.25,3.8,0
USR-1466,2,2,2,4,1,4,3,0,3,1,22,79.1,49.7,6.6,71.5,38.0,9.4,6.8,4.0,0.29,6.6,2
USR-1467,4,3,0,4,1,3,1,2,0,3,21,85.3,64.1,6.9,78.1,31.0,6.1,4.5,3.0,-0.16,5.3,1
USR-1468,1,3,4,2,2,3,2,3,3,3,24,87.1,45.7,5.2,75.4,26.0,10.5,5.3,2.0,-0.1,7.6,3
USR-1469,4,1,3,2,3,3,1,2,3,2,24,82.5,47.3,7.5,82.3,29.0,10.3,6.2,2.0,0.23,5.2,2
USR-1470,0,0,3,2,3,0,2,0,2,4,18,74.3,63.4,7.1,84.3,45.0,8.7,5.6,2.0,0.1,5.8,1
USR-1471,4,3,3,3,3,3,4,0,4,4,27,83.0,34.9,7.0,69.1,40.0,11.0,5.3,3.0,0.13,6.4,3
USR-1472,0,3,3,4,2,3,2,3,4,1,19,81.0,49.5,7.8,71.4,21.0,9.6,7.2,3.0,-0.05,5.4,1
USR-1473,4,3,4,1,2,0,2,4,1,3,22,79.1,46.6,7.6,79.7,12.0,8.5,3.9,3.0,0.06,4.6,1
USR-1474,2,3,3,4,3,2,4,2,4,0,17,72.1,59.2,6.5,76.0,29.0,8.3,5.2,2.0,0.1,3.1,0
USR-1475,4,3,4,3,2,0,3,2,2,3,22,85.3,49.7,6.4,73.8,30.0,8.1,5.9,3.0,0.24,6.9,2
USR-1476,0,4,2,4,1,3,3,2,3,2,20,78.4,52.5,6.3,71.7,52.0,10.8,3.8,4.0,-0.05,4.9,1
USR-1477,2,2,1,4,2,2,1,1,3,1,19,73.7,50.9,7.6,81.1,35.0,10.0,6.7,4.0,-0.16,5.8,1
USR-1478,4,2,2,1,1,4,3,0,2,3,28,86.9,36.4,6.3,67.8,32.0,9.2,5.8,1.0,-0.33,6.4,3
USR-1479,2,2,1,1,0,1,3,1,2,3,22,84.1,57.4,7.4,75.3,40.0,10.0,5.8,3.0,-0.14,6.5,2
USR-1480,3,1,3,1,3,3,2,2,4,1,23,75.1,48.5,7.4,74.7,22.0,9.8,6.2,2.0,-0.22,5.5,2
USR-1481,3,3,2,2,4,1,4,1,1,0,15,72.1,66.2,5.8,81.7,61.0,7.4,3.4,4.0,0.01,3.2,0
USR-1482,2,1,3,3,1,3,4,0,1,2,20,76.3,46.1,7.8,80.3,30.0,9.1,4.4,3.0,0.22,5.8,1
USR-1483,3,4,0,3,0,3,3,3,2,3,22,81.5,47.2,7.3,74.3,54.0,10.3,7.3,4.0,0.22,6.4,2
USR-1484,3,3,1,4,3,3,2,4,4,3,20,80.7,53.2,6.5,73.3,36.0,10.1,5.4,3.0,0.08,5.8,2
USR-1485,4,3,2,3,1,3,2,4,4,2,24,78.2,49.0,6.7,64.7,29.0,12.4,3.3,3.0,-0.25,6.0,2
USR-1486,0,2,4,0,2,4,1,3,1,3,24,73.5,56.0,6.3,74.5,20.0,9.7,5.7,3.0,-0.24,4.7,2
USR-1487,2,0,2,1,0,0,2,0,4,3,24,86.2,46.6,6.9,73.2,35.0,9.3,6.0,3.0,-0.53,5.2,2
USR-1488,4,0,2,0,1,2,3,3,1,2,20,71.9,61.0,6.5,73.4,65.0,9.7,5.7,3.0,0.08,4.7,1
USR-1489,4,2,3,2,3,3,2,1,4,3,27,85.0,49.2,6.5,72.1,35.0,9.8,4.4,3.0,-0.35,6.5,3
USR-1490,2,0,3,2,3,2,4,3,3,2,16,73.3,59.1,7.2,84.3,45.0,7.7,5.0,3.0,0.41,5.3,1
USR-1491,3,3,2,0,1,1,1,3,0,4,24,81.8,42.4,6.1,79.6,25.0,8.5,5.2,4.0,-0.4,6.0,3
USR-1492,1,4,2,2,2,2,2,3,0,1,17,83.1,64.8,7.2,71.6,48.0,4.4,5.3,4.0,-0.03,2.9,0
USR-1493,1,4,1,1,1,2,3,4,1,1,17,90.1,51.3,9.2,77.4,43.0,9.4,5.6,3.0,0.07,2.5,0
USR-1494,2,3,4,3,0,2,2,3,1,1,21,70.2,53.6,6.1,81.1,36.0,7.2,6.0,4.0,0.06,4.9,2
USR-1495,2,1,1,2,4,3,4,3,3,3,16,78.9,59.6,6.9,88.0,48.0,7.3,6.4,4.0,0.48,4.0,1
USR-1496,3,4,2,2,3,2,4,1,1,2,20,76.7,53.3,6.2,72.9,16.0,9.4,7.7,4.0,-0.27,5.5,1
USR-1497,0,4,0,2,2,0,1,4,4,2,17,80.1,55.6,6.6,86.1,40.0,8.2,4.0,4.0,0.03,3.5,1
USR-1498,4,1,1,4,3,0,1,1,3,4,20,82.3,48.4,7.4,70.2,23.0,11.6,5.1,3.0,-0.29,4.1,1
USR-1499,4,3,3,1,4,4,1,4,3,4,27,90.7,33.3,6.7,77.5,30.0,8.2,7.1,3.0,-0.05,7.1,3
USR-1500,3,2,1,2,3,4,3,2,1,4,21,79.8,65.0,6.7,74.8,28.0,11.8,5.5,3.0,-0.16,6.5,1
USR-1501,2,3,0,3,0,3,2,1,4,1,23,75.7,47.3,7.3,82.6,26.0,11.1,3.2,4.0,-0.11,4.3,1
USR-1502,2,4,2,2,1,2,3,3,3,4,24,85.6,49.0,7.0,71.7,17.0,10.7,5.8,4.0,-0.15,5.5,2
USR-1503,3,0,0,4,3,4,2,0,4,2,20,78.1,53.9,6.6,75.5,51.0,10.7,6.7,4.0,0.02,6.1,2
USR-1504,3,4,0,2,2,3,3,3,4,0,20,76.3,63.8,5.5,76.3,29.0,9.5,4.1,4.0,-0.03,6.0,2
USR-1505,1,3,3,2,4,4,3,1,1,2,20,75.1,70.5,7.4,69.3,30.0,7.0,5.7,4.0,-0.19,4.5,1
USR-1506,4,4,3,0,3,3,2,4,0,2,23,85.2,52.5,6.6,65.9,52.0,10.1,4.0,3.0,-0.07,6.8,2
USR-1507,3,2,4,3,4,2,2,3,3,1,19,84.6,55.0,6.9,80.3,45.0,7.1,6.2,4.0,-0.13,5.1,1
USR-1508,4,4,4,2,1,2,0,3,4,2,30,80.3,33.5,5.5,74.4,2.0,9.9,7.0,1.0,-0.14,7.9,3
USR-1509,3,0,3,1,4,1,2,2,3,3,20,80.6,43.5,7.3,80.0,54.0,8.9,4.9,3.0,0.01,4.7,1
USR-1510,3,2,0,2,2,2,2,0,2,2,21,76.5,39.6,6.9,70.0,56.0,8.1,5.2,2.0,-0.24,5.7,2
USR-1511,2,0,3,2,4,3,2,3,3,2,18,68.4,51.1,6.7,80.9,58.0,9.8,3.8,3.0,0.54,3.9,1
USR-1512,4,4,4,0,1,4,4,1,2,2,30,87.0,25.8,4.9,64.5,34.0,10.2,7.8,1.0,0.03,6.9,3
USR-1513,4,3,3,3,2,3,4,2,1,4,23,76.0,59.9,7.3,76.8,21.0,9.9,5.1,4.0,0.4,5.6,1
USR-1514,0,4,2,3,3,2,3,3,2,0,14,64.4,65.9,7.8,87.2,44.0,8.1,5.3,3.0,0.11,4.1,0
USR-1515,0,4,1,1,2,0,2,2,1,2,17,71.0,56.7,7.2,81.1,23.0,8.7,4.2,4.0,-0.08,6.5,1
USR-1516,2,0,4,2,2,0,3,1,2,1,17,69.7,67.6,4.9,86.6,30.0,7.5,7.3,3.0,0.25,6.7,1
USR-1517,3,2,3,3,4,2,2,1,4,4,24,77.8,41.4,6.4,73.3,20.0,8.2,7.6,1.0,0.1,5.8,2
USR-1518,4,0,4,2,2,2,1,1,3,0,23,73.5,44.7,6.3,73.7,27.0,9.3,7.9,3.0,-0.05,7.1,2
USR-1519,1,1,1,2,3,3,2,4,4,2,17,72.9,43.3,6.5,79.6,43.0,7.4,7.3,3.0,-0.33,3.7,1
USR-1520,3,1,1,2,0,0,0,0,3,2,24,77.4,56.2,7.0,67.3,28.0,11.3,5.4,3.0,-0.32,6.4,1
USR-1521,2,2,1,3,4,4,2,4,2,4,18,77.6,51.0,7.5,76.5,34.0,7.0,4.4,5.0,0.14,4.3,1
USR-1522,4,1,3,4,3,2,2,1,3,1,20,80.5,55.1,7.1,75.4,34.0,11.8,7.5,5.0,-0.13,4.9,1
USR-1523,4,1,1,3,2,4,4,1,4,3,23,81.4,59.3,7.3,73.3,52.0,9.8,5.7,3.0,-0.36,8.0,2
USR-1524,3,1,0,0,0,2,2,3,4,1,22,78.1,63.5,5.8,76.8,61.0,9.4,6.6,2.0,-0.11,5.4,1
USR-1525,2,1,4,2,3,1,4,0,3,4,22,77.9,52.3,6.2,68.1,30.0,8.7,5.1,2.0,-0.71,5.2,1
USR-1526,2,4,0,4,0,3,1,3,1,3,21,74.2,56.8,6.7,70.5,40.0,9.9,5.0,4.0,-0.15,4.7,1
USR-1527,1,3,3,0,0,3,1,4,0,3,24,76.9,42.8,5.9,79.7,23.0,9.4,6.8,3.0,-0.21,5.5,2
USR-1528,0,4,2,4,3,2,2,0,1,2,18,79.3,71.0,7.5,68.5,49.0,9.1,3.3,2.0,0.12,3.7,0
USR-1529,4,2,4,4,1,2,3,3,4,2,23,71.3,49.9,6.1,77.8,28.0,10.5,6.7,3.0,0.02,6.1,3
USR-1530,3,1,2,0,1,0,0,2,2,1,22,78.8,53.1,7.6,73.6,27.0,10.1,6.3,4.0,0.02,5.8,1
USR-1531,4,3,4,4,3,3,1,1,4,3,28,82.9,41.7,5.3,71.8,53.0,11.7,6.0,3.0,-0.06,7.2,3
USR-1532,4,2,4,2,0,4,2,1,2,4,31,90.1,50.8,7.5,76.5,9.0,11.3,6.9,2.0,-0.36,7.6,3
USR-1533,2,2,0,4,2,0,2,4,3,2,13,64.2,65.3,9.0,81.6,16.0,6.8,4.8,4.0,-0.08,3.3,0
USR-1534,3,1,0,2,1,1,3,1,0,4,18,75.8,63.6,6.8,81.6,49.0,6.2,5.5,3.0,0.07,4.3,0
USR-1535,4,1,1,2,3,4,2,4,1,1,17,76.6,61.6,7.9,79.5,36.0,8.8,5.8,4.0,-0.09,4.7,1
USR-1536,4,1,3,3,3,2,1,2,2,4,23,70.6,49.5,6.2,74.2,26.0,9.7,5.1,3.0,-0.36,5.8,2
USR-1537,1,2,4,3,3,3,4,0,3,2,21,73.0,61.2,7.5,75.1,69.0,11.5,8.3,4.0,0.09,5.0,1
USR-1538,2,3,2,0,1,2,2,2,1,2,23,79.7,54.0,6.3,78.3,43.0,9.3,5.7,3.0,-0.37,5.7,2
USR-1539,1,0,3,3,0,3,3,3,3,2,19,79.2,48.6,5.8,74.1,38.0,9.3,5.2,3.0,0.17,6.3,1
USR-1540,4,1,1,1,0,2,3,3,2,3,22,80.2,44.6,3.7,69.8,27.0,10.2,7.7,3.0,-0.32,7.3,3
USR-1541,3,3,3,2,2,2,4,2,3,3,23,82.9,52.4,6.3,75.1,39.0,10.1,4.0,3.0,-0.15,5.7,2
USR-1542,1,1,4,2,4,0,2,4,0,2,12,65.1,72.3,7.7,84.0,26.0,8.8,6.4,4.0,0.13,3.0,0
USR-1543,3,2,1,2,1,3,3,1,3,2,23,72.2,64.4,7.6,65.6,28.0,8.5,6.0,4.0,0.14,5.9,1
USR-1544,3,4,2,2,1,3,2,4,2,0,21,78.8,39.5,6.7,76.2,36.0,8.0,5.1,3.0,0.09,6.4,2
USR-1545,2,1,0,1,1,3,3,4,3,2,18,69.6,57.7,7.7,72.4,42.0,8.4,4.1,3.0,-0.1,4.8,1
USR-1546,1,0,2,1,3,3,2,3,2,2,17,70.5,62.7,6.6,82.4,39.0,5.9,3.9,4.0,0.06,4.9,1
USR-1547,3,2,2,0,3,1,2,3,3,2,21,83.0,56.1,6.4,67.2,28.0,9.1,5.3,2.0,0.24,4.9,2
USR-1548,2,2,1,2,3,0,4,2,4,2,16,74.9,68.1,7.9,89.6,53.0,7.6,5.3,4.0,0.42,3.5,0
USR-1549,3,3,2,4,4,3,0,3,0,3,19,73.8,61.5,4.9,76.1,19.0,9.2,6.0,5.0,-0.24,5.6,2
USR-1550,2,3,2,1,2,2,4,3,0,3,18,72.3,49.6,6.9,74.2,36.0,8.4,5.5,3.0,0.32,5.0,1
USR-1551,4,1,2,4,1,2,4,2,3,1,18,78.9,49.4,6.6,77.1,34.0,7.5,4.7,4.0,0.31,5.3,1
USR-1552,2,3,3,3,2,1,2,3,3,3,21,79.4,56.2,7.8,79.0,49.0,10.7,7.0,3.0,0.01,4.1,1
USR-1553,3,2,0,3,3,0,2,1,2,0,14,66.2,70.4,6.9,86.0,39.0,8.2,7.4,4.0,0.16,5.4,0
USR-1554,4,1,3,3,3,2,2,2,2,3,21,68.6,54.9,7.1,74.9,42.0,10.2,7.1,3.0,-0.14,5.7,1
USR-1555,2,3,3,3,2,3,4,2,0,1,17,84.3,46.1,7.7,72.1,45.0,8.8,4.8,4.0,-0.16,3.2,1
USR-1556,1,1,2,1,3,4,1,1,1,3,22,73.1,44.1,5.4,69.4,13.0,9.9,6.3,2.0,0.01,6.5,2
USR-1557,0,2,0,2,3,4,3,2,2,2,16,76.6,65.5,7.0,81.4,41.0,6.8,5.6,4.0,0.09,4.1,0
USR-1558,3,0,3,3,4,4,3,4,3,2,17,82.4,56.0,6.7,84.2,20.0,10.1,6.7,4.0,0.18,4.6,1
USR-1559,3,2,4,3,3,4,4,2,2,3,22,80.0,53.4,7.3,81.1,39.0,10.4,5.4,2.0,0.03,5.3,1
USR-1560,3,2,1,3,3,2,3,3,3,0,15,70.1,69.8,7.7,81.6,34.0,8.2,3.9,4.0,0.65,4.1,0
USR-1561,1,3,2,0,1,1,3,1,4,1,23,73.0,41.6,6.3,79.6,48.0,9.8,7.0,3.0,0.15,5.8,2
USR-1562,1,0,1,3,3,3,1,2,2,3,17,67.7,55.4,6.2,88.8,39.0,9.8,5.5,3.0,0.2,3.3,0
USR-1563,0,2,3,2,4,1,2,1,3,4,20,79.4,50.8,7.6,83.0,28.0,8.6,4.4,3.0,-0.43,5.9,1
USR-1564,2,2,1,2,2,1,1,1,4,2,22,86.5,55.3,6.5,80.1,50.0,7.4,6.5,2.0,0.02,5.8,2
USR-1565,3,3,2,2,3,1,4,3,1,1,15,71.1,67.4,5.9,76.7,33.0,7.8,6.7,3.0,0.47,4.5,1
USR-1566,2,3,3,3,3,2,3,3,2,2,18,73.0,45.7,5.7,83.3,50.0,8.9,4.6,3.0,-0.03,5.5,1
USR-1567,2,3,3,4,0,2,3,1,4,3,25,85.4,48.7,6.7,75.6,37.0,9.7,5.2,1.0,0.29,6.4,2
USR-1568,4,3,2,2,3,1,3,2,4,2,22,75.8,59.5,5.6,78.8,31.0,10.9,5.8,2.0,0.05,5.9,2
USR-1569,2,4,2,3,1,2,2,4,1,4,21,79.7,38.9,8.2,82.6,20.0,8.0,6.3,2.0,0.03,4.3,1
USR-1570,2,2,3,2,4,4,1,1,0,2,21,78.6,53.2,5.9,78.0,51.0,8.2,5.6,3.0,-0.23,4.8,2
USR-1571,3,2,0,1,3,3,2,0,1,0,19,74.6,46.5,6.8,77.2,45.0,7.6,6.5,4.0,0.33,5.1,1
USR-1572,2,4,0,0,1,4,1,3,2,1,24,80.9,44.9,6.5,68.7,24.0,10.1,6.3,2.0,-0.29,6.2,2
USR-1573,3,4,4,0,1,1,3,0,2,2,28,93.3,25.0,5.5,69.5,31.0,8.4,7.5,2.0,-0.35,7.3,3
USR-1574,4,4,0,2,3,1,1,4,3,3,21,81.4,64.9,4.9,77.3,48.0,10.0,4.9,3.0,-0.41,6.6,2
USR-1575,4,2,3,2,2,3,3,3,4,1,23,85.6,48.4,6.6,76.1,35.0,8.3,4.6,3.0,0.09,5.8,2
USR-1576,1,1,4,3,0,2,3,2,2,4,22,74.7,46.0,6.0,76.7,38.0,8.4,5.4,3.0,0.06,6.0,2
USR-1577,4,2,1,3,2,3,2,2,4,2,23,85.6,53.9,6.6,79.5,47.0,11.6,4.5,4.0,-0.09,5.9,2
USR-1578,2,3,2,0,2,3,1,3,0,2,22,82.4,44.2,6.5,79.8,54.0,10.8,6.2,3.0,0.09,5.5,1
USR-1579,1,2,3,1,1,3,2,0,0,0,21,70.9,44.7,6.9,75.9,35.0,9.3,3.6,3.0,0.1,5.3,2
USR-1580,2,2,4,1,3,4,2,4,2,4,24,83.7,62.1,7.6,69.8,17.0,8.0,5.5,3.0,-0.19,5.5,1
USR-1581,4,3,4,2,4,2,3,3,0,3,20,74.9,69.5,6.3,78.9,22.0,11.4,5.2,4.0,-0.16,5.2,1
USR-1582,2,2,3,1,3,1,1,1,2,1,21,70.6,49.0,6.3,87.5,28.0,8.9,4.6,4.0,-0.37,5.3,2
USR-1583,2,4,0,1,3,2,3,3,4,4,22,79.9,61.0,5.2,77.1,24.0,9.6,5.4,2.0,-0.1,5.6,2
USR-1584,3,2,3,4,1,1,3,1,1,2,19,79.3,59.1,6.7,76.3,18.0,9.9,5.4,3.0,-0.23,3.6,1
USR-1585,1,2,2,3,1,2,1,0,3,3,24,81.8,38.7,6.7,76.7,55.0,7.2,7.3,3.0,-0.09,6.0,2
USR-1586,0,2,2,1,1,1,3,3,2,3,18,75.2,50.1,6.5,81.5,46.0,7.9,4.2,3.0,0.03,4.1,1
USR-1587,1,3,0,2,3,2,3,3,0,3,14,70.6,74.9,7.6,84.4,38.0,8.0,5.1,4.0,0.1,3.9,0
USR-1588,1,1,1,2,4,1,3,3,2,4,14,84.6,51.1,7.1,88.4,44.0,8.3,5.3,3.0,0.39,3.1,0
USR-1589,1,1,3,3,3,0,1,1,3,4,20,71.6,73.2,5.7,78.9,16.0,7.4,5.5,3.0,-0.2,5.3,1
USR-1590,1,4,2,2,4,3,1,3,2,4,22,83.6,47.9,6.8,82.1,49.0,9.7,5.3,4.0,-0.43,5.4,1
USR-1591,3,1,2,1,3,3,1,0,3,1,24,81.1,62.6,6.2,75.2,10.0,9.6,4.9,3.0,-0.17,5.6,1
USR-1592,1,3,2,3,2,3,2,3,4,2,21,74.1,51.3,6.8,83.8,42.0,11.2,7.5,3.0,-0.18,5.7,2
USR-1593,2,3,4,2,2,3,3,2,3,3,25,81.6,55.1,5.9,79.3,10.0,11.0,6.2,2.0,-0.13,6.6,3
USR-1594,4,2,3,1,0,1,3,3,1,3,23,73.2,62.4,6.0,79.4,29.0,9.1,5.6,3.0,-0.27,5.8,1
USR-1595,2,3,1,2,0,2,4,4,3,2,19,73.6,67.4,7.0,81.7,54.0,8.6,7.5,2.0,0.11,5.5,1
USR-1596,3,1,1,2,3,1,0,4,2,0,15,72.9,56.6,7.0,92.3,24.0,9.5,5.1,3.0,-0.04,3.9,0
USR-1597,1,2,1,2,2,4,0,4,3,4,23,72.4,44.4,7.9,80.1,32.0,9.8,8.4,3.0,-0.29,6.2,2
USR-1598,1,2,4,1,2,3,3,4,2,4,22,81.8,51.9,7.2,71.3,43.0,7.7,4.3,3.0,0.06,5.6,1
USR-1599,0,3,3,2,2,1,1,3,1,2,18,70.9,47.1,7.4,79.7,45.0,11.2,5.0,3.0,0.05,4.0,1
USR-1600,1,1,2,0,1,2,2,4,3,1,19,69.4,58.2,6.7,76.4,39.0,7.7,4.0,2.0,-0.21,4.4,1
USR-1601,1,3,3,3,2,4,2,4,2,0,18,70.3,50.9,5.3,88.8,46.0,11.7,5.1,4.0,-0.13,5.8,1
USR-1602,1,1,2,1,2,3,1,3,2,1,19,87.5,64.9,6.2,84.0,31.0,9.4,5.2,3.0,-0.04,6.3,1
USR-1603,0,1,3,0,2,3,3,0,4,3,25,72.0,44.2,5.8,83.4,55.0,9.0,5.7,3.0,-0.38,6.9,3
USR-1604,1,1,2,3,3,1,2,0,4,4,21,80.6,39.8,6.4,72.5,17.0,6.3,5.7,2.0,-0.09,5.0,2
USR-1605,2,1,1,3,2,1,3,3,2,0,12,66.7,76.2,7.4,88.5,60.0,8.7,4.1,4.0,0.19,4.7,0
USR-1606,1,3,1,3,3,3,3,2,2,2,17,73.1,60.2,7.5,72.4,43.0,6.7,5.0,3.0,-0.09,5.1,1
USR-1607,2,2,2,2,4,3,1,3,2,3,20,80.5,55.2,7.0,69.0,45.0,9.4,4.7,2.0,0.13,5.5,1
USR-1608,2,4,4,1,4,3,4,2,2,1,21,81.1,62.5,7.6,74.3,46.0,11.5,7.1,2.0,-0.23,6.9,1
USR-1609,3,4,2,3,4,2,2,2,4,3,23,76.7,58.2,6.2,82.3,41.0,8.1,4.8,3.0,0.16,5.2,1
USR-1610,0,3,4,3,1,3,4,3,3,3,21,71.6,47.7,6.9,71.3,27.0,10.0,5.8,3.0,-0.07,6.1,2
USR-1611,3,1,3,1,0,3,1,4,1,3,24,84.1,46.4,6.7,73.9,30.0,8.6,4.8,2.0,-0.25,5.4,2
USR-1612,3,2,1,4,1,1,3,0,2,2,19,79.4,47.3,7.0,83.7,21.0,10.2,4.5,2.0,0.14,4.6,1
USR-1613,0,3,0,1,1,2,2,4,3,3,19,75.2,44.5,7.9,82.0,35.0,8.9,4.6,3.0,0.04,7.1,1
USR-1614,4,2,1,4,4,4,3,3,3,2,18,78.0,62.1,7.6,89.6,44.0,8.7,5.1,4.0,0.21,5.2,1
USR-1615,4,0,3,4,3,2,3,2,3,1,17,72.6,61.9,6.0,79.3,48.0,10.0,5.3,3.0,-0.31,6.1,1
USR-1616,0,2,1,3,0,2,2,2,1,1,16,69.9,66.1,7.0,77.8,47.0,9.2,3.9,4.0,0.22,4.8,0
USR-1617,1,4,2,4,1,3,4,0,0,2,19,76.6,66.5,6.8,72.3,18.0,7.9,5.0,3.0,-0.07,5.4,1
USR-1618,3,3,2,3,1,4,2,0,2,0,24,83.6,56.2,8.1,72.2,26.0,11.7,5.0,4.0,-0.11,5.6,1
USR-1619,3,1,3,1,3,2,1,2,2,2,22,80.8,59.4,6.3,70.0,27.0,7.5,4.7,3.0,-0.08,6.5,1
USR-1620,1,3,1,2,3,2,3,0,0,3,18,78.3,40.9,6.1,69.5,24.0,9.0,6.4,4.0,0.33,4.8,1
USR-1621,1,1,2,0,4,4,3,1,3,3,22,75.4,50.0,6.9,85.3,25.0,8.3,4.4,4.0,-0.43,5.7,1
USR-1622,2,1,2,2,4,3,2,4,2,0,14,80.2,70.2,7.7,81.7,44.0,6.3,4.8,5.0,0.5,3.8,0
USR-1623,2,4,2,3,1,3,2,3,4,2,24,79.3,40.7,6.3,87.0,50.0,8.2,7.7,2.0,0.02,6.0,2
USR-1624,3,1,3,2,2,2,4,3,1,3,18,75.2,58.2,6.7,74.3,28.0,8.6,6.5,2.0,0.09,4.8,1
USR-1625,2,1,1,2,1,2,3,1,0,2,17,68.3,62.9,7.8,77.1,27.0,9.0,5.6,4.0,-0.2,4.7,0
USR-1626,2,0,3,3,2,3,1,3,2,2,19,75.7,59.8,6.2,73.9,31.0,10.1,5.4,4.0,-0.3,5.0,1
USR-1627,3,4,3,4,4,4,1,4,1,3,21,81.0,56.7,6.4,73.0,40.0,10.9,6.4,3.0,-0.14,4.2,1
USR-1628,0,3,2,0,3,4,4,2,4,0,20,81.3,59.8,6.3,81.4,52.0,9.3,5.9,1.0,0.13,5.7,1
USR-1629,1,3,3,2,3,1,3,4,0,1,13,79.2,65.2,8.2,85.1,44.0,7.4,6.0,4.0,0.21,3.7,0
USR-1630,3,3,2,1,2,2,4,4,2,1,18,78.4,45.8,7.2,82.9,22.0,9.9,5.1,2.0,0.18,2.2,0
USR-1631,4,1,1,3,0,2,2,3,4,1,21,79.8,57.8,5.8,83.0,22.0,8.4,6.6,3.0,-0.32,4.2,1
USR-1632,2,2,3,1,0,4,3,3,2,4,26,80.5,49.8,5.5,78.0,33.0,8.0,5.9,3.0,-0.17,6.1,2
USR-1633,2,2,2,3,2,3,3,1,0,2,18,72.4,45.9,8.4,73.5,52.0,9.8,7.1,4.0,0.28,5.8,1
USR-1634,1,0,3,2,3,2,2,1,2,2,18,80.6,68.5,7.8,75.9,62.0,10.3,5.1,5.0,0.35,5.3,1
USR-1635,2,2,2,1,1,0,2,0,2,3,23,84.9,55.5,7.2,75.4,20.0,8.5,4.3,3.0,-0.34,5.3,1
USR-1636,2,4,4,4,3,3,3,0,1,0,20,72.1,44.0,6.8,95.6,39.0,11.4,5.6,2.0,-0.07,5.1,1
USR-1637,1,0,3,0,3,0,2,1,2,1,17,78.5,52.2,8.2,83.1,29.0,9.2,5.9,4.0,0.02,5.5,1
USR-1638,1,2,0,2,2,3,3,4,3,3,17,78.1,54.2,6.1,79.8,30.0,9.1,6.8,4.0,-0.04,4.1,1
USR-1639,2,1,2,0,3,3,3,1,4,4,25,76.3,44.2,6.9,76.6,20.0,9.1,5.1,3.0,0.03,5.4,2
USR-1640,0,1,3,2,2,2,4,4,0,2,12,73.2,67.3,7.1,80.0,42.0,9.0,2.8,4.0,0.81,4.3,0
USR-1641,2,4,3,2,3,2,3,3,1,2,19,71.4,48.4,6.6,79.1,28.0,7.0,5.9,3.0,-0.19,5.9,1
USR-1642,1,2,2,2,3,4,2,1,1,3,21,66.2,62.8,7.2,81.0,66.0,8.7,6.1,4.0,0.05,5.0,1
USR-1643,2,2,4,1,4,2,2,2,3,2,22,78.4,60.9,6.5,75.4,30.0,8.4,4.3,4.0,-0.0,6.1,2
USR-1644,1,3,1,2,2,1,3,1,2,1,17,76.2,63.7,6.7,75.5,53.0,7.0,4.8,3.0,0.15,4.6,1
USR-1645,4,1,2,3,2,4,2,4,4,1,21,77.8,54.1,6.3,75.9,28.0,10.2,5.3,3.0,0.24,5.0,1
USR-1646,3,2,4,3,1,3,1,4,3,2,24,95.3,57.5,4.8,72.4,60.0,10.0,6.8,2.0,-0.05,7.0,3
USR-1647,3,2,4,2,1,3,2,0,1,0,24,82.9,47.8,7.0,67.2,37.0,10.6,5.6,2.0,-0.55,5.6,1
USR-1648,3,3,3,3,3,1,1,4,3,2,20,78.2,49.2,5.9,74.1,48.0,8.7,5.1,4.0,-0.29,5.9,2
USR-1649,2,4,4,1,4,1,3,3,1,3,20,79.6,64.5,8.2,70.0,30.0,10.2,5.6,3.0,-0.21,5.3,1
USR-1650,0,3,0,2,2,0,2,0,1,2,16,71.8,62.5,6.9,73.8,54.0,8.5,3.6,3.0,-0.03,4.3,0
USR-1651,2,2,4,1,1,1,1,3,1,0,20,82.1,49.5,7.8,71.3,42.0,8.4,7.4,3.0,-0.03,4.8,1
USR-1652,3,3,2,1,2,3,4,3,1,2,20,79.3,51.7,5.3,81.8,33.0,8.2,6.4,4.0,-0.04,4.5,1
USR-1653,3,1,1,1,2,1,3,1,3,3,21,80.0,47.9,7.2,83.7,23.0,6.8,4.9,2.0,-0.39,5.3,1
USR-1654,2,0,1,2,2,3,3,3,3,0,15,70.0,77.4,8.0,73.1,40.0,9.6,3.8,5.0,-0.17,3.8,0
USR-1655,1,1,2,3,1,1,3,0,1,0,15,65.3,61.3,8.2,88.7,39.0,9.5,3.8,4.0,-0.27,4.3,0
USR-1656,2,2,1,4,3,2,3,2,4,2,17,72.4,60.0,5.8,73.6,51.0,12.1,5.7,4.0,-0.22,3.7,1
USR-1657,2,2,2,1,0,4,3,0,2,1,25,83.3,54.5,5.8,77.0,29.0,9.3,5.1,3.0,0.05,6.2,2
USR-1658,3,3,1,3,2,1,3,4,0,4,16,71.8,50.3,7.6,81.3,19.0,7.6,4.8,5.0,0.07,4.7,1
USR-1659,3,4,2,3,3,2,4,3,1,3,18,77.2,66.3,7.0,81.7,48.0,6.7,3.6,4.0,-0.13,4.3,1
USR-1660,2,2,3,3,1,2,1,1,3,2,24,79.8,45.1,6.6,68.2,49.0,10.8,6.5,3.0,-0.5,6.7,3
USR-1661,4,2,2,1,3,1,4,2,4,3,22,81.4,67.1,6.3,66.4,15.0,10.2,6.3,4.0,-0.26,6.4,2
USR-1662,3,0,2,1,3,2,2,1,3,2,21,73.5,51.2,7.9,72.2,58.0,11.0,5.4,3.0,0.09,4.5,1
USR-1663,1,0,3,0,3,2,2,3,4,1,19,77.6,64.6,8.9,79.9,55.0,7.8,5.6,3.0,0.13,4.4,0
USR-1664,1,2,4,2,2,3,1,0,2,1,24,77.8,30.0,6.5,83.8,25.0,10.5,6.8,4.0,-0.17,5.0,3
USR-1665,1,2,3,3,2,3,2,4,2,3,19,68.9,46.8,7.2,72.6,25.0,8.2,5.5,4.0,-0.02,5.4,1
USR-1666,1,3,2,0,3,2,3,4,2,0,16,73.2,57.7,7.1,79.5,55.0,10.0,5.8,4.0,-0.23,4.5,0
USR-1667,1,1,3,1,3,0,4,3,3,1,14,79.9,46.3,8.3,77.8,28.0,8.7,3.6,5.0,0.02,2.7,0
USR-1668,1,0,1,3,2,3,4,1,2,1,14,65.0,67.3,7.9,81.4,36.0,6.2,5.1,4.0,0.29,3.5,0
USR-1669,2,2,1,3,1,0,4,2,4,1,16,74.6,62.5,6.2,70.3,26.0,8.2,5.2,3.0,-0.01,4.6,0
USR-1670,1,1,2,2,0,3,2,2,0,3,20,81.5,47.1,6.3,84.5,38.0,6.7,6.7,5.0,0.32,5.3,1
USR-1671,4,0,3,3,0,3,4,3,2,3,21,89.9,53.6,5.9,76.4,54.0,7.8,5.7,4.0,0.21,6.4,2
USR-1672,0,3,1,2,3,1,2,3,2,3,16,71.5,66.5,9.3,84.6,46.0,7.1,4.9,4.0,0.03,3.5,0
USR-1673,2,1,0,1,0,3,4,2,3,3,21,75.2,36.9,7.2,75.1,49.0,8.4,5.1,3.0,-0.08,5.5,2
USR-1674,2,3,1,2,2,4,1,2,1,4,24,75.2,39.8,5.9,75.0,29.0,9.3,7.5,4.0,0.32,5.3,2
USR-1675,4,2,4,3,3,3,2,4,2,0,19,82.3,53.6,6.3,83.4,40.0,9.0,3.0,5.0,0.2,5.1,1
USR-1676,1,1,3,4,2,2,4,0,2,1,16,69.7,60.2,7.7,80.7,27.0,8.5,5.5,3.0,0.13,4.3,1
USR-1677,2,2,1,0,3,3,4,2,3,2,20,75.6,54.5,7.5,77.8,36.0,9.0,5.5,4.0,0.04,5.5,1
USR-1678,4,3,2,2,3,4,3,3,3,2,23,70.9,58.4,7.1,70.8,25.0,9.8,5.7,3.0,-0.06,5.6,1
USR-1679,4,2,2,2,1,2,3,0,3,2,25,86.3,52.6,6.0,70.6,30.0,8.3,5.8,1.0,-0.15,6.9,3
USR-1680,3,3,3,2,3,3,1,3,2,1,22,85.0,58.1,6.8,70.4,33.0,9.4,5.7,2.0,-0.27,5.1,1
USR-1681,1,1,1,0,3,0,3,3,4,1,15,77.4,50.1,7.3,77.1,39.0,10.0,5.4,4.0,0.07,3.4,0
USR-1682,1,3,4,2,2,0,3,3,4,2,20,69.5,56.2,6.0,83.3,63.0,8.8,4.7,4.0,-0.29,5.4,1
USR-1683,3,1,2,3,1,3,0,0,1,4,26,85.8,45.0,5.5,81.5,52.0,10.5,6.4,3.0,-0.04,8.0,3
USR-1684,4,3,3,2,2,3,1,1,1,2,26,74.4,59.2,6.6,66.3,48.0,10.4,6.6,3.0,-0.21,5.3,2
USR-1685,2,3,0,2,4,3,1,2,2,0,17,75.2,60.1,7.2,81.2,62.0,9.6,4.2,6.0,0.25,3.7,1
USR-1686,3,4,2,2,3,4,3,1,2,3,25,82.9,43.4,6.8,71.7,49.0,10.1,6.6,3.0,-0.4,6.5,2
USR-1687,1,2,2,2,1,1,1,4,4,2,20,79.1,61.8,7.4,84.0,37.0,10.0,5.9,3.0,0.28,6.2,1
USR-1688,3,0,2,2,3,1,2,3,3,1,16,76.7,64.5,8.3,80.7,41.0,9.0,4.2,3.0,0.38,4.6,0
USR-1689,1,0,0,3,2,4,2,2,4,2,18,75.7,50.9,6.3,78.5,43.0,9.5,4.1,5.0,-0.25,4.3,1
USR-1690,2,3,3,4,3,1,2,4,1,3,16,64.2,57.2,7.6,76.3,39.0,8.9,4.2,3.0,0.02,4.7,0
USR-1691,2,2,1,2,3,3,3,3,3,3,19,79.3,53.6,7.4,70.1,26.0,7.6,5.5,4.0,-0.05,5.5,1
USR-1692,2,3,3,2,2,2,3,2,2,3,22,79.7,62.3,6.3,79.3,39.0,7.9,5.7,3.0,-0.35,5.1,1
USR-1693,1,1,3,4,3,0,2,2,1,2,13,66.9,65.4,7.5,84.0,27.0,7.5,6.0,3.0,0.16,4.4,0
USR-1694,1,2,3,2,3,2,2,1,3,2,21,70.5,59.6,6.4,78.1,38.0,11.0,5.3,2.0,0.08,5.4,1
USR-1695,3,0,3,2,3,2,2,4,1,1,15,80.8,57.3,8.9,77.8,31.0,8.0,4.0,5.0,0.06,2.8,0
USR-1696,2,4,3,1,1,4,4,2,3,4,28,90.7,47.7,6.1,70.3,28.0,10.6,7.2,2.0,-0.58,6.8,3
USR-1697,3,3,2,3,3,3,2,4,3,3,21,81.9,64.2,7.0,80.2,39.0,6.8,4.6,3.0,0.12,5.0,1
USR-1698,1,4,3,2,4,3,1,2,3,0,21,75.0,50.9,6.5,81.2,32.0,9.4,4.8,2.0,-0.19,6.5,2
USR-1699,2,1,2,3,1,2,3,4,1,3,16,61.4,60.9,6.7,74.1,22.0,8.5,4.2,5.0,-0.02,3.3,0
USR-1700,2,3,3,3,2,2,2,0,3,2,24,84.8,39.1,5.4,70.8,19.0,6.4,3.0,3.0,0.22,5.7,3
USR-1701,0,3,3,1,1,1,4,4,4,4,21,80.2,47.6,7.5,69.3,42.0,9.5,6.2,2.0,0.05,5.7,1
USR-1702,2,2,2,3,3,2,2,4,4,3,19,74.8,53.6,7.5,78.8,32.0,6.9,6.3,3.0,-0.13,7.0,1
USR-1703,1,4,2,3,3,0,3,2,3,1,16,79.6,51.5,6.9,84.4,49.0,7.5,5.9,5.0,-0.12,6.0,1
USR-1704,0,4,2,2,1,1,0,3,3,3,23,84.4,61.8,5.8,73.4,34.0,10.6,7.8,2.0,0.1,5.9,2
USR-1705,4,4,3,1,4,2,2,3,2,2,23,81.0,44.5,6.6,71.4,32.0,9.6,7.4,3.0,0.09,6.2,2
USR-1706,2,3,4,0,1,2,2,4,3,1,24,81.2,56.3,6.0,72.3,37.0,9.1,5.7,4.0,-0.22,6.6,2
USR-1707,3,1,2,2,3,0,3,2,3,3,18,76.0,59.0,6.7,90.0,32.0,8.1,6.4,4.0,-0.19,4.0,1
USR-1708,1,2,3,2,2,3,4,2,3,2,20,80.9,55.2,5.7,83.0,42.0,8.5,5.4,2.0,0.08,5.3,2
USR-1709,3,4,4,2,2,2,2,4,3,0,22,75.0,64.4,6.7,79.2,30.0,9.5,5.3,3.0,0.06,6.8,1
USR-1710,3,0,0,1,1,0,3,3,2,3,16,76.1,41.9,7.3,81.6,72.0,7.0,4.2,3.0,0.05,4.5,1
USR-1711,3,3,1,4,1,4,3,2,1,3,21,73.8,52.2,7.5,76.2,23.0,10.5,5.4,3.0,-0.25,7.0,1
USR-1712,2,3,3,1,3,0,4,4,2,1,15,79.8,52.6,7.1,76.2,39.0,6.9,5.2,4.0,0.15,3.8,1
USR-1713,2,3,3,1,2,4,3,0,1,2,25,84.5,33.1,6.0,67.9,28.0,7.7,7.7,3.0,-0.06,6.2,3
USR-1714,2,4,4,2,1,0,0,3,2,3,25,78.4,39.2,5.1,70.4,16.0,10.9,6.9,3.0,-0.25,6.2,3
USR-1715,4,2,2,2,1,4,3,1,0,1,22,79.7,52.6,7.5,70.7,44.0,8.8,5.0,3.0,-0.01,4.6,1
USR-1716,3,2,0,1,0,0,2,2,2,4,22,75.0,46.7,7.3,72.5,30.0,9.4,4.7,4.0,0.01,6.6,2
USR-1717,4,0,2,1,3,3,0,2,3,0,22,86.8,59.7,6.6,75.0,7.0,10.1,6.3,2.0,0.17,5.4,1
USR-1718,1,2,1,1,3,2,1,2,2,1,18,83.9,55.8,5.9,78.4,48.0,7.8,6.2,2.0,-0.02,5.0,1
USR-1719,3,1,2,3,0,3,4,2,0,1,17,78.4,56.2,6.0,76.1,33.0,8.7,6.4,3.0,-0.14,4.1,1
USR-1720,4,2,3,3,3,2,4,2,2,2,19,84.4,53.7,6.4,80.2,37.0,9.6,5.1,4.0,0.02,6.4,1
USR-1721,1,3,0,2,0,0,3,2,2,3,18,76.5,56.7,7.7,77.6,48.0,10.7,5.7,3.0,0.4,5.8,1
USR-1722,0,4,3,3,4,3,4,1,2,2,18,79.6,54.2,7.2,79.6,35.0,8.1,6.1,3.0,-0.29,4.9,1
USR-1723,3,1,2,3,4,0,3,3,2,2,13,77.5,56.9,6.2,78.5,41.0,7.4,3.3,4.0,-0.25,2.8,0
USR-1724,3,2,3,1,3,4,0,2,4,3,29,85.3,51.7,6.3,73.7,57.0,11.0,6.9,2.0,-0.29,7.8,3
USR-1725,4,4,0,4,4,0,2,2,0,0,12,70.9,60.0,6.8,80.3,21.0,8.1,5.4,3.0,0.16,4.4,0
USR-1726,1,0,2,3,3,2,0,3,3,2,17,79.5,55.7,6.6,87.3,25.0,8.4,5.6,4.0,0.05,3.9,1
USR-1727,3,0,0,1,3,3,0,4,4,0,18,79.0,60.9,7.7,77.4,27.0,10.6,5.2,1.0,0.01,4.7,1
USR-1728,1,1,4,1,3,2,1,3,4,0,20,73.7,57.5,7.4,76.5,59.0,7.0,8.1,4.0,0.2,5.3,1
USR-1729,1,3,3,1,2,1,2,0,1,2,22,68.3,45.4,7.4,78.5,28.0,7.6,7.7,3.0,-0.07,6.5,2
USR-1730,1,1,2,1,1,3,4,3,2,1,17,74.0,64.8,7.0,83.3,44.0,6.5,5.1,4.0,0.25,4.5,1
USR-1731,3,4,1,3,2,3,4,4,0,1,15,62.6,65.6,7.9,85.3,37.0,9.7,4.7,2.0,-0.35,5.0,0
USR-1732,3,2,4,2,3,4,3,2,2,3,24,76.0,51.4,5.9,82.9,40.0,10.2,6.7,3.0,-0.23,5.5,2
USR-1733,2,2,2,3,1,2,4,4,1,1,14,67.9,59.0,7.1,84.8,44.0,6.5,4.7,3.0,0.02,3.1,0
USR-1734,2,1,1,3,1,2,2,2,3,3,20,74.7,51.7,6.5,76.7,41.0,8.9,6.8,5.0,-0.46,6.7,2
USR-1735,4,2,3,3,2,2,4,2,1,3,20,81.6,53.4,6.8,74.4,53.0,9.0,4.2,4.0,0.02,4.2,1
USR-1736,2,3,4,3,1,1,2,2,2,2,22,84.4,42.6,5.5,74.8,41.0,6.6,5.5,2.0,-0.08,5.1,2
USR-1737,3,3,0,0,3,3,1,3,2,2,22,81.8,52.2,6.4,82.9,26.0,9.5,6.4,2.0,-0.15,6.3,2
USR-1738,2,3,1,2,4,2,4,1,4,2,19,79.8,63.4,8.0,70.8,42.0,7.4,6.4,3.0,0.0,4.6,1
USR-1739,2,3,4,3,3,2,2,1,3,1,22,82.5,59.5,5.7,71.4,64.0,10.1,4.3,4.0,-0.04,5.2,1
USR-1740,2,4,1,0,3,2,2,0,2,4,26,70.3,44.5,5.2,71.4,38.0,8.5,5.3,4.0,0.02,6.4,3
USR-1741,2,3,1,0,3,3,2,2,1,3,22,79.3,61.0,5.6,71.3,37.0,9.6,4.1,3.0,0.07,4.0,1
USR-1742,3,3,3,4,2,4,3,2,1,4,23,71.1,66.5,8.6,72.7,18.0,11.0,5.0,3.0,-0.02,6.8,1
USR-1743,2,0,4,3,1,3,4,2,3,3,21,80.9,51.2,7.0,85.3,45.0,10.3,4.3,3.0,0.43,5.6,1
USR-1744,1,0,2,1,4,2,0,2,3,0,17,64.4,64.3,6.8,77.8,51.0,9.2,5.7,3.0,-0.05,4.0,1
USR-1745,4,1,4,3,1,3,4,4,3,1,20,76.6,36.9,6.8,79.1,41.0,8.9,5.7,4.0,-0.27,3.9,1
USR-1746,2,3,3,3,0,3,0,2,0,1,23,82.9,41.2,6.7,66.5,35.0,7.6,5.7,3.0,0.14,4.8,2
USR-1747,2,2,0,2,3,0,2,2,3,3,17,69.3,59.5,6.5,73.7,75.0,8.0,5.2,4.0,0.46,3.3,1
USR-1748,4,2,4,0,1,0,1,1,3,4,30,91.1,34.4,5.5,74.2,37.0,10.2,7.9,2.0,-0.43,7.6,3
USR-1749,3,4,2,4,2,0,3,1,4,2,21,80.9,70.1,6.5,84.6,51.0,8.8,4.6,4.0,0.25,5.7,1
USR-1750,1,4,2,2,0,2,0,0,3,1,27,85.5,51.0,5.6,72.9,30.0,8.2,4.4,3.0,-0.32,7.2,3
USR-1751,4,4,2,1,1,3,2,2,2,1,26,86.2,55.2,5.9,71.0,29.0,10.4,7.0,4.0,-0.06,7.1,2
USR-1752,3,2,2,2,1,2,2,3,2,3,22,77.5,52.3,6.9,78.0,43.0,7.9,5.4,5.0,0.07,6.2,2
USR-1753,2,3,0,3,0,2,1,1,1,4,23,80.9,43.2,5.7,61.8,33.0,11.3,4.9,1.0,-0.22,7.1,3
USR-1754,1,1,0,1,3,4,3,2,3,1,17,74.9,54.6,9.1,80.4,40.0,8.7,5.7,4.0,0.46,5.6,1
USR-1755,3,1,2,1,3,3,1,0,3,0,23,80.1,53.3,7.1,69.5,40.0,10.6,3.9,3.0,0.3,6.7,2
USR-1756,3,1,3,1,2,3,1,3,1,2,22,75.9,47.4,5.6,79.5,29.0,10.5,4.9,3.0,-0.26,5.9,2
USR-1757,2,2,3,4,4,1,1,3,1,0,13,65.2,69.1,5.4,71.3,48.0,10.4,2.2,4.0,0.25,4.3,1
USR-1758,4,2,4,1,1,1,3,0,0,3,25,80.2,54.4,5.8,70.1,33.0,10.0,6.4,3.0,0.03,6.0,2
USR-1759,3,3,2,3,2,0,3,2,4,2,20,75.5,55.0,7.3,76.8,49.0,8.5,7.1,4.0,-0.38,5.1,1
USR-1760,1,1,2,4,1,1,0,4,1,3,16,70.3,45.4,7.5,76.2,35.0,8.0,4.4,4.0,0.13,5.8,1
USR-1761,2,3,1,1,3,2,1,2,2,2,21,82.6,67.5,6.6,74.4,12.0,10.9,4.8,4.0,-0.36,5.0,1
USR-1762,1,2,1,4,2,2,2,2,2,2,16,68.1,58.3,6.6,84.5,38.0,6.8,6.8,4.0,0.25,3.9,1
USR-1763,3,2,2,4,3,0,2,2,2,1,15,72.3,82.9,6.5,80.6,48.0,7.2,5.5,4.0,0.17,3.9,0
USR-1764,0,2,3,4,3,1,4,3,3,3,14,78.1,67.7,7.0,76.8,56.0,8.4,7.1,4.0,0.11,3.5,0
USR-1765,3,2,4,1,2,1,3,4,4,3,23,84.7,49.6,5.7,79.5,26.0,9.3,6.0,3.0,-0.4,5.5,2
USR-1766,3,3,4,3,3,3,3,4,1,2,19,82.7,59.8,6.5,79.0,45.0,10.0,5.6,5.0,-0.09,5.2,1
USR-1767,4,2,1,3,4,3,2,3,3,2,19,73.7,40.1,7.9,79.2,52.0,7.2,6.8,2.0,0.13,5.3,1
USR-1768,2,1,4,4,2,2,3,2,2,0,16,77.9,68.2,6.5,75.5,51.0,8.3,4.9,4.0,0.11,5.1,0
USR-1769,3,1,2,1,2,1,4,2,4,0,18,70.4,78.0,7.4,65.8,30.0,8.5,5.5,4.0,0.3,6.6,1
USR-1770,1,2,1,3,3,2,3,2,2,3,16,72.6,43.3,7.7,75.5,34.0,7.1,2.6,3.0,0.35,4.1,1
USR-1771,4,4,4,2,3,0,3,4,0,2,18,74.8,55.2,6.1,73.5,45.0,9.8,7.0,4.0,0.28,4.8,1
USR-1772,1,2,3,1,1,1,3,3,2,2,19,73.7,55.4,6.2,74.7,58.0,8.7,5.8,4.0,-0.08,3.6,1
USR-1773,2,3,1,2,2,4,3,2,1,3,21,76.6,60.8,7.5,72.0,37.0,9.0,5.5,3.0,0.03,4.4,1
USR-1774,3,3,2,3,2,4,2,0,0,2,23,77.7,68.1,5.7,75.3,32.0,8.5,6.8,4.0,-0.28,5.8,2
USR-1775,1,4,2,2,2,3,3,2,3,2,22,74.3,55.6,6.5,79.9,19.0,8.9,4.6,4.0,-0.31,6.0,2
USR-1776,1,3,3,2,1,4,1,4,3,1,23,84.4,68.4,8.1,80.1,30.0,8.2,5.3,2.0,0.15,6.3,1
USR-1777,3,3,2,4,4,3,3,2,2,3,19,75.7,57.6,7.6,81.9,30.0,9.9,5.9,2.0,-0.21,5.5,1
USR-1778,3,3,4,2,3,0,3,1,3,3,23,81.1,54.9,6.6,70.3,34.0,10.7,5.9,3.0,-0.35,6.9,2
USR-1779,3,4,0,3,2,4,3,0,2,0,21,79.2,56.4,7.3,76.5,18.0,11.2,6.1,2.0,-0.01,6.8,1
USR-1780,3,2,2,2,3,0,2,2,3,3,20,77.8,64.8,6.7,84.8,34.0,9.5,5.7,1.0,-0.05,5.1,1
USR-1781,2,2,2,2,4,3,1,4,3,2,19,77.1,52.9,7.7,69.8,27.0,8.4,6.0,3.0,-0.01,4.4,0
USR-1782,1,0,2,3,1,1,0,4,3,3,18,74.2,64.0,5.3,85.2,51.0,8.1,3.9,5.0,0.52,5.3,1
USR-1783,2,3,2,4,1,2,3,4,1,4,18,82.8,47.7,6.8,73.5,29.0,9.3,6.5,3.0,-0.14,5.6,1
USR-1784,1,3,3,2,2,3,4,3,1,3,19,80.4,54.0,5.2,79.2,32.0,9.1,4.9,4.0,0.13,5.1,1
USR-1785,4,1,4,3,3,2,3,2,2,3,21,78.5,48.7,6.8,78.3,40.0,8.9,5.7,4.0,-0.01,5.3,1
USR-1786,3,3,4,0,0,1,1,3,2,0,25,79.6,49.5,6.1,74.2,26.0,9.4,5.5,3.0,0.05,5.9,2
USR-1787,2,2,3,1,4,2,4,2,3,3,20,76.9,52.5,7.8,88.1,66.0,10.4,5.2,3.0,-0.16,5.2,1
USR-1788,2,1,4,2,2,2,4,3,2,3,19,78.7,65.3,7.4,76.2,50.0,8.3,5.6,4.0,-0.01,5.6,1
USR-1789,4,4,2,0,2,4,2,2,1,2,27,91.1,39.2,5.7,63.6,30.0,11.7,7.1,3.0,-0.19,6.2,3
USR-1790,1,1,3,1,2,3,3,3,1,3,19,69.8,42.4,6.5,79.5,43.0,9.1,6.3,3.0,-0.26,4.4,1
USR-1791,3,0,2,2,1,2,3,1,1,4,21,81.7,42.9,7.0,75.4,8.0,8.7,6.1,4.0,-0.39,5.9,2
USR-1792,2,3,2,0,3,1,3,1,3,1,21,84.0,61.7,6.2,79.0,51.0,8.2,5.0,2.0,-0.03,4.8,2
USR-1793,3,3,2,1,4,3,4,3,2,0,17,67.4,51.0,7.0,83.7,47.0,8.4,5.5,3.0,0.36,4.7,1
USR-1794,0,0,2,2,2,1,1,4,3,3,16,73.1,63.2,8.2,79.8,41.0,9.0,5.2,2.0,0.05,4.5,1
USR-1795,4,3,2,3,4,1,3,2,2,3,19,71.3,53.9,6.2,79.9,45.0,8.4,5.4,4.0,-0.01,5.0,1
USR-1796,4,2,4,4,3,2,3,0,4,4,26,84.9,54.1,5.9,73.2,39.0,10.9,6.8,3.0,0.05,6.0,2
USR-1797,3,1,2,3,2,4,4,4,4,3,20,75.7,53.2,6.5,86.0,33.0,8.5,4.2,4.0,-0.03,6.6,1
USR-1798,3,1,0,2,3,1,4,3,3,3,15,72.5,83.4,9.7,78.9,48.0,8.1,2.8,4.0,0.31,4.5,0
USR-1799,4,3,2,4,2,1,4,2,4,3,21,76.3,68.9,7.1,72.8,49.0,7.6,6.8,2.0,0.5,5.1,1
USR-1800,3,2,0,3,2,2,2,3,2,0,15,76.7,58.7,8.1,85.2,49.0,8.9,4.7,3.0,0.03,4.5,0
USR-1801,1,4,1,1,0,1,3,2,4,3,24,82.1,46.4,7.0,69.4,30.0,9.3,6.4,4.0,-0.16,7.6,2
USR-1802,3,3,1,1,3,3,2,2,3,1,22,80.4,77.6,7.2,77.5,39.0,11.2,4.9,3.0,0.02,5.7,1
USR-1803,3,4,2,3,0,2,2,4,4,1,23,80.9,42.6,6.9,73.9,51.0,10.3,7.1,4.0,0.21,7.1,2
USR-1804,2,1,2,2,3,2,1,1,3,2,21,81.2,53.3,7.0,75.7,46.0,9.3,6.0,3.0,-0.05,4.5,1
USR-1805,3,4,3,3,3,1,3,1,3,2,22,77.9,52.7,5.4,87.7,21.0,10.8,5.6,4.0,0.09,5.0,2
USR-1806,4,2,3,3,1,1,4,0,2,2,22,87.8,52.5,6.9,81.7,42.0,9.8,6.0,2.0,0.01,4.0,1
USR-1807,4,2,2,3,2,3,1,2,1,1,21,72.2,39.8,6.6,81.4,42.0,10.4,3.9,3.0,-0.04,7.0,2
USR-1808,2,0,2,4,2,4,0,1,2,2,21,69.7,57.7,7.1,78.9,50.0,8.1,6.0,3.0,-0.11,4.1,1
USR-1809,1,0,2,2,3,1,3,1,4,0,15,64.1,53.5,7.1,77.3,44.0,8.8,6.4,3.0,0.03,4.3,0
USR-1810,4,3,3,1,2,1,3,0,0,2,23,69.7,62.7,7.1,76.1,30.0,10.1,6.2,4.0,0.52,7.3,2
USR-1811,3,2,0,3,3,0,4,1,3,3,16,77.4,48.4,7.9,82.9,26.0,6.5,5.2,3.0,-0.19,5.2,1
USR-1812,1,1,0,1,2,3,1,2,2,4,21,81.1,54.2,4.3,77.2,28.0,11.0,5.3,3.0,-0.32,5.8,2
USR-1813,4,3,3,3,0,3,0,0,2,3,31,93.2,23.5,5.4,69.2,40.0,9.3,8.0,3.0,-0.28,8.6,3
USR-1814,4,1,2,4,0,2,2,3,4,2,22,74.0,35.3,5.1,73.5,38.0,7.7,7.0,3.0,-0.02,5.1,2
USR-1815,2,3,1,3,1,3,0,3,4,3,25,85.6,42.0,6.5,74.6,31.0,6.3,5.7,3.0,-0.06,6.7,3
USR-1816,3,2,1,3,3,3,1,0,3,2,23,80.4,45.7,6.2,72.1,50.0,10.0,6.2,2.0,-0.26,5.8,2
USR-1817,2,3,4,2,4,4,1,3,1,0,20,78.3,66.7,7.8,80.5,51.0,7.0,5.7,3.0,-0.21,5.1,1
USR-1818,0,3,4,2,2,0,1,4,2,3,19,79.8,55.9,7.0,67.7,30.0,8.2,5.8,5.0,-0.03,5.2,1
USR-1819,2,2,3,2,2,1,1,4,2,3,20,73.7,65.3,6.4,83.8,52.0,10.0,4.7,4.0,0.18,6.2,1
USR-1820,3,2,2,3,1,0,4,0,2,3,20,90.4,52.0,7.5,70.4,18.0,9.2,6.6,2.0,-0.2,6.5,1
USR-1821,0,2,2,3,2,4,1,3,1,3,19,83.3,61.1,6.6,72.4,44.0,8.1,5.9,4.0,0.06,4.8,1
USR-1822,2,3,4,3,1,3,2,2,2,1,23,77.5,45.4,6.1,76.8,38.0,7.5,7.1,2.0,-0.19,5.0,2
USR-1823,2,2,4,1,3,3,4,0,2,4,25,76.4,42.4,6.6,75.9,46.0,9.6,5.0,4.0,-0.45,5.7,2
USR-1824,2,1,1,2,4,0,3,2,3,3,15,72.7,46.7,8.5,91.1,48.0,9.3,3.8,2.0,-0.11,5.7,1
USR-1825,4,0,3,3,1,1,3,2,2,3,20,78.4,57.7,7.4,78.5,35.0,9.8,7.6,3.0,0.18,6.4,1
USR-1826,2,2,1,2,3,2,3,2,2,3,18,81.1,59.6,7.4,78.3,38.0,10.8,6.4,4.0,-0.06,4.0,1
USR-1827,2,2,1,2,0,3,3,3,0,2,18,69.9,63.7,9.1,79.5,72.0,7.9,4.4,3.0,0.31,6.2,0
USR-1828,3,4,3,3,2,1,4,3,4,0,19,78.1,58.0,6.3,85.7,40.0,7.3,6.2,3.0,0.02,4.5,1
USR-1829,2,1,2,3,1,0,3,1,2,1,16,66.4,76.2,6.5,92.1,49.0,8.8,4.5,4.0,-0.15,4.9,0
USR-1830,1,2,4,2,2,3,4,2,0,0,16,76.2,61.4,7.2,79.1,18.0,8.7,3.3,2.0,0.22,3.8,0
USR-1831,2,3,0,4,1,2,2,2,2,1,17,74.3,66.7,8.2,82.0,31.0,8.5,3.0,2.0,-0.07,6.3,1
USR-1832,1,3,2,1,2,2,1,2,4,2,24,90.7,47.4,5.6,73.6,39.0,8.7,6.0,3.0,-0.2,5.6,2
USR-1833,1,2,4,4,2,1,4,4,3,4,17,67.1,51.5,8.4,78.8,22.0,5.4,6.7,3.0,0.32,3.8,0
USR-1834,2,2,4,1,2,3,2,3,3,4,26,89.6,53.2,5.1,81.9,37.0,8.7,7.8,2.0,-0.44,6.2,3
USR-1835,2,2,1,0,3,3,4,4,1,3,17,66.4,58.0,6.9,74.6,32.0,9.2,6.4,3.0,0.0,6.7,1
USR-1836,4,4,2,4,4,4,0,3,3,0,22,72.6,59.2,6.7,63.8,23.0,9.6,6.6,2.0,-0.28,5.9,1
USR-1837,2,1,3,1,2,2,2,2,3,2,22,70.9,55.3,5.9,77.1,27.0,10.5,6.1,3.0,-0.3,4.9,1
USR-1838,3,4,1,3,1,4,4,2,3,3,24,82.3,43.7,5.9,80.0,51.0,10.0,7.2,3.0,-0.21,5.5,2
USR-1839,3,3,4,3,1,4,1,2,4,1,28,78.6,53.6,6.7,72.1,33.0,11.1,4.5,3.0,-0.41,5.6,2
USR-1840,0,2,4,4,4,3,4,2,1,3,15,66.4,54.3,8.3,83.3,32.0,9.2,5.9,3.0,0.1,4.6,0
USR-1841,3,0,1,4,3,4,4,3,1,4,15,74.1,66.3,5.5,84.5,52.0,8.3,3.8,3.0,0.28,3.2,0
USR-1842,1,2,1,2,2,2,4,2,4,2,18,78.0,67.8,7.1,79.1,50.0,8.7,4.3,4.0,-0.09,5.7,1
USR-1843,4,2,0,3,1,2,3,2,3,3,21,78.6,50.7,6.6,79.0,32.0,5.7,6.3,2.0,-0.32,6.1,2
USR-1844,1,1,4,1,2,0,3,3,0,1,14,71.4,71.7,7.4,84.2,56.0,7.3,5.7,4.0,0.31,3.9,0
USR-1845,2,3,1,2,1,3,4,4,2,3,19,85.8,59.4,6.6,68.0,51.0,8.1,4.8,3.0,-0.12,6.0,1
USR-1846,0,4,2,4,4,3,3,2,4,0,16,74.7,66.8,6.1,80.6,52.0,8.3,5.6,2.0,0.49,5.1,1
USR-1847,4,3,2,2,4,3,3,3,0,1,17,78.9,52.1,8.2,71.4,33.0,7.4,5.7,3.0,0.01,4.7,0
USR-1848,2,3,3,3,0,1,4,0,0,3,21,79.1,55.5,7.6,76.1,22.0,10.3,5.3,3.0,-0.06,4.8,1
USR-1849,3,0,0,2,2,2,3,2,2,3,17,69.4,47.5,6.9,76.8,21.0,7.5,5.3,3.0,-0.37,4.9,1
USR-1850,0,2,1,3,1,1,4,0,4,3,19,79.4,69.9,6.4,82.9,31.0,10.2,7.5,3.0,-0.2,5.4,1
USR-1851,3,1,4,4,2,3,0,0,4,2,27,80.3,30.1,5.6,73.0,25.0,8.9,6.1,3.0,-0.67,7.1,3
USR-1852,1,3,4,0,4,1,1,3,2,3,22,78.8,49.7,4.5,77.9,32.0,8.6,5.5,4.0,-0.0,5.7,3
USR-1853,4,4,3,3,2,4,2,2,2,3,27,85.2,38.8,6.4,70.8,29.0,9.2,6.5,3.0,-0.23,7.0,3
USR-1854,1,3,0,4,2,1,2,3,2,4,16,64.3,65.4,7.7,85.3,63.0,7.8,4.8,3.0,0.25,4.6,0
USR-1855,1,0,2,2,1,2,3,4,1,4,16,66.0,75.4,7.2,72.0,38.0,9.8,5.8,2.0,0.28,5.5,0
USR-1856,0,2,3,0,3,4,1,1,3,3,26,87.3,52.7,6.2,68.0,30.0,9.5,7.7,3.0,0.01,5.5,3
USR-1857,2,2,1,3,3,2,4,3,1,3,14,68.9,86.2,7.4,87.9,22.0,7.7,4.5,3.0,0.13,3.2,0
USR-1858,3,2,4,2,2,0,2,2,2,3,22,76.2,41.5,5.9,73.3,62.0,8.4,4.9,3.0,-0.04,5.7,2
USR-1859,0,3,3,1,1,2,2,1,3,1,23,81.0,40.8,6.1,64.0,18.0,9.1,7.8,3.0,0.03,5.3,2
USR-1860,3,3,0,4,2,0,1,3,1,1,14,70.3,55.4,7.1,88.8,36.0,8.4,4.9,5.0,0.02,4.1,1
USR-1861,2,3,4,2,4,4,3,3,2,3,22,81.3,53.5,7.1,80.9,44.0,9.0,4.0,4.0,-0.25,4.8,1
USR-1862,2,2,4,4,2,3,0,2,3,3,25,81.6,40.5,7.4,76.8,35.0,9.6,8.0,3.0,0.16,5.5,2
USR-1863,2,1,0,3,2,1,1,4,3,3,16,75.0,54.0,6.9,80.5,62.0,9.6,6.1,3.0,-0.24,6.0,1
USR-1864,2,1,2,3,2,3,3,2,1,2,17,71.4,63.7,6.2,87.6,50.0,8.9,6.7,3.0,0.19,4.4,1
USR-1865,2,2,2,0,3,0,1,4,2,0,16,75.0,50.1,7.1,86.3,41.0,7.0,6.4,5.0,0.19,3.5,1
USR-1866,1,2,2,2,2,3,1,2,3,2,22,84.8,43.4,8.2,83.2,48.0,9.2,8.4,3.0,-0.28,5.6,1
USR-1867,1,3,1,1,1,4,3,1,4,2,25,79.0,45.6,5.5,76.7,46.0,9.1,5.1,3.0,-0.28,7.1,3
USR-1868,4,3,3,4,3,4,0,2,1,2,24,85.6,47.6,7.1,74.6,25.0,10.2,5.2,3.0,-0.19,7.1,3
USR-1869,4,0,4,1,3,2,2,1,4,4,27,83.4,54.3,7.2,69.8,41.0,10.2,5.9,2.0,-0.17,5.6,2
USR-1870,2,2,2,2,3,2,0,3,3,1,20,81.2,47.8,6.5,70.7,35.0,10.4,5.0,3.0,0.07,4.6,1
USR-1871,1,1,0,2,4,0,2,3,3,2,12,71.1,59.2,6.9,85.5,45.0,6.9,4.6,3.0,0.23,3.7,0
USR-1872,3,1,3,1,2,3,3,2,0,2,20,77.3,59.7,7.2,79.9,39.0,8.8,5.0,4.0,0.04,5.2,1
USR-1873,2,3,2,1,0,2,0,0,2,4,30,88.0,48.9,6.2,67.8,22.0,9.2,5.6,2.0,-0.17,6.1,3
USR-1874,0,0,4,3,4,2,4,2,0,4,13,77.4,75.2,7.9,85.3,40.0,7.9,3.8,5.0,0.33,2.6,0
USR-1875,1,2,2,0,2,4,4,0,2,2,23,81.3,55.0,8.1,73.1,46.0,7.6,5.6,3.0,0.22,5.0,1
USR-1876,3,1,1,0,3,1,1,3,4,4,23,82.5,52.3,6.6,79.1,16.0,9.8,7.0,3.0,0.12,4.5,2
USR-1877,3,4,1,2,3,0,4,3,1,2,15,71.3,65.9,6.2,76.3,30.0,8.2,4.3,3.0,0.15,3.8,0
USR-1878,0,2,3,3,2,0,2,4,3,1,14,80.1,60.4,7.3,76.2,52.0,8.3,5.6,4.0,0.31,4.9,0
USR-1879,1,1,1,2,1,1,0,1,0,2,18,79.0,55.3,7.1,77.3,39.0,9.6,3.9,2.0,0.14,4.3,1
USR-1880,1,2,3,2,3,0,0,2,3,1,19,77.0,42.1,7.9,81.9,51.0,9.1,2.2,4.0,0.06,5.9,1
USR-1881,3,3,1,3,3,2,2,3,1,3,18,75.1,64.6,6.8,72.7,44.0,7.2,5.1,4.0,-0.11,4.8,1
USR-1882,0,4,2,2,2,2,3,4,1,4,18,80.6,59.2,6.6,83.7,24.0,8.0,4.6,5.0,0.09,4.7,1
USR-1883,1,1,2,4,2,1,2,3,2,3,15,70.1,67.5,6.1,72.5,44.0,8.2,4.0,3.0,-0.26,2.9,0
USR-1884,3,4,4,0,1,3,3,1,3,1,29,76.5,21.2,6.4,69.0,34.0,10.0,5.6,3.0,-0.06,8.1,3
USR-1885,1,4,4,3,0,1,3,2,1,2,21,78.7,53.4,9.3,69.2,39.0,8.9,4.9,2.0,0.04,5.6,1
USR-1886,3,4,1,4,2,3,2,3,1,0,17,80.8,51.9,6.8,66.2,35.0,10.5,4.1,4.0,0.06,3.3,1
USR-1887,1,3,2,3,2,2,3,3,0,2,15,81.1,73.3,7.5,82.6,40.0,8.4,4.0,3.0,0.07,4.5,0
USR-1888,0,3,1,1,4,2,4,4,4,0,13,70.8,68.7,6.9,81.4,39.0,8.4,3.3,4.0,0.34,3.3,0
USR-1889,1,2,2,2,3,4,0,1,3,2,24,81.2,51.9,5.4,67.0,17.0,7.2,3.9,1.0,0.25,6.1,3
USR-1890,3,3,2,3,3,0,2,4,3,3,18,78.3,54.0,7.3,75.9,22.0,9.6,3.0,3.0,0.14,5.0,1
USR-1891,4,2,4,0,2,2,2,0,3,3,30,84.9,45.7,5.9,71.7,31.0,13.9,9.2,2.0,0.08,8.3,3
USR-1892,3,3,4,3,1,4,2,4,1,0,21,81.0,46.3,4.8,74.4,26.0,10.8,5.6,5.0,0.13,4.6,2
USR-1893,2,2,2,3,4,3,2,4,3,2,17,74.4,58.0,8.3,78.3,48.0,8.0,6.6,2.0,-0.07,5.1,0
USR-1894,3,3,2,3,2,1,2,3,1,2,18,80.8,52.9,7.3,76.5,33.0,11.4,5.1,3.0,0.16,5.9,1
USR-1895,1,3,4,1,1,2,3,3,2,1,21,82.0,71.9,6.7,73.3,21.0,9.2,5.5,3.0,0.05,7.5,1
USR-1896,2,1,3,3,2,3,3,0,3,2,22,83.3,64.3,6.2,72.5,30.0,9.7,6.1,2.0,-0.22,6.5,2
USR-1897,4,3,0,3,4,4,3,0,2,2,21,77.3,62.3,7.0,73.1,62.0,8.8,6.3,2.0,-0.11,5.8,1
USR-1898,0,2,2,3,4,0,1,1,1,3,15,82.8,49.3,7.5,77.0,42.0,7.9,3.6,3.0,0.06,4.4,1
USR-1899,0,4,2,0,0,0,2,0,0,4,24,83.4,56.9,6.7,68.9,41.0,6.9,5.6,3.0,-0.1,7.3,2
USR-1900,1,2,1,0,4,2,2,2,3,2,19,77.9,57.8,7.7,75.9,41.0,9.8,5.7,3.0,-0.03,4.8,1
USR-1901,0,2,1,2,1,1,2,1,3,3,20,73.7,64.8,7.8,73.8,21.0,8.6,3.6,2.0,0.05,5.9,1
USR-1902,1,4,0,1,0,1,4,4,0,1,14,71.8,65.1,8.9,76.1,62.0,7.9,6.0,2.0,0.27,5.7,0
USR-1903,3,1,3,2,4,1,2,2,1,4,19,77.2,56.2,6.2,81.6,36.0,9.2,6.4,4.0,0.28,5.0,1
USR-1904,2,4,1,4,4,1,0,3,4,1,18,71.8,59.4,6.5,84.7,24.0,8.2,3.1,3.0,0.17,3.2,1
USR-1905,4,2,0,2,3,1,2,3,3,1,17,73.4,44.3,7.3,79.2,35.0,8.9,4.2,5.0,-0.05,3.9,1
USR-1906,3,2,1,4,3,4,3,2,4,1,19,75.8,50.1,6.2,78.1,36.0,10.3,5.5,3.0,0.45,5.3,2
USR-1907,2,2,3,0,3,1,3,1,1,2,20,77.8,58.0,6.3,73.5,46.0,9.5,6.3,4.0,-0.14,4.6,1
USR-1908,1,3,4,1,3,1,2,2,2,2,21,69.6,62.9,7.0,81.6,28.0,9.0,7.2,4.0,-0.11,5.2,1
USR-1909,2,2,2,0,4,1,1,3,1,4,20,76.8,50.6,7.5,85.7,69.0,8.9,4.9,4.0,0.12,5.0,1
USR-1910,3,0,2,2,2,4,2,3,3,3,22,77.4,52.2,7.6,74.7,24.0,9.5,8.1,3.0,0.52,6.1,1
USR-1911,1,1,4,4,4,3,3,1,1,2,16,73.9,47.2,6.9,77.4,49.0,7.4,5.0,4.0,0.2,3.6,0
USR-1912,3,0,1,0,4,3,4,3,1,3,16,79.2,71.7,7.5,81.7,18.0,8.6,4.8,2.0,-0.01,3.9,0
USR-1913,2,4,1,3,1,1,3,0,0,3,20,87.8,63.9,6.9,77.6,36.0,9.8,6.1,3.0,-0.33,6.4,1
USR-1914,2,4,2,2,4,3,3,3,3,3,21,81.8,59.0,6.7,73.7,41.0,9.3,5.9,3.0,-0.37,5.1,1
USR-1915,2,2,1,4,2,2,2,2,2,3,18,69.6,60.8,6.3,80.9,26.0,8.2,5.5,4.0,0.06,5.4,1
USR-1916,2,3,2,1,2,1,2,3,3,3,22,77.5,64.9,5.8,80.2,53.0,9.0,7.7,2.0,0.05,5.7,1
USR-1917,4,2,4,1,3,3,3,4,4,3,25,84.9,42.3,6.8,69.3,37.0,10.5,6.4,3.0,-0.43,6.3,2
USR-1918,3,3,3,0,0,3,2,3,3,3,29,87.8,36.4,5.3,83.0,24.0,9.0,5.6,3.0,-0.23,7.8,3
USR-1919,1,3,2,2,2,3,4,2,2,1,18,80.7,66.0,5.5,70.8,45.0,7.7,4.4,4.0,-0.2,3.3,1
USR-1920,4,4,4,1,4,4,2,1,4,1,29,84.9,51.7,5.9,66.0,20.0,8.4,8.1,3.0,-0.45,7.5,3
USR-1921,2,2,0,4,1,4,0,3,2,3,21,76.6,44.2,7.8,77.4,51.0,9.2,6.3,4.0,0.1,5.9,2
USR-1922,4,3,1,3,2,1,3,2,1,4,20,86.3,50.7,4.5,88.2,50.0,10.0,3.9,3.0,-0.15,5.9,2
USR-1923,3,1,3,3,4,2,0,0,4,2,24,81.3,63.5,6.2,71.2,37.0,11.2,4.4,2.0,0.14,5.8,2
USR-1924,2,4,3,2,2,0,1,3,0,4,21,73.3,57.0,7.2,70.9,44.0,11.0,5.7,2.0,-0.15,5.5,1
USR-1925,0,0,0,0,2,4,2,2,2,1,17,82.3,65.0,5.6,82.0,23.0,7.7,5.7,4.0,0.31,2.7,1
USR-1926,1,3,2,2,2,1,3,0,2,2,20,70.0,45.7,6.6,75.8,55.0,9.3,4.8,3.0,0.45,4.7,1
USR-1927,2,3,3,4,2,4,2,4,2,2,20,60.0,60.3,5.8,80.3,36.0,8.5,3.8,3.0,-0.15,5.4,1
USR-1928,3,3,3,3,3,2,0,2,2,4,25,85.7,37.4,5.5,72.9,44.0,11.7,5.0,4.0,0.34,7.5,3
USR-1929,1,1,3,4,3,2,3,2,1,2,14,76.8,46.7,7.0,77.2,53.0,9.7,6.4,4.0,0.18,5.5,1
USR-1930,1,4,2,3,2,0,2,3,2,2,17,76.9,64.6,6.1,91.0,53.0,8.8,5.6,3.0,-0.04,4.3,1
USR-1931,3,1,0,1,3,2,4,4,3,1,14,65.7,74.0,6.3,66.7,32.0,7.4,5.8,4.0,0.12,4.7,0
USR-1932,4,3,2,1,2,4,2,0,1,2,27,83.3,44.2,6.1,80.9,19.0,5.9,7.5,2.0,-0.29,6.6,3
USR-1933,2,1,1,0,2,0,3,3,2,4,18,74.4,53.1,8.7,83.2,67.0,7.0,4.6,3.0,0.34,3.5,0
USR-1934,1,2,4,2,3,2,1,3,1,2,19,73.9,69.9,7.4,74.0,20.0,6.6,5.0,5.0,0.29,5.5,1
USR-1935,1,2,2,1,3,0,3,1,3,3,19,83.7,54.7,7.6,87.1,25.0,7.1,5.2,3.0,0.29,6.5,1
USR-1936,0,2,2,2,2,2,3,2,3,4,20,72.3,54.5,7.4,70.1,38.0,11.3,5.9,4.0,-0.26,4.9,1
USR-1937,4,1,3,3,0,1,4,0,4,0,22,80.8,66.1,6.0,80.5,36.0,7.7,6.8,2.0,-0.02,4.9,1
USR-1938,1,1,2,4,1,1,0,3,1,3,17,80.8,55.9,7.3,68.8,34.0,7.3,7.0,4.0,-0.22,4.7,1
USR-1939,3,2,2,3,2,4,2,4,0,1,17,76.8,53.5,7.9,73.5,48.0,7.4,5.9,4.0,0.29,4.5,1
USR-1940,1,3,3,4,2,2,3,1,1,1,17,81.1,65.3,7.7,73.5,52.0,11.7,5.9,4.0,-0.01,6.7,1
USR-1941,2,4,4,0,3,1,0,3,1,3,25,84.7,43.1,6.5,69.5,32.0,9.7,8.1,3.0,-0.05,7.1,3
USR-1942,3,0,3,0,0,3,2,3,2,3,25,84.0,47.6,6.7,73.3,29.0,10.9,5.9,3.0,-0.25,6.4,2
USR-1943,3,2,0,3,3,1,4,2,4,2,16,75.8,49.4,9.1,75.9,42.0,8.6,6.2,3.0,-0.23,2.1,0
USR-1944,1,1,3,2,1,1,2,3,2,0,16,77.1,61.5,7.8,69.8,36.0,6.0,5.6,3.0,0.3,4.3,0
USR-1945,0,0,3,1,2,2,4,0,4,4,22,77.3,53.0,6.3,77.8,15.0,11.1,6.4,4.0,0.13,7.2,2
USR-1946,1,3,1,2,2,1,0,4,0,3,17,68.4,66.5,7.0,79.5,44.0,9.0,4.9,3.0,0.12,4.7,0
USR-1947,4,3,1,1,1,3,3,2,4,1,25,86.6,55.6,5.5,75.3,41.0,9.6,4.7,2.0,-0.57,7.0,2
USR-1948,4,1,4,2,4,2,3,3,1,2,18,81.6,61.9,8.8,79.4,38.0,10.8,5.6,4.0,0.21,5.1,1
USR-1949,3,1,0,2,0,3,2,3,4,0,20,78.8,58.2,8.0,81.8,10.0,8.6,5.8,2.0,-0.15,4.9,1
USR-1950,3,0,3,2,2,4,4,3,0,2,17,72.1,58.2,7.1,78.9,34.0,8.4,4.5,2.0,0.19,6.0,1
USR-1951,3,3,2,3,4,1,1,4,4,2,19,68.8,61.1,8.6,82.8,49.0,8.4,5.3,5.0,-0.07,5.2,1
USR-1952,1,4,2,2,3,2,4,3,1,2,16,74.4,51.1,7.6,76.1,25.0,9.7,4.1,5.0,0.04,3.8,1
USR-1953,4,1,0,1,2,2,3,4,2,1,16,67.3,41.2,6.8,76.4,50.0,9.4,4.1,3.0,0.22,4.4,1
USR-1954,2,1,3,1,2,1,1,3,2,3,21,70.9,63.0,7.4,83.1,31.0,9.5,5.1,4.0,-0.19,6.6,1
USR-1955,2,4,2,2,3,3,4,1,2,2,21,78.3,59.1,7.0,83.0,36.0,7.9,4.3,4.0,-0.06,4.3,1
USR-1956,2,4,2,3,4,3,2,4,3,3,20,73.7,54.0,7.4,79.9,29.0,8.6,4.9,4.0,0.1,5.5,1
USR-1957,0,2,3,3,4,2,3,3,4,1,15,74.9,69.8,6.1,76.3,29.0,7.0,5.6,4.0,0.58,4.2,0
USR-1958,1,0,3,3,2,2,2,3,3,2,17,74.1,52.9,6.4,74.4,58.0,9.9,6.6,4.0,0.08,3.4,1
USR-1959,3,0,4,1,4,0,4,4,3,1,14,69.2,56.9,8.5,88.1,54.0,6.2,6.8,4.0,0.35,4.6,0
USR-1960,0,3,2,3,0,2,3,0,0,3,20,69.0,48.2,8.1,83.4,45.0,10.9,5.1,4.0,-0.23,5.5,1
USR-1961,3,2,2,3,0,3,1,2,3,2,25,77.6,53.3,7.4,72.9,43.0,11.3,7.3,2.0,0.19,7.0,2
USR-1962,1,0,4,2,3,3,3,1,2,0,17,70.8,46.1,8.8,91.0,47.0,7.4,5.5,5.0,-0.07,5.5,1
USR-1963,2,3,3,2,1,1,1,3,4,0,22,73.1,46.4,7.0,77.8,47.0,8.8,5.5,5.0,-0.09,5.6,1
USR-1964,2,0,2,2,0,3,2,3,2,2,20,75.9,57.3,7.2,71.5,30.0,8.1,5.9,2.0,0.1,4.8,1
USR-1965,2,3,1,3,1,2,1,4,3,1,19,70.9,46.6,6.1,76.4,55.0,9.4,6.5,4.0,-0.13,3.9,1
USR-1966,3,2,4,3,2,2,0,2,1,3,24,80.2,44.7,5.9,74.0,48.0,11.3,5.5,5.0,0.1,5.6,2
USR-1967,2,0,2,1,3,2,1,3,1,2,17,76.1,41.1,5.4,79.7,45.0,10.0,4.6,4.0,-0.04,4.6,1
USR-1968,3,3,3,3,3,2,2,4,2,3,20,73.4,59.8,6.5,83.3,34.0,8.5,5.1,4.0,0.17,4.5,1
USR-1969,2,2,2,1,1,3,2,3,2,4,24,83.1,44.5,4.8,69.2,18.0,11.1,5.4,2.0,0.09,6.6,3
USR-1970,3,4,1,0,2,4,2,1,1,2,26,75.9,38.7,7.1,65.8,33.0,11.3,7.4,3.0,-0.06,5.8,3
USR-1971,4,2,3,4,4,0,1,3,0,3,16,68.4,49.6,7.4,83.0,62.0,8.2,4.2,4.0,0.26,3.0,1
USR-1972,3,1,0,4,3,4,3,4,3,3,16,73.4,56.7,5.5,77.5,28.0,8.4,4.4,4.0,0.63,3.9,1
USR-1973,1,3,2,0,2,2,3,4,0,4,19,80.1,43.6,6.7,89.9,51.0,10.7,5.7,3.0,0.11,5.2,2
USR-1974,0,1,2,2,4,3,2,3,4,1,16,78.3,75.5,8.7,84.7,36.0,9.7,5.2,3.0,0.14,3.4,0
USR-1975,1,4,2,1,3,4,4,4,1,3,19,84.7,37.2,6.7,75.1,34.0,10.3,5.0,3.0,0.1,4.3,1
USR-1976,3,2,3,2,0,2,3,1,0,4,24,79.1,46.4,5.6,80.1,19.0,12.7,7.7,3.0,0.13,5.6,2
USR-1977,0,2,3,3,0,3,3,1,3,2,22,78.6,53.4,5.1,79.2,26.0,10.0,5.1,3.0,0.41,5.3,2
USR-1978,2,0,3,4,1,1,1,4,2,2,16,68.8,53.8,5.7,83.2,50.0,8.8,4.8,3.0,0.09,4.6,1
USR-1979,3,2,0,3,3,1,0,1,2,4,21,72.1,55.4,7.1,75.6,46.0,10.8,3.7,3.0,-0.21,6.0,1
USR-1980,2,3,1,2,1,3,4,1,3,3,23,81.3,44.9,6.1,76.9,37.0,11.8,5.6,2.0,0.14,5.5,2
USR-1981,3,3,2,3,2,4,3,2,2,2,22,75.4,64.7,6.3,65.0,29.0,8.6,4.4,3.0,-0.33,4.8,1
USR-1982,1,1,4,2,0,4,1,3,3,3,26,88.9,38.5,5.9,79.1,18.0,9.7,5.3,2.0,-0.13,6.6,3
USR-1983,0,1,3,4,4,3,2,3,2,2,14,64.9,43.7,7.2,64.3,45.0,6.9,2.8,4.0,0.24,4.4,0
USR-1984,3,3,4,4,2,2,3,2,2,1,20,79.9,44.6,5.8,74.8,33.0,9.4,4.6,3.0,-0.02,6.5,2
USR-1985,2,4,2,2,4,2,3,4,3,2,18,70.7,60.6,7.2,70.5,42.0,9.8,5.2,2.0,0.05,5.7,1
USR-1986,3,0,2,2,4,4,4,4,3,3,17,70.8,57.8,5.9,76.7,37.0,7.4,4.9,5.0,-0.24,3.6,1
USR-1987,2,2,2,2,0,2,1,2,2,3,24,83.7,56.0,5.8,73.6,29.0,11.0,5.6,2.0,-0.29,6.0,2
USR-1988,1,2,1,0,2,3,2,2,4,2,23,76.7,55.3,7.3,68.8,36.0,8.9,5.6,4.0,0.1,6.3,1
USR-1989,3,4,0,3,0,2,0,3,4,3,26,80.2,42.4,6.5,58.6,35.0,9.3,5.7,3.0,-0.59,5.8,3
USR-1990,3,0,4,2,4,3,2,3,2,2,19,72.6,52.3,7.4,78.8,53.0,10.2,5.3,4.0,0.01,4.8,1
USR-1991,3,1,1,2,2,2,0,2,1,3,21,87.3,50.7,8.4,86.7,32.0,8.4,5.5,3.0,-0.09,6.0,1
USR-1992,1,3,1,2,0,4,4,2,4,1,22,76.2,67.6,6.5,73.7,42.0,7.6,6.0,4.0,-0.46,5.9,1
USR-1993,3,0,0,3,1,3,2,2,1,2,17,75.1,64.3,7.0,84.0,63.0,9.4,4.9,4.0,0.43,4.6,1
USR-1994,2,2,4,1,2,4,4,1,0,4,24,80.0,65.1,6.2,81.5,40.0,9.4,5.6,4.0,-0.33,5.6,2
USR-1995,0,2,3,4,4,0,0,2,2,1,14,73.4,69.2,6.9,72.0,58.0,9.5,5.5,5.0,0.29,2.8,0
USR-1996,4,2,3,4,3,3,1,3,3,3,23,77.1,50.7,5.7,72.5,27.0,10.4,6.5,3.0,-0.18,5.6,2
USR-1997,1,2,4,4,4,3,1,3,4,2,20,76.5,46.8,6.8,70.6,29.0,6.9,5.5,2.0,-0.17,5.2,1
USR-1998,4,2,2,2,2,3,2,3,3,0,21,80.3,55.4,6.9,72.2,34.0,10.7,6.8,1.0,-0.08,4.3,1
USR-1999,2,1,3,1,0,4,3,2,4,1,25,77.6,48.3,6.6,81.8,31.0,12.0,6.2,3.0,-0.22,6.4,2
USR-2000,1,3,0,2,4,0,2,3,0,3,12,75.9,64.3,7.5,84.1,59.0,9.0,4.3,3.0,0.2,3.9,0
USR-2001,2,3,1,2,0,0,1,0,0,1,20,83.4,53.3,7.5,80.9,29.0,10.3,5.4,3.0,-0.16,4.7,1
USR-2002,4,3,3,1,4,2,0,2,3,3,27,86.7,29.8,6.2,71.5,29.0,9.8,6.5,3.0,-0.41,7.1,3
USR-2003,3,1,3,3,2,0,0,3,4,3,22,79.6,62.6,6.2,69.4,48.0,8.7,4.8,4.0,0.14,5.9,1
USR-2004,3,1,2,2,0,4,3,3,2,2,22,64.3,52.1,5.8,78.9,38.0,9.6,3.9,3.0,-0.06,5.4,2
USR-2005,3,1,2,4,3,1,2,2,0,2,14,74.4,51.2,6.0,87.8,44.0,9.2,5.0,4.0,0.17,3.6,1
USR-2006,3,2,2,0,4,2,3,3,1,2,18,73.8,61.4,8.1,80.1,43.0,9.8,6.1,3.0,-0.12,4.6,0
USR-2007,4,2,0,3,4,0,3,4,1,4,13,70.1,56.9,6.8,84.7,32.0,7.4,3.6,4.0,0.52,3.1,0
USR-2008,1,3,1,3,1,2,1,3,2,2,19,67.1,60.7,6.1,71.6,25.0,8.2,6.4,5.0,0.01,5.3,1
USR-2009,2,0,1,3,1,2,1,3,0,1,14,74.7,69.6,6.9,85.0,25.0,6.3,3.1,4.0,-0.2,3.3,0
USR-2010,1,0,1,4,3,0,3,4,4,2,10,61.5,75.7,7.4,91.2,51.0,8.3,3.7,4.0,0.36,2.5,0
USR-2011,4,2,3,3,3,2,3,3,2,3,20,78.1,53.7,8.1,79.0,49.0,8.5,7.2,4.0,-0.15,5.6,1
USR-2012,4,3,1,4,3,2,2,3,3,3,20,82.0,51.7,6.5,68.0,47.0,8.6,5.9,5.0,0.18,5.1,1
USR-2013,0,1,1,2,1,4,0,0,0,4,23,77.8,46.2,8.6,82.9,48.0,11.5,5.6,3.0,0.12,5.9,1
USR-2014,3,3,2,2,4,1,0,2,0,4,21,84.5,48.0,6.7,71.5,54.0,9.9,5.9,4.0,0.15,4.1,1
USR-2015,4,1,4,0,3,2,2,3,3,2,24,77.3,49.9,8.0,75.9,35.0,10.0,7.2,3.0,-0.21,5.7,1
USR-2016,1,4,1,0,4,4,0,3,4,2,25,84.9,47.1,7.0,78.0,31.0,10.7,4.7,3.0,-0.17,7.7,2
USR-2017,3,4,0,1,2,3,1,2,2,3,25,75.4,42.1,6.6,78.6,50.0,11.5,7.4,2.0,-0.1,4.9,2
USR-2018,4,2,2,1,2,4,2,4,4,4,27,88.8,37.1,7.4,62.7,21.0,8.1,5.9,2.0,-0.03,8.1,2
USR-2019,0,1,3,1,4,4,1,1,3,2,22,83.6,51.6,7.5,76.1,21.0,8.6,6.5,4.0,-0.27,5.9,1
USR-2020,3,2,2,1,3,2,1,3,0,2,19,79.0,52.8,7.3,78.0,35.0,8.6,4.8,3.0,0.05,4.6,1
USR-2021,2,1,3,0,4,3,4,2,1,4,20,75.5,45.9,8.6,84.2,32.0,7.8,7.2,2.0,0.37,5.1,1
USR-2022,4,3,4,4,4,1,3,2,3,2,20,70.5,61.6,6.4,79.3,38.0,8.7,5.5,3.0,-0.11,6.2,1
USR-2023,4,3,3,0,3,2,4,3,2,2,22,77.3,66.7,5.8,82.7,25.0,7.4,4.4,4.0,-0.07,3.9,1
USR-2024,4,3,3,3,2,3,2,2,2,4,26,88.3,55.2,5.7,75.2,35.0,11.0,6.7,4.0,0.34,7.7,3
USR-2025,2,3,2,1,0,2,3,0,2,3,26,83.4,41.7,7.6,72.1,24.0,9.3,7.6,2.0,-0.23,6.7,2
USR-2026,4,2,0,4,0,3,1,2,2,1,21,70.6,53.3,7.8,77.2,51.0,9.4,6.8,4.0,-0.34,6.3,2
USR-2027,4,1,4,4,1,3,3,2,4,2,24,75.4,62.3,6.0,81.6,19.0,9.7,6.1,5.0,-0.13,4.7,1
USR-2028,2,3,2,3,1,1,1,3,1,2,19,82.9,46.9,5.0,71.3,37.0,9.5,6.2,3.0,0.36,4.9,1
USR-2029,3,2,1,3,1,4,0,4,1,4,23,82.6,57.5,6.3,79.3,30.0,6.5,5.5,3.0,0.12,4.0,1
USR-2030,0,3,3,0,2,2,4,0,2,4,24,74.8,38.4,5.6,70.9,36.0,10.1,6.6,2.0,-0.32,7.1,2
USR-2031,3,1,2,4,2,1,2,3,3,3,18,66.9,71.0,6.5,74.3,51.0,8.4,5.6,5.0,0.14,4.0,1
USR-2032,1,0,3,4,2,4,4,3,3,2,16,70.9,56.6,6.3,85.1,45.0,8.9,2.1,2.0,0.08,3.6,1
USR-2033,1,4,3,4,0,2,2,4,4,0,20,68.2,72.8,5.5,72.6,36.0,7.6,4.5,3.0,0.16,3.7,1
USR-2034,0,1,2,3,0,3,2,4,3,3,19,75.8,70.1,8.3,79.6,47.0,9.3,5.6,4.0,-0.09,5.4,1
USR-2035,3,4,3,2,3,2,2,3,2,2,22,91.5,51.6,6.0,73.1,45.0,10.9,5.9,3.0,0.04,5.7,1
USR-2036,2,4,1,4,2,2,3,2,1,3,18,67.8,51.7,8.1,66.7,43.0,8.9,5.2,3.0,0.44,4.2,1
USR-2037,3,3,2,2,2,3,3,1,2,3,24,80.1,51.6,6.2,76.4,38.0,8.7,6.1,3.0,-0.64,6.3,2
USR-2038,0,3,2,3,3,3,4,2,3,2,17,81.4,57.3,6.1,79.9,49.0,7.7,6.3,5.0,0.21,4.0,1
USR-2039,2,3,3,0,3,2,0,3,3,4,27,87.4,43.0,6.5,62.2,10.0,10.7,6.7,2.0,0.05,5.3,3
USR-2040,2,4,3,4,2,1,3,3,4,0,18,75.0,44.2,6.6,75.0,36.0,9.4,2.9,3.0,-0.25,4.5,1
USR-2041,3,2,2,1,3,4,2,3,3,3,24,80.3,45.9,6.2,65.0,38.0,10.0,7.9,2.0,-0.26,7.4,3
USR-2042,2,2,3,1,4,0,1,3,2,2,18,70.0,48.6,7.0,82.2,36.0,8.7,3.3,4.0,-0.02,5.6,1
USR-2043,3,3,1,2,3,4,2,2,0,3,21,77.0,58.2,6.0,83.2,33.0,9.4,6.6,4.0,-0.18,5.8,2
USR-2044,4,2,4,3,2,2,2,3,0,3,21,79.6,61.7,5.4,80.5,41.0,9.1,4.1,3.0,-0.19,5.7,2
USR-2045,3,2,2,3,3,3,1,1,1,0,19,82.2,62.2,6.8,82.7,43.0,8.4,6.8,4.0,-0.04,4.7,1
USR-2046,1,2,3,1,1,4,1,1,0,2,24,77.9,52.7,7.2,71.4,39.0,10.5,5.7,2.0,0.05,6.7,2
USR-2047,0,3,0,0,3,1,2,1,2,1,17,73.9,51.9,6.3,82.0,31.0,8.9,5.5,2.0,0.39,5.1,1
USR-2048,4,4,1,3,4,3,2,4,2,1,18,71.0,59.1,7.0,78.5,23.0,10.2,3.3,4.0,0.32,4.8,1
USR-2049,0,1,2,4,2,3,2,0,3,3,20,78.6,61.3,8.0,77.9,47.0,10.3,6.2,5.0,0.2,5.4,1
USR-2050,4,4,4,3,4,3,1,3,2,1,23,84.0,46.6,6.4,79.5,25.0,9.8,6.3,2.0,0.28,4.6,2
USR-2051,2,3,2,2,2,2,0,1,3,2,25,85.0,49.7,6.4,79.1,22.0,10.5,6.7,3.0,0.26,5.9,2
USR-2052,4,3,4,4,4,3,4,2,2,1,19,70.8,55.1,6.9,75.8,28.0,7.7,6.3,4.0,0.06,4.1,1
USR-2053,3,2,2,2,3,3,4,4,1,3,17,75.6,72.0,6.5,72.2,55.0,8.5,5.3,3.0,0.38,3.6,0
USR-2054,4,3,2,2,0,4,2,3,4,3,29,82.0,50.6,5.2,69.3,30.0,10.8,6.4,1.0,-0.19,7.5,3
USR-2055,2,0,1,2,3,3,4,1,0,2,14,77.3,67.4,6.5,80.4,48.0,6.2,3.9,4.0,0.14,3.0,0
USR-2056,3,3,3,2,1,2,3,2,4,3,26,81.9,33.8,6.5,73.9,39.0,10.4,5.8,4.0,-0.19,7.1,3
USR-2057,2,0,1,3,0,4,0,4,2,3,21,70.8,55.1,7.3,80.4,36.0,8.0,6.8,3.0,0.17,6.3,1
USR-2058,2,4,4,2,3,2,1,2,2,0,22,78.2,51.3,7.2,65.9,47.0,8.3,4.9,3.0,0.23,5.6,1
USR-2059,3,4,4,2,1,0,4,3,1,3,21,80.7,52.4,6.4,72.9,22.0,8.5,3.8,2.0,0.09,5.0,1
USR-2060,4,2,4,1,3,2,3,2,0,2,21,79.6,41.2,7.5,71.4,23.0,9.1,4.6,3.0,-0.11,6.3,1
USR-2061,4,1,2,0,2,1,4,2,2,1,19,74.1,47.5,7.1,84.0,25.0,7.3,6.0,4.0,-0.07,5.5,1
USR-2062,3,3,3,3,1,1,4,1,3,2,22,76.3,52.0,6.6,74.5,40.0,10.3,5.4,3.0,-0.43,6.6,2
USR-2063,2,1,3,1,4,2,2,3,1,1,16,69.1,68.9,4.4,77.4,48.0,8.6,5.6,3.0,0.19,3.5,1
USR-2064,2,4,1,1,2,0,0,3,3,3,23,78.2,46.5,5.8,77.4,28.0,11.8,3.9,3.0,-0.03,5.7,2
USR-2065,3,1,3,3,3,3,1,1,1,0,19,72.3,53.1,5.6,74.8,36.0,9.2,2.4,4.0,-0.18,4.9,1
USR-2066,1,1,0,3,3,0,0,3,2,0,11,74.5,80.5,8.0,83.7,63.0,8.3,4.6,5.0,0.36,3.5,0
USR-2067,1,4,2,3,3,1,1,4,4,2,19,72.1,53.9,6.9,86.8,30.0,7.8,6.4,3.0,0.12,5.5,1
USR-2068,2,3,1,2,4,0,2,4,4,3,17,75.5,57.7,6.2,88.2,44.0,7.1,3.4,3.0,-0.21,4.7,1
USR-2069,2,4,1,4,3,0,1,1,2,3,19,76.9,55.3,7.1,75.7,30.0,9.6,5.9,5.0,-0.03,6.1,1
USR-2070,2,2,2,4,2,1,1,2,1,1,16,78.7,49.2,6.0,79.1,55.0,7.1,6.2,4.0,0.4,4.1,1
USR-2071,1,3,2,3,4,3,2,4,1,4,17,80.3,63.3,6.2,76.2,48.0,9.3,5.1,3.0,-0.04,3.8,1
USR-2072,0,3,3,3,1,4,2,1,4,4,27,87.1,41.0,5.6,62.1,13.0,12.1,7.3,1.0,-0.21,6.2,3
USR-2073,0,3,0,2,2,4,2,0,1,2,20,79.3,54.8,7.2,82.2,34.0,10.1,5.7,3.0,0.03,4.6,1
USR-2074,4,3,2,4,4,4,2,4,3,3,21,73.1,57.3,7.8,88.4,11.0,9.8,5.4,3.0,-0.04,5.1,1
USR-2075,2,3,1,1,3,1,3,2,2,2,18,70.4,73.0,6.5,76.3,51.0,9.0,6.1,4.0,0.2,4.6,1
USR-2076,2,2,3,1,3,1,4,2,4,0,18,71.5,47.0,8.0,74.4,64.0,8.2,7.2,3.0,0.25,4.6,1
USR-2077,3,1,3,2,3,0,1,2,2,2,19,80.4,63.2,6.9,76.4,12.0,8.7,4.8,3.0,0.28,5.2,1
USR-2078,1,3,2,0,3,3,0,4,2,0,20,77.9,61.9,6.9,77.4,20.0,8.3,5.4,2.0,-0.06,4.9,1
USR-2079,4,1,3,4,4,0,4,2,3,4,17,79.2,53.6,7.0,73.6,43.0,7.0,4.1,5.0,0.19,5.5,1
USR-2080,3,3,2,3,1,2,2,4,4,1,21,83.4,58.5,6.5,74.0,36.0,9.2,5.8,3.0,0.14,3.9,1
USR-2081,0,1,3,2,1,1,3,3,4,3,19,73.0,69.4,7.2,82.8,34.0,10.2,5.2,4.0,0.01,3.3,0
USR-2082,2,3,2,3,2,1,1,2,3,2,21,78.5,47.6,7.3,76.9,16.0,7.6,6.8,3.0,-0.17,6.3,1
USR-2083,4,3,2,2,3,4,3,2,3,3,25,81.8,50.7,5.6,79.6,36.0,11.4,7.5,3.0,-0.12,7.1,3
USR-2084,4,1,3,0,1,3,4,1,3,1,25,80.2,52.0,6.2,75.1,43.0,11.2,6.9,2.0,-0.27,7.3,3
USR-2085,2,0,0,3,0,3,3,3,3,3,18,73.1,61.8,8.3,73.1,74.0,9.2,6.3,4.0,-0.08,5.3,1
USR-2086,3,1,3,3,2,3,1,2,4,1,23,86.0,57.4,6.6,71.9,50.0,9.9,5.2,2.0,-0.05,5.9,2
USR-2087,1,3,3,2,4,4,4,4,2,4,19,76.9,57.6,7.1,79.0,23.0,8.6,4.4,4.0,-0.01,4.8,1
USR-2088,4,4,2,3,3,3,3,2,3,4,25,81.9,52.9,7.2,67.6,32.0,9.8,6.6,3.0,-0.11,5.0,2
USR-2089,1,0,0,1,2,4,3,2,2,3,18,71.7,50.2,6.5,72.2,47.0,8.1,5.3,4.0,-0.25,4.9,1
USR-2090,4,3,0,1,1,2,0,2,3,0,24,84.4,51.3,6.4,68.0,25.0,9.6,8.0,3.0,-0.16,5.0,1
USR-2091,3,2,4,1,2,3,3,3,4,1,24,76.0,46.2,7.1,76.6,42.0,9.8,4.1,3.0,-0.57,8.1,2
USR-2092,3,2,3,2,1,3,1,2,2,4,27,85.9,36.4,7.1,69.9,38.0,12.3,7.0,3.0,-0.42,5.9,3
USR-2093,2,4,1,4,1,2,1,1,1,1,20,79.9,50.9,4.9,82.9,52.0,9.7,6.1,3.0,-0.02,5.2,2
USR-2094,1,2,2,3,4,4,3,4,2,1,14,70.2,64.7,6.7,77.0,54.0,7.8,4.0,5.0,0.42,5.2,1
USR-2095,1,2,3,2,4,4,1,3,1,2,19,78.2,59.7,6.0,65.5,42.0,8.7,4.4,3.0,0.14,4.7,1
USR-2096,1,0,3,3,1,2,3,3,2,1,15,74.1,51.1,7.1,80.1,35.0,7.4,4.5,4.0,0.17,3.9,1
USR-2097,1,0,0,3,0,2,3,3,4,1,15,72.9,53.7,6.4,89.0,28.0,7.6,3.2,3.0,0.07,2.1,0
USR-2098,3,1,1,1,2,2,1,3,3,3,22,79.3,58.3,7.1,75.7,38.0,10.4,7.2,2.0,-0.11,4.6,1
USR-2099,2,0,4,1,2,4,3,2,4,2,24,81.3,54.1,6.5,67.1,28.0,9.0,8.7,5.0,0.14,6.5,2
USR-2100,0,3,0,4,1,3,4,0,1,1,15,73.8,68.3,7.9,72.6,39.0,7.5,4.5,4.0,-0.07,5.5,0
USR-2101,4,2,1,3,2,0,1,3,4,2,20,77.8,65.9,7.5,83.0,51.0,8.3,4.9,3.0,-0.15,4.5,1
USR-2102,4,2,4,4,1,2,3,1,3,2,24,75.5,54.3,6.9,70.0,49.0,8.7,4.7,3.0,0.09,6.3,2
USR-2103,4,1,3,2,3,0,2,3,0,3,17,74.1,55.4,6.7,87.0,26.0,9.9,4.0,4.0,0.02,6.8,1
USR-2104,4,2,1,3,3,3,2,0,3,1,22,80.6,53.4,6.7,78.8,33.0,9.5,5.2,3.0,0.33,6.1,2
USR-2105,1,3,0,1,3,2,2,2,4,3,21,78.9,67.0,6.3,72.4,31.0,8.8,6.8,3.0,0.11,6.2,1
USR-2106,2,4,0,1,2,2,2,0,0,2,21,83.1,75.9,5.6,82.1,40.0,9.2,8.8,5.0,0.2,4.8,1
USR-2107,3,0,1,2,4,3,0,2,3,2,20,80.6,58.7,7.5,72.4,10.0,9.3,4.8,2.0,-0.33,6.5,1
USR-2108,3,4,4,2,4,0,4,3,4,1,19,72.3,60.5,6.8,70.5,21.0,8.0,4.5,4.0,0.24,4.5,1
USR-2109,1,3,2,1,1,1,3,1,0,0,17,74.0,64.6,5.8,74.9,39.0,6.9,4.0,4.0,-0.08,3.9,1
USR-2110,3,3,3,1,1,2,2,2,3,4,28,82.9,45.2,6.5,74.8,38.0,11.8,7.0,3.0,-0.1,8.1,3
USR-2111,1,2,4,0,2,1,2,4,2,2,20,77.5,64.3,6.6,82.7,38.0,10.2,5.8,3.0,-0.07,4.7,1
USR-2112,1,0,2,3,0,2,2,2,2,3,19,76.6,64.3,5.2,75.8,47.0,9.3,5.5,3.0,0.07,5.0,1
USR-2113,2,0,1,2,2,4,2,3,3,4,21,81.4,56.6,5.6,66.9,39.0,10.3,5.2,3.0,-0.25,6.8,2
USR-2114,3,3,2,0,3,3,2,4,0,3,21,79.3,51.2,6.1,68.5,52.0,11.4,7.0,3.0,-0.37,4.7,1
USR-2115,3,2,4,1,2,4,2,4,3,2,25,88.0,36.6,6.5,67.9,50.0,9.1,6.9,1.0,-0.12,6.1,3
USR-2116,0,4,3,1,2,4,1,4,0,1,20,78.7,60.9,7.4,70.5,28.0,7.7,6.2,3.0,-0.06,4.8,1
USR-2117,4,2,0,3,2,2,1,2,2,4,22,75.1,54.2,7.2,76.8,46.0,10.1,6.1,3.0,-0.24,5.4,1
USR-2118,1,1,3,0,4,2,2,4,2,3,18,73.4,51.6,7.4,88.2,46.0,6.9,5.1,3.0,-0.28,4.9,1
USR-2119,1,3,3,3,1,1,4,3,2,3,18,78.8,48.5,6.9,82.5,70.0,8.7,4.5,4.0,-0.48,5.9,1
USR-2120,4,2,4,0,3,3,1,3,2,2,26,74.7,52.8,7.6,66.9,21.0,9.5,6.8,2.0,-0.08,7.8,3
USR-2121,4,2,1,1,0,3,0,0,3,4,32,81.3,27.2,6.3,64.5,23.0,11.6,7.4,2.0,-0.41,7.9,3
USR-2122,4,3,2,4,0,1,1,4,4,3,24,81.1,52.4,6.6,71.5,21.0,9.0,6.6,5.0,-0.24,5.5,2
USR-2123,3,4,4,3,2,2,4,3,4,2,23,84.9,58.0,6.9,76.7,22.0,10.9,4.3,4.0,-0.05,6.4,2
USR-2124,3,3,2,0,1,2,3,3,2,3,24,87.5,54.4,6.1,81.9,38.0,8.7,6.3,3.0,0.08,6.1,2
USR-2125,2,3,2,3,0,2,3,0,4,2,25,80.8,45.6,6.3,70.9,34.0,10.6,5.8,4.0,-0.1,6.3,3
USR-2126,0,3,0,2,1,4,4,1,4,0,19,81.9,46.3,5.2,85.4,45.0,8.1,4.5,3.0,-0.06,4.2,1
USR-2127,2,4,1,4,3,2,2,4,2,3,17,75.2,63.4,6.7,89.8,47.0,9.2,5.9,3.0,0.52,3.3,0
USR-2128,2,2,2,3,3,4,4,2,2,1,17,67.2,68.4,8.4,77.5,38.0,7.3,5.3,3.0,-0.04,4.6,0
USR-2129,1,0,4,3,1,2,2,2,0,2,17,74.8,54.2,7.1,77.4,38.0,8.5,7.5,5.0,-0.19,3.8,1
USR-2130,3,1,2,4,3,3,1,3,2,2,18,72.7,61.6,7.0,76.7,28.0,10.3,5.7,5.0,0.08,4.4,1
USR-2131,2,1,2,1,1,4,3,0,4,2,26,87.3,60.2,7.0,72.8,22.0,10.0,6.0,3.0,-0.23,7.7,2
USR-2132,0,3,3,3,3,4,2,2,3,2,21,78.2,56.5,6.9,74.5,36.0,10.6,5.5,4.0,0.16,5.4,1
USR-2133,1,3,1,2,2,0,3,2,3,4,19,70.2,53.1,6.2,82.2,41.0,8.8,4.2,1.0,-0.08,5.9,1
USR-2134,3,3,2,0,3,1,2,2,1,2,21,70.9,62.1,6.7,68.5,45.0,8.5,6.9,5.0,-0.06,5.7,1
USR-2135,0,0,3,0,4,2,3,2,1,1,14,72.1,56.6,6.4,78.8,52.0,8.3,5.1,4.0,0.01,4.4,1
USR-2136,4,3,4,1,4,2,1,1,2,3,27,71.5,35.9,6.3,73.4,48.0,10.8,6.7,5.0,-0.05,6.3,3
USR-2137,2,2,3,3,0,3,0,1,4,1,27,81.0,52.7,5.5,76.1,18.0,7.8,5.3,4.0,-0.18,7.7,3
USR-2138,2,3,3,3,4,4,4,3,2,1,17,76.0,55.5,7.8,90.2,38.0,9.2,5.9,4.0,0.03,4.9,1
USR-2139,3,2,1,2,0,1,4,4,4,0,17,69.6,56.2,6.6,72.8,30.0,7.4,4.2,3.0,0.06,4.4,1
USR-2140,3,2,4,0,4,2,4,2,1,0,18,80.7,52.5,6.3,75.2,55.0,7.3,4.7,4.0,0.06,5.1,1
USR-2141,2,1,1,2,2,1,3,2,3,2,17,80.8,55.0,6.9,67.9,35.0,9.2,5.3,2.0,-0.2,4.0,0
USR-2142,3,0,3,4,2,4,3,1,3,2,21,73.3,65.0,7.0,70.7,50.0,10.8,5.0,4.0,0.2,5.2,1
USR-2143,3,3,1,2,0,4,2,3,4,1,25,80.4,62.0,5.3,64.4,49.0,10.0,5.3,1.0,0.07,6.3,2
USR-2144,1,4,4,3,1,2,1,4,0,3,21,83.3,68.1,6.2,73.6,41.0,7.5,5.6,3.0,-0.02,5.0,1
USR-2145,4,3,3,3,3,1,1,2,1,1,20,77.5,63.7,6.8,75.9,41.0,8.2,6.5,4.0,-0.01,6.5,1
USR-2146,3,1,3,3,4,3,2,2,1,4,20,70.5,58.7,7.8,79.3,38.0,8.5,6.4,4.0,-0.2,4.9,1
USR-2147,3,2,1,2,3,3,4,3,4,3,20,76.8,43.5,4.7,75.5,34.0,9.2,6.2,2.0,0.35,6.9,2
USR-2148,4,3,2,4,3,2,1,3,1,0,17,70.6,57.2,7.5,81.6,36.0,8.5,5.6,2.0,0.39,4.7,1
USR-2149,4,3,3,2,3,4,4,2,0,4,23,85.7,68.5,6.2,75.3,32.0,10.0,5.4,3.0,-0.01,5.7,1
USR-2150,3,1,3,4,1,4,2,3,2,2,21,81.4,50.3,6.3,71.1,58.0,10.3,6.7,3.0,0.13,5.1,2
USR-2151,3,0,1,1,0,2,3,3,2,2,19,75.1,68.4,6.3,69.3,26.0,9.3,3.6,4.0,0.28,5.4,1
USR-2152,3,3,4,2,0,3,1,4,4,2,28,85.2,45.4,5.8,73.9,31.0,11.3,6.9,3.0,-0.03,7.7,3
USR-2153,3,2,4,0,2,2,1,1,4,3,30,79.7,21.1,6.4,77.7,35.0,10.2,7.6,2.0,-0.47,5.3,3
USR-2154,3,1,1,3,1,3,4,4,2,2,16,70.2,65.1,6.7,92.7,39.0,12.4,4.9,4.0,0.06,4.4,0
USR-2155,3,0,3,2,0,2,1,2,4,1,24,88.8,60.1,7.7,78.7,38.0,10.3,5.3,3.0,-0.03,4.5,1
USR-2156,1,2,2,1,1,2,2,3,3,1,20,77.8,54.6,7.2,84.3,19.0,9.8,5.5,4.0,0.04,6.0,1
USR-2157,4,4,2,1,1,0,1,3,1,3,24,85.7,59.9,6.6,76.3,49.0,11.7,5.2,5.0,0.03,6.9,3
USR-2158,4,4,2,4,4,1,1,2,4,1,21,79.5,40.4,6.5,77.8,50.0,9.3,6.1,4.0,0.1,5.5,2
USR-2159,0,3,3,3,1,1,1,3,3,1,19,83.2,45.2,7.8,78.3,37.0,8.1,6.3,4.0,0.08,5.2,1
USR-2160,3,2,3,2,2,2,3,2,2,2,21,68.4,55.4,7.7,75.7,26.0,10.7,6.1,5.0,-0.55,4.3,1
USR-2161,1,0,2,3,3,3,2,1,3,3,19,75.7,60.1,5.9,80.8,48.0,10.5,5.8,4.0,0.26,4.6,1
USR-2162,2,2,3,2,2,3,2,2,2,1,21,86.6,64.6,6.1,73.6,23.0,9.3,6.4,3.0,0.14,5.0,1
USR-2163,3,2,3,2,0,2,1,2,1,1,23,84.9,56.4,7.0,74.0,22.0,11.6,6.8,4.0,0.32,5.5,1
USR-2164,1,3,3,4,2,2,3,1,3,3,21,85.0,44.2,7.4,70.4,36.0,9.1,4.8,3.0,-0.13,6.2,2
USR-2165,3,2,0,1,0,3,3,4,3,1,20,77.5,56.7,6.5,79.4,56.0,10.1,4.0,2.0,-0.37,6.3,1
USR-2166,3,1,4,2,2,2,0,1,3,3,27,80.9,51.1,5.5,67.0,37.0,11.9,6.7,2.0,-0.25,7.2,3
USR-2167,2,0,2,2,1,4,2,2,1,4,22,74.1,37.5,6.6,75.7,27.0,9.4,6.7,4.0,0.03,5.4,2
USR-2168,0,2,1,2,3,2,0,1,4,4,23,74.6,50.9,7.7,77.3,14.0,10.0,4.3,3.0,-0.18,5.3,2
USR-2169,2,0,1,2,3,3,3,2,0,0,12,74.5,62.3,7.5,85.9,47.0,9.0,4.6,5.0,0.51,3.6,0
USR-2170,3,1,2,2,2,0,3,2,2,2,17,77.4,53.5,6.0,83.1,44.0,8.1,6.3,4.0,-0.04,4.8,1
USR-2171,4,4,4,1,2,3,4,2,1,1,24,80.7,54.0,6.5,72.9,32.0,8.6,5.9,3.0,-0.14,5.9,1
USR-2172,3,2,2,2,2,4,1,1,0,4,25,84.4,39.6,6.9,75.7,54.0,11.3,7.6,3.0,-0.2,5.8,2
USR-2173,1,2,3,1,4,4,2,0,2,4,25,82.6,52.1,6.2,70.8,30.0,10.1,7.5,3.0,0.4,6.8,3
USR-2174,3,4,0,1,1,4,1,3,3,1,25,86.7,53.2,7.3,63.4,4.0,9.1,5.9,2.0,-0.33,6.9,2
USR-2175,2,4,2,0,3,2,2,3,4,3,25,86.6,57.4,7.0,75.9,27.0,9.9,5.8,2.0,-0.03,5.3,2
USR-2176,3,3,4,3,3,3,2,2,4,4,27,78.3,37.3,6.1,73.2,35.0,10.7,6.0,2.0,-0.45,6.4,3
USR-2177,1,3,3,2,2,2,0,0,3,1,25,83.2,36.7,6.3,78.3,37.0,7.9,6.3,3.0,-0.08,6.9,3
USR-2178,3,2,1,3,2,3,3,4,2,1,16,65.7,62.2,5.6,79.9,40.0,9.3,3.8,3.0,-0.07,5.2,1
USR-2179,2,2,2,3,2,1,2,1,3,0,18,76.4,55.2,7.9,70.5,36.0,9.2,3.9,5.0,0.28,4.9,1
USR-2180,4,2,1,3,0,4,3,4,4,2,23,83.1,74.5,6.2,74.3,10.0,11.4,3.6,3.0,0.09,6.2,1
USR-2181,2,3,2,2,0,4,1,2,2,4,28,77.9,48.7,5.7,75.4,30.0,9.9,6.5,3.0,-0.19,7.2,3
USR-2182,3,3,3,2,1,2,4,2,3,4,25,79.8,49.2,5.9,75.6,28.0,11.4,8.2,2.0,-0.43,7.1,2
USR-2183,4,2,3,2,1,2,4,3,2,1,20,77.5,53.6,7.1,76.3,40.0,8.9,3.5,4.0,-0.01,4.4,1
USR-2184,1,1,1,3,2,1,4,4,2,1,10,69.9,57.8,6.7,76.2,55.0,7.7,4.1,3.0,0.24,3.3,0
USR-2185,4,3,4,2,4,3,3,2,2,2,23,78.7,55.8,5.7,69.6,49.0,9.8,5.7,3.0,0.08,5.2,2
USR-2186,3,1,3,4,1,2,3,2,3,3,21,72.5,53.1,6.6,78.6,25.0,11.7,5.5,3.0,-0.21,6.3,1
USR-2187,0,3,2,4,4,4,3,2,3,3,18,75.5,56.9,6.4,70.2,24.0,7.2,6.5,4.0,0.29,4.0,1
USR-2188,2,3,2,1,4,3,1,4,2,2,20,69.2,55.8,7.0,75.4,31.0,9.6,4.6,4.0,0.19,5.6,1
USR-2189,3,3,3,1,4,3,3,3,3,3,23,79.0,53.0,6.0,74.9,25.0,9.5,3.9,2.0,-0.36,5.2,2
USR-2190,0,3,2,3,3,2,3,1,4,0,17,72.7,44.8,8.3,85.0,31.0,8.5,4.6,2.0,0.05,5.2,1
USR-2191,3,4,2,2,2,0,4,1,4,2,22,78.6,59.2,7.1,78.6,53.0,10.0,5.1,2.0,-0.07,6.0,1
USR-2192,2,2,2,0,0,4,2,1,1,4,28,81.7,38.2,6.6,75.8,30.0,11.5,4.3,3.0,-0.04,7.1,3
USR-2193,3,3,1,4,3,3,1,1,1,0,18,68.2,56.4,6.4,80.0,63.0,9.3,5.5,4.0,-0.08,6.4,1
USR-2194,0,3,3,1,2,4,3,1,3,2,24,79.2,60.3,8.3,69.8,33.0,11.1,4.8,3.0,-0.08,5.5,1
USR-2195,4,1,2,4,4,2,4,3,2,2,14,76.9,76.7,6.9,78.4,30.0,7.8,4.7,5.0,0.4,4.7,0
USR-2196,4,0,1,3,4,3,1,1,0,2,17,81.2,45.1,6.4,74.6,31.0,8.5,4.8,5.0,0.14,5.6,1
USR-2197,4,2,3,3,2,0,2,2,2,3,21,90.6,54.0,7.2,79.2,49.0,7.9,4.6,4.0,-0.4,6.2,1
USR-2198,3,2,4,1,2,3,2,3,3,3,26,91.2,49.7,6.4,69.0,17.0,12.3,7.1,2.0,-0.28,6.0,3
USR-2199,1,3,4,1,1,3,1,2,3,4,29,79.4,31.7,5.3,68.3,34.0,10.1,6.3,3.0,-0.09,7.0,3
USR-2200,3,4,2,2,0,3,0,0,2,2,30,84.2,48.9,7.6,69.6,22.0,10.1,6.8,3.0,-0.14,6.9,3
USR-2201,0,1,1,1,2,3,2,0,2,2,20,77.4,55.9,7.5,85.2,26.0,9.7,6.1,3.0,-0.45,5.0,1
USR-2202,0,1,2,2,2,1,4,1,3,0,14,71.8,64.1,7.3,84.8,61.0,9.4,5.0,4.0,0.22,3.3,0
USR-2203,2,4,1,2,3,4,0,3,1,3,23,80.5,43.9,8.4,70.9,27.0,8.6,6.0,2.0,0.1,5.6,2
USR-2204,2,1,4,1,2,4,2,3,2,1,22,91.3,55.8,7.2,76.3,25.0,10.7,4.9,3.0,0.05,6.8,2
USR-2205,3,2,1,1,4,0,3,0,0,3,17,69.5,65.5,7.0,87.5,40.0,8.2,4.0,3.0,0.22,4.4,1
USR-2206,3,3,1,3,3,4,4,2,2,1,18,72.2,58.5,8.8,81.6,34.0,10.4,5.4,4.0,0.47,4.9,1
USR-2207,2,2,2,1,4,2,4,1,2,0,16,82.2,55.9,7.6,72.0,69.0,7.8,4.0,4.0,0.11,3.8,0
USR-2208,1,0,2,0,1,3,2,3,3,1,20,74.4,51.5,7.2,72.4,50.0,9.9,6.3,2.0,0.06,5.2,1
USR-2209,4,0,3,3,4,2,4,2,3,4,19,78.6,58.0,6.5,72.8,32.0,8.9,5.2,4.0,-0.16,5.7,1
USR-2210,2,1,2,4,3,4,0,2,2,2,20,82.7,55.4,6.8,84.2,32.0,7.6,6.1,3.0,-0.13,5.6,1
USR-2211,2,3,1,2,1,1,3,2,0,1,16,76.4,67.2,6.8,86.3,18.0,6.7,4.0,4.0,0.05,5.5,1
USR-2212,1,2,1,1,1,2,3,1,1,1,18,76.7,53.7,8.1,75.4,41.0,7.8,4.1,4.0,0.23,3.9,1
USR-2213,3,1,2,3,4,2,1,3,3,2,18,80.4,47.8,5.6,75.3,31.0,9.9,6.9,2.0,-0.09,4.2,1
USR-2214,3,3,1,4,0,2,2,4,0,0,15,68.7,64.1,8.3,81.0,44.0,5.9,4.7,3.0,0.4,3.9,0
USR-2215,1,3,3,3,2,3,1,4,1,2,19,74.1,52.4,6.1,78.1,15.0,9.3,6.3,2.0,-0.19,6.3,1
USR-2216,0,0,3,3,2,1,4,0,3,1,15,75.8,67.5,7.1,75.9,43.0,8.5,3.5,4.0,0.28,4.4,0
USR-2217,3,2,3,2,3,3,2,3,3,2,22,68.9,52.6,6.3,74.3,56.0,7.3,5.5,4.0,0.05,4.5,2
USR-2218,3,3,4,2,3,4,3,3,2,1,22,86.3,57.7,6.2,68.2,36.0,8.3,7.1,2.0,-0.01,6.5,2
USR-2219,1,1,4,0,2,3,1,4,2,2,22,80.8,44.4,7.1,81.9,26.0,8.3,4.2,3.0,0.14,5.8,1
USR-2220,4,2,4,3,2,4,1,1,4,3,30,87.0,43.6,5.9,60.7,26.0,10.6,9.0,3.0,-0.45,8.1,3
USR-2221,1,3,1,3,4,2,4,3,4,0,13,63.2,58.2,6.8,73.4,45.0,9.7,4.8,3.0,0.12,5.0,0
USR-2222,2,4,1,4,3,2,3,0,2,2,19,70.2,46.5,7.0,79.9,65.0,10.1,4.6,3.0,-0.16,4.3,1
USR-2223,4,3,2,1,4,2,4,3,3,2,20,75.5,48.1,6.2,70.8,34.0,8.6,5.9,3.0,0.0,6.5,2
USR-2224,2,3,4,0,2,0,2,2,3,1,23,84.2,46.9,6.1,72.2,20.0,8.5,7.0,4.0,-0.11,5.8,2
USR-2225,3,3,4,2,1,4,1,3,4,3,30,75.9,52.5,4.7,69.8,27.0,8.6,5.9,3.0,-0.13,7.0,3
USR-2226,2,2,4,3,2,1,2,4,2,3,19,80.6,51.7,6.5,81.1,41.0,8.4,4.7,4.0,0.11,5.2,1
USR-2227,1,3,1,3,3,4,2,2,3,3,21,76.6,43.6,7.1,75.1,43.0,8.1,5.9,4.0,0.11,4.5,1
USR-2228,4,2,4,1,1,0,1,2,3,1,25,80.8,49.8,6.3,82.1,41.0,9.7,6.6,3.0,-0.19,6.3,2
USR-2229,2,1,2,1,1,3,3,1,2,2,22,80.5,52.7,8.0,75.5,59.0,9.3,5.6,4.0,0.02,5.5,1
USR-2230,4,3,0,2,0,1,2,2,3,1,22,80.6,48.6,8.7,81.5,28.0,8.7,6.2,3.0,0.3,4.9,1
USR-2231,1,2,2,2,2,0,1,2,1,2,17,71.3,57.5,6.6,80.6,33.0,8.0,6.0,1.0,-0.18,4.1,1
USR-2232,1,2,0,4,3,3,2,1,1,2,15,76.2,69.1,6.5,91.4,21.0,7.4,5.0,2.0,-0.22,5.1,1
USR-2233,0,4,2,2,0,2,3,4,2,2,19,65.0,61.6,7.7,83.0,47.0,8.2,4.7,3.0,0.16,4.9,0
USR-2234,3,0,2,3,3,3,3,1,4,3,21,76.1,58.4,6.9,76.5,26.0,10.9,5.6,3.0,-0.2,4.7,1
USR-2235,2,2,2,3,4,2,2,3,2,0,14,73.0,53.0,8.2,84.6,55.0,8.7,6.5,3.0,-0.1,4.3,0
USR-2236,4,0,3,3,1,1,2,4,3,4,21,76.7,76.8,7.0,74.9,30.0,9.8,6.0,3.0,0.08,6.1,1
USR-2237,2,3,4,2,3,4,1,4,3,1,23,71.0,59.7,6.3,73.4,55.0,10.7,7.1,4.0,-0.29,5.9,2
USR-2238,4,3,3,3,4,2,4,3,1,3,18,79.5,61.6,6.8,72.0,23.0,9.8,4.7,4.0,0.37,3.8,0
USR-2239,1,2,2,1,4,3,4,1,2,2,18,69.5,48.2,7.3,74.5,52.0,10.4,5.5,4.0,0.09,2.8,1
USR-2240,4,3,3,2,1,2,3,3,3,4,26,82.4,55.1,6.1,82.8,42.0,10.6,7.0,2.0,-0.22,5.8,2
USR-2241,3,2,4,1,1,3,0,1,4,0,29,86.1,39.7,6.9,64.2,34.0,10.6,8.1,2.0,-0.43,8.0,3
USR-2242,3,3,1,2,1,2,2,4,1,2,19,76.7,54.7,5.8,74.5,25.0,8.1,6.6,4.0,0.07,5.8,2
USR-2243,4,2,2,2,3,1,3,3,2,2,18,81.6,44.1,7.9,78.0,46.0,7.7,4.1,4.0,-0.26,4.2,1
USR-2244,3,2,2,1,3,2,4,3,0,4,18,75.5,47.6,5.4,78.2,41.0,9.8,6.4,4.0,-0.43,4.6,1
USR-2245,3,4,0,4,3,2,4,0,1,4,19,78.8,59.8,7.0,79.7,17.0,8.7,7.1,4.0,-0.28,5.6,1
USR-2246,1,1,3,1,2,2,4,3,2,1,16,73.7,68.0,6.8,77.7,61.0,6.8,4.4,4.0,0.35,4.3,1
USR-2247,0,1,4,3,1,3,0,3,2,3,22,82.3,58.0,5.4,77.7,31.0,6.8,4.9,4.0,-0.24,6.4,2
USR-2248,4,3,1,4,3,3,4,4,1,2,15,80.1,66.5,5.5,86.5,61.0,10.8,4.9,3.0,-0.14,4.1,1
USR-2249,3,4,3,0,2,0,3,0,1,1,23,80.8,50.7,5.6,81.1,33.0,8.3,6.1,2.0,-0.11,6.3,3
USR-2250,3,2,4,3,3,2,3,4,3,1,18,79.7,54.2,7.0,77.2,52.0,7.9,4.9,2.0,0.5,4.6,1
USR-2251,2,0,4,1,2,2,2,0,4,4,27,90.9,48.6,5.7,74.8,19.0,11.5,5.2,3.0,0.01,6.1,3
USR-2252,1,2,1,0,2,0,2,3,2,2,17,81.7,65.3,6.2,73.5,43.0,7.1,6.6,3.0,-0.07,5.5,1
USR-2253,1,2,4,2,2,1,2,3,3,1,19,74.7,56.3,7.9,74.1,40.0,9.5,4.5,4.0,-0.13,3.8,1
USR-2254,3,1,2,4,1,0,1,1,1,1,17,80.1,68.4,6.0,73.4,37.0,10.7,4.6,4.0,-0.07,4.1,1
USR-2255,2,3,2,0,1,4,2,0,4,1,29,86.6,42.0,6.5,70.0,17.0,12.9,6.7,2.0,-0.45,7.1,3
USR-2256,1,4,0,3,0,3,4,3,3,2,19,82.2,48.4,6.1,73.5,2.0,8.3,3.9,2.0,0.14,5.7,2
USR-2257,2,2,0,2,2,0,0,2,3,2,19,79.5,56.2,5.9,70.1,28.0,8.8,3.8,4.0,-0.04,4.3,1
USR-2258,0,2,3,4,0,0,1,1,0,2,17,76.3,59.6,6.5,77.3,49.0,8.1,4.7,3.0,-0.13,4.7,1
USR-2259,3,2,2,0,1,3,1,3,3,1,25,84.0,48.1,6.8,64.6,15.0,9.7,7.0,3.0,-0.42,5.2,2
USR-2260,1,1,1,3,3,2,2,4,2,2,13,72.7,74.0,6.3,88.9,31.0,9.5,4.8,4.0,0.67,4.1,0
USR-2261,3,4,1,3,2,3,4,3,2,0,17,76.3,65.2,7.2,76.5,24.0,6.9,3.1,4.0,0.24,6.1,1
USR-2262,2,2,3,3,3,4,1,1,1,4,24,80.2,38.6,5.6,78.9,36.0,10.4,7.4,2.0,-0.29,4.5,2
USR-2263,2,2,0,4,3,3,1,0,3,1,19,75.4,68.5,6.2,75.3,28.0,8.6,6.2,4.0,0.27,4.5,1
USR-2264,0,3,3,3,3,1,4,3,3,3,16,82.8,38.1,7.4,74.0,57.0,10.0,5.2,4.0,-0.11,5.1,1
USR-2265,0,2,0,0,4,3,4,2,0,2,13,73.8,81.0,9.1,88.1,54.0,9.5,4.8,4.0,0.18,6.1,0
USR-2266,2,3,1,2,0,4,0,3,3,2,26,79.9,45.2,5.5,72.9,33.0,9.4,6.9,3.0,-0.23,7.0,3
USR-2267,2,0,2,2,3,3,3,3,1,2,15,71.7,59.7,7.8,90.2,47.0,8.1,7.2,4.0,0.19,3.6,0
USR-2268,3,3,2,2,4,3,3,2,1,3,20,82.8,54.5,6.5,74.7,28.0,10.1,6.4,3.0,-0.19,5.1,1
USR-2269,2,4,2,2,4,2,3,1,3,4,23,76.4,54.3,6.1,72.5,25.0,10.6,6.2,3.0,-0.06,4.9,2
USR-2270,3,3,2,2,1,2,2,4,2,2,21,71.0,53.7,7.5,81.3,45.0,6.2,4.4,5.0,-0.38,6.1,1
USR-2271,4,4,4,2,2,3,4,2,2,1,24,74.0,48.9,5.7,79.1,44.0,10.7,6.2,4.0,-0.2,6.9,3
USR-2272,3,1,3,4,1,4,0,3,2,3,24,72.4,60.5,5.5,74.8,41.0,11.6,6.8,3.0,0.15,7.2,2
USR-2273,0,2,0,0,3,3,1,4,3,1,17,68.4,63.3,7.4,95.9,35.0,8.9,5.0,4.0,0.3,4.3,1
USR-2274,2,3,2,4,3,3,2,4,2,3,18,69.8,49.8,8.2,77.1,35.0,9.8,4.7,3.0,-0.08,4.2,1
USR-2275,1,3,4,2,2,1,2,3,4,0,20,84.4,60.9,7.3,70.7,26.0,10.5,6.1,3.0,-0.31,6.4,1
USR-2276,1,2,2,3,2,1,4,2,2,3,16,73.8,64.2,6.0,75.0,51.0,8.7,4.0,3.0,-0.32,5.5,1
USR-2277,4,2,0,3,3,2,3,4,3,2,16,72.2,55.6,6.6,78.6,18.0,9.4,5.9,4.0,0.24,3.6,0
USR-2278,1,1,3,2,2,1,0,3,1,1,17,67.7,65.1,7.8,86.8,14.0,8.6,4.7,4.0,0.15,4.3,0
USR-2279,2,2,3,2,4,3,2,2,2,3,21,77.7,52.5,7.9,75.3,12.0,9.1,3.5,4.0,0.05,6.1,1
USR-2280,3,1,3,2,3,2,2,2,2,2,20,68.8,53.2,6.9,84.8,12.0,8.2,5.0,3.0,0.34,5.0,1
USR-2281,3,3,0,2,0,3,4,2,2,1,20,75.7,53.0,6.3,79.2,54.0,9.2,5.4,4.0,0.03,5.3,1
USR-2282,2,1,1,4,3,3,3,4,2,2,13,81.7,44.3,8.7,87.7,55.0,10.2,5.2,4.0,0.26,2.6,0
USR-2283,0,0,3,3,1,2,3,2,1,2,15,76.4,57.0,7.1,82.7,29.0,7.2,5.3,6.0,-0.13,3.3,0
USR-2284,2,2,1,1,2,1,3,3,0,0,13,70.3,69.5,6.9,84.1,44.0,8.7,3.3,5.0,0.53,3.7,0
USR-2285,2,3,2,1,4,3,3,4,1,4,19,80.1,56.1,6.2,81.5,56.0,9.2,5.5,5.0,-0.0,4.5,1
USR-2286,0,4,2,2,4,4,3,3,3,3,20,74.9,44.7,5.8,74.2,44.0,10.8,5.0,4.0,-0.16,4.3,2
USR-2287,2,3,2,0,2,3,1,3,3,1,24,77.0,57.7,8.7,71.2,58.0,11.6,5.6,2.0,-0.08,5.8,1
USR-2288,0,2,4,3,2,0,4,4,2,3,14,80.8,60.1,8.4,83.2,43.0,7.0,3.8,4.0,0.58,3.3,0
USR-2289,0,3,4,1,1,0,3,2,2,2,20,71.8,45.2,6.2,86.7,30.0,8.3,5.4,5.0,0.43,5.3,2
USR-2290,2,2,3,2,2,2,3,1,0,3,20,75.7,72.6,8.1,69.3,25.0,8.4,8.6,4.0,-0.19,6.0,1
USR-2291,1,0,0,0,1,1,4,4,1,1,11,71.2,57.8,8.0,73.6,48.0,7.1,6.2,3.0,0.51,3.1,0
USR-2292,3,3,1,2,2,3,3,2,3,3,23,75.4,58.3,6.9,73.4,45.0,9.0,4.9,3.0,-0.02,5.5,2
USR-2293,3,4,2,3,0,4,3,1,3,3,28,87.8,38.8,5.5,76.2,30.0,10.6,6.6,2.0,-0.04,7.8,3
USR-2294,3,2,1,2,2,1,4,1,1,2,17,73.3,59.8,6.6,79.5,37.0,7.5,4.8,3.0,0.15,5.2,1
USR-2295,1,2,4,4,1,2,1,1,1,1,20,80.8,47.8,6.7,71.2,53.0,8.1,5.6,4.0,0.12,5.9,2
USR-2296,1,1,1,4,4,1,2,3,3,1,11,72.6,56.3,6.0,84.1,54.0,6.7,5.3,5.0,0.53,1.3,0
USR-2297,1,1,2,2,3,4,3,3,1,2,16,72.8,64.2,6.7,71.3,41.0,9.0,4.9,3.0,-0.23,4.0,0
USR-2298,3,2,2,0,2,2,2,1,2,1,23,88.7,54.5,6.5,77.9,25.0,9.4,5.2,3.0,-0.02,5.4,2
USR-2299,3,3,3,4,0,3,3,4,3,2,22,75.9,61.7,7.6,74.0,32.0,9.0,6.9,2.0,-0.29,5.0,1
USR-2300,0,0,1,4,2,2,3,2,3,3,14,79.0,62.2,6.8,81.1,50.0,7.1,3.5,4.0,0.09,4.8,0
USR-2301,4,4,2,3,1,3,3,3,2,3,24,86.9,67.8,7.0,76.1,24.0,7.7,6.2,1.0,-0.12,5.7,1
USR-2302,0,3,1,1,2,2,4,2,4,2,19,85.5,58.4,5.2,78.8,24.0,10.8,3.9,3.0,-0.17,3.9,1
USR-2303,2,3,4,4,3,2,1,3,1,1,18,76.6,62.0,7.9,75.8,34.0,8.4,4.2,3.0,-0.06,5.0,1
USR-2304,3,3,0,1,3,3,3,2,3,3,22,75.3,41.6,5.9,80.7,35.0,12.6,6.5,2.0,-0.34,5.7,2
USR-2305,4,0,4,3,3,3,2,2,1,4,22,89.6,47.6,6.7,79.5,52.0,10.2,5.1,2.0,-0.18,4.9,1
USR-2306,3,2,3,4,2,2,2,4,3,2,19,75.0,60.4,7.2,68.9,25.0,11.0,3.5,3.0,0.13,5.9,1
USR-2307,3,3,2,1,4,1,1,0,4,0,23,76.1,50.6,6.7,73.6,37.0,10.6,5.2,3.0,0.08,6.3,2
USR-2308,2,3,3,4,4,2,4,4,2,3,15,72.2,62.8,7.1,75.3,40.0,8.4,4.0,4.0,-0.0,4.6,0
USR-2309,3,3,0,2,2,2,3,3,3,3,20,72.6,48.5,5.8,70.7,35.0,8.3,4.2,3.0,0.27,5.6,1
USR-2310,0,1,4,4,2,3,3,2,3,0,16,76.6,61.0,6.4,82.7,60.0,7.2,5.6,2.0,0.24,5.3,1
USR-2311,4,4,2,2,2,4,2,3,1,3,25,78.8,49.7,7.1,71.2,33.0,11.1,4.6,3.0,0.14,6.2,2
USR-2312,2,1,2,4,1,0,1,1,3,3,20,76.1,45.6,6.3,76.3,27.0,9.3,4.9,3.0,-0.35,4.3,1
USR-2313,3,4,2,0,3,1,2,2,4,2,25,86.7,53.9,6.2,69.9,43.0,10.5,6.3,2.0,-0.09,6.1,2
USR-2314,2,4,0,3,2,1,2,4,3,3,18,78.9,43.9,5.7,80.4,50.0,9.7,4.9,2.0,0.18,3.5,1
USR-2315,3,1,4,2,1,2,4,1,1,2,21,78.5,55.2,7.3,79.6,24.0,9.6,5.2,3.0,-0.37,4.6,1
USR-2316,2,3,0,2,1,2,0,3,1,3,21,79.2,67.9,5.6,87.1,22.0,8.6,4.9,4.0,0.45,6.8,2
USR-2317,3,0,3,1,2,3,4,2,1,2,19,76.7,61.7,7.6,76.8,44.0,10.1,4.2,3.0,-0.1,4.2,1
USR-2318,0,2,2,3,4,1,4,3,1,1,9,65.7,74.1,6.9,78.0,49.0,7.1,3.5,4.0,0.44,2.0,0
USR-2319,0,2,4,1,3,3,4,1,2,3,21,78.4,46.6,7.5,73.7,31.0,9.3,6.3,3.0,0.16,6.0,1
USR-2320,1,3,1,2,3,4,2,2,0,3,19,79.1,70.4,6.8,82.0,51.0,9.7,4.9,3.0,0.05,5.7,1
USR-2321,1,4,2,1,2,4,4,4,1,4,21,77.7,64.8,6.2,72.4,29.0,9.1,5.8,2.0,0.25,4.1,1
USR-2322,4,3,2,4,3,4,2,1,2,2,23,82.2,44.5,7.8,67.3,39.0,7.3,7.0,3.0,0.31,6.1,2
USR-2323,1,2,3,0,2,3,0,3,2,0,22,75.1,48.7,6.5,71.7,49.0,10.5,6.3,3.0,-0.28,5.2,2
USR-2324,4,3,0,1,3,4,1,3,3,4,26,79.7,57.5,5.9,69.8,27.0,11.4,5.0,2.0,-0.16,6.8,2
USR-2325,2,4,1,1,0,1,4,3,3,3,22,75.6,66.9,7.3,70.1,13.0,7.1,6.2,4.0,0.12,5.4,1
USR-2326,1,0,1,2,2,1,0,3,0,4,16,71.2,49.9,5.9,81.1,37.0,7.1,6.0,2.0,-0.21,3.3,1
USR-2327,3,4,3,1,2,0,2,2,0,1,20,83.9,47.0,4.7,76.6,40.0,11.4,4.9,4.0,0.21,4.9,2
USR-2328,3,0,1,2,2,3,0,0,0,2,21,82.0,52.6,7.6,80.2,48.0,9.4,4.0,4.0,0.31,6.0,2
USR-2329,2,3,3,4,4,4,2,4,2,1,17,69.5,41.4,6.3,77.0,35.0,8.6,4.7,3.0,0.35,6.2,1
USR-2330,2,2,1,3,1,1,0,3,0,3,18,77.9,57.7,7.6,81.3,60.0,8.2,5.4,4.0,0.15,5.1,1
USR-2331,3,1,4,3,2,3,4,1,3,4,24,79.0,59.5,6.4,71.5,17.0,8.4,6.6,2.0,0.19,5.8,2
USR-2332,1,2,4,0,2,3,3,2,1,2,22,75.8,41.0,5.6,69.9,37.0,9.1,5.2,3.0,0.01,4.7,2
USR-2333,4,3,2,3,4,4,4,3,4,1,20,70.1,56.0,7.2,74.3,35.0,10.2,3.5,2.0,-0.26,5.1,1
USR-2334,4,2,2,1,2,3,3,4,2,1,20,82.4,50.3,6.4,68.9,54.0,9.0,4.2,3.0,-0.1,4.9,1
USR-2335,3,0,1,3,3,4,4,4,2,3,15,66.3,74.4,6.3,89.7,25.0,9.0,5.2,3.0,0.1,4.4,0
USR-2336,1,3,0,1,4,2,2,4,3,2,16,73.7,55.4,6.3,80.7,47.0,10.5,7.0,3.0,0.11,4.4,1
USR-2337,3,4,1,2,2,2,3,1,3,3,24,76.3,62.2,5.0,70.0,30.0,8.9,6.0,3.0,-0.14,6.5,3
USR-2338,0,2,3,2,2,2,3,4,3,2,17,78.8,54.0,7.3,77.4,59.0,8.9,6.4,3.0,0.02,4.3,1
USR-2339,0,1,2,4,2,2,2,4,4,2,15,71.5,67.4,6.4,68.5,33.0,9.5,3.8,5.0,0.19,5.6,0
USR-2340,1,2,4,1,3,0,4,2,2,0,15,72.5,63.3,7.2,87.9,48.0,7.1,4.2,4.0,0.45,4.7,0
USR-2341,2,0,2,3,0,3,3,2,3,3,21,77.9,52.6,6.5,82.9,26.0,9.4,3.3,4.0,0.01,4.9,1
USR-2342,4,3,3,1,2,3,3,2,2,2,25,83.4,42.4,5.6,73.8,34.0,12.0,6.5,3.0,-0.02,7.1,3
USR-2343,3,3,2,3,3,3,3,3,3,4,22,79.3,55.1,5.4,77.1,31.0,8.9,4.9,3.0,-0.5,4.8,1
USR-2344,3,3,2,4,3,2,1,1,1,3,21,78.2,50.2,8.7,69.9,32.0,10.4,6.2,3.0,-0.0,4.8,1
USR-2345,2,2,1,2,2,2,3,0,2,2,20,74.9,49.5,6.7,71.0,14.0,8.8,5.0,3.0,0.22,4.6,1
USR-2346,2,3,2,2,2,2,1,1,3,1,23,72.3,63.0,7.9,66.3,39.0,11.6,7.9,2.0,0.16,7.0,1
USR-2347,2,2,2,4,1,0,3,2,1,4,17,69.3,63.1,7.9,78.4,28.0,6.6,6.9,3.0,0.32,4.5,0
USR-2348,4,3,3,2,2,3,3,2,1,0,21,82.0,58.9,6.4,81.6,23.0,9.2,3.3,2.0,0.03,5.0,1
USR-2349,0,3,4,2,2,1,4,3,2,2,17,73.3,55.6,7.2,77.3,22.0,6.8,5.7,3.0,0.17,4.7,1
USR-2350,4,3,2,3,4,0,0,1,3,4,24,77.7,48.5,6.5,75.7,20.0,8.8,5.3,4.0,-0.25,6.5,2
USR-2351,3,3,0,3,1,3,0,4,4,3,24,74.0,48.0,7.9,78.9,39.0,8.8,6.6,2.0,0.05,7.4,2
USR-2352,2,2,2,1,4,0,0,4,3,2,18,67.2,60.2,7.6,70.4,45.0,8.4,3.9,3.0,-0.07,3.6,0
USR-2353,3,4,2,3,3,4,2,4,3,1,21,74.9,58.9,6.0,85.5,44.0,7.7,7.1,4.0,0.11,6.5,1
USR-2354,2,2,1,2,0,2,3,3,2,3,20,81.9,54.8,7.0,82.8,25.0,8.9,6.5,3.0,0.01,3.6,1
USR-2355,4,3,3,0,3,4,4,1,0,1,23,77.3,44.9,7.1,77.3,37.0,10.0,4.5,4.0,-0.09,6.6,2
USR-2356,4,1,4,3,0,0,3,2,1,1,19,78.6,62.3,5.9,82.4,31.0,7.0,5.2,2.0,0.23,6.0,1
USR-2357,2,3,4,2,4,3,4,1,2,1,20,74.5,55.3,7.1,81.9,49.0,8.2,5.7,3.0,0.11,6.2,1
USR-2358,1,3,1,1,4,2,2,4,2,1,15,76.3,49.7,8.3,82.2,48.0,11.3,5.6,4.0,0.21,4.6,0
USR-2359,3,1,4,3,2,4,0,2,1,4,26,81.0,30.4,5.5,79.6,23.0,10.3,6.2,2.0,-0.28,5.7,3
USR-2360,4,0,3,4,1,2,0,3,2,3,22,73.1,54.9,6.0,73.2,48.0,7.1,6.5,4.0,0.26,6.3,2
USR-2361,1,3,2,4,2,1,4,3,3,3,16,72.7,53.4,8.0,82.3,48.0,6.7,4.9,3.0,0.19,3.5,0
USR-2362,3,3,2,4,2,4,3,4,2,4,21,87.5,57.2,6.4,82.9,20.0,9.4,6.2,4.0,0.12,4.7,1
USR-2363,3,2,4,4,2,2,3,3,3,1,19,85.6,50.0,6.1,64.3,19.0,9.0,4.0,3.0,0.05,4.7,1
USR-2364,3,1,2,0,2,0,2,3,3,0,18,78.2,58.6,7.6,80.7,24.0,8.0,5.2,5.0,-0.08,4.5,1
USR-2365,1,3,2,2,3,2,2,2,3,3,21,77.7,50.7,7.1,79.9,56.0,11.8,6.8,3.0,0.04,5.7,1
USR-2366,3,0,2,3,1,3,4,3,4,2,19,78.1,70.3,6.9,69.2,26.0,12.0,6.8,5.0,-0.09,4.5,0
USR-2367,4,2,3,2,4,1,0,0,2,2,24,82.6,57.6,7.3,75.4,56.0,9.3,6.2,4.0,-0.03,6.4,1
USR-2368,1,1,1,3,3,2,3,4,3,0,11,69.4,77.0,8.5,79.8,35.0,8.7,4.3,5.0,-0.38,2.2,0
USR-2369,1,1,4,3,2,0,2,2,4,2,19,78.8,56.4,6.8,79.7,25.0,10.0,6.7,3.0,-0.05,5.1,1
USR-2370,4,1,3,2,4,3,0,0,3,2,26,83.8,54.1,7.8,72.0,41.0,11.2,6.1,3.0,-0.18,6.3,2
USR-2371,1,2,3,4,1,3,3,4,3,1,17,73.3,59.5,8.3,74.5,52.0,7.8,6.3,3.0,-0.1,5.4,0
USR-2372,4,0,0,2,0,2,2,2,2,1,19,70.6,68.0,5.3,83.3,45.0,11.2,5.3,3.0,0.1,5.9,1
USR-2373,2,2,3,2,3,2,3,4,3,2,18,73.4,56.9,6.1,76.4,48.0,8.6,5.3,4.0,-0.02,4.7,1
USR-2374,1,2,1,4,2,0,3,4,0,2,9,71.9,57.6,5.9,86.6,40.0,7.9,3.0,3.0,0.33,1.3,0
USR-2375,4,2,0,2,3,1,2,3,4,2,19,76.5,40.3,6.6,84.3,49.0,8.9,4.1,3.0,-0.08,3.9,1
USR-2376,2,2,2,1,4,1,3,0,3,4,22,80.8,65.8,5.6,70.9,38.0,9.1,6.7,3.0,0.13,6.6,2
USR-2377,2,3,2,2,4,2,3,1,4,4,23,78.7,55.1,5.8,74.8,30.0,9.8,7.6,2.0,0.02,5.8,1
USR-2378,2,1,3,3,3,2,2,4,3,3,18,70.5,61.9,7.8,76.0,41.0,7.3,5.4,4.0,0.12,6.2,1
USR-2379,3,2,0,3,3,4,3,4,1,4,17,73.7,70.7,5.6,77.9,54.0,6.2,5.0,4.0,0.1,5.3,1
USR-2380,1,0,2,3,0,0,3,2,0,4,15,68.0,48.0,7.3,91.5,48.0,8.0,5.9,4.0,0.66,4.4,0
USR-2381,2,0,1,3,1,3,0,2,4,2,22,73.8,49.6,6.7,77.8,9.0,8.2,6.1,3.0,-0.09,5.8,1
USR-2382,4,3,4,1,3,2,4,1,2,2,24,87.0,48.1,6.3,75.6,44.0,10.3,3.6,2.0,-0.26,5.2,2
USR-2383,1,3,3,4,2,2,2,4,1,4,18,73.6,63.4,7.0,81.1,50.0,9.2,6.2,3.0,-0.17,4.3,1
USR-2384,3,4,3,4,2,4,4,1,3,3,25,78.2,43.2,4.5,75.4,27.0,9.8,4.8,4.0,0.03,6.6,3
USR-2385,2,2,2,1,2,1,4,1,2,1,18,83.8,47.9,6.3,69.4,41.0,10.5,5.2,4.0,0.39,4.5,1
USR-2386,3,4,0,1,3,0,2,3,3,3,20,81.6,45.3,8.0,88.5,39.0,9.0,5.1,2.0,-0.17,5.6,1
USR-2387,1,0,4,4,1,3,2,1,2,1,19,74.8,65.4,5.9,70.4,15.0,7.1,4.7,4.0,-0.03,5.9,1
USR-2388,4,0,2,4,3,2,2,4,3,2,16,76.1,54.1,8.4,88.7,37.0,8.1,5.0,3.0,0.05,4.3,0
USR-2389,2,0,2,4,1,0,2,0,4,1,18,74.6,53.1,5.8,81.6,35.0,10.1,6.1,2.0,0.04,4.5,1
USR-2390,1,1,3,4,0,1,4,0,1,1,16,70.5,65.1,5.9,80.9,40.0,6.1,5.0,5.0,-0.23,3.7,0
USR-2391,0,2,0,2,2,2,3,2,2,0,13,73.7,58.2,6.6,80.7,39.0,7.8,6.0,4.0,0.37,4.4,0
USR-2392,1,3,3,3,1,3,1,2,2,4,25,80.3,35.1,7.2,86.3,40.0,10.4,7.7,3.0,0.09,6.9,3
USR-2393,2,0,2,2,4,1,3,1,4,2,17,75.3,46.1,6.6,82.3,31.0,11.7,6.6,3.0,-0.29,6.4,1
USR-2394,2,4,1,0,0,2,4,2,2,0,21,83.5,53.3,6.9,76.3,47.0,10.6,5.6,2.0,0.32,5.6,1
USR-2395,3,4,0,3,1,2,3,2,2,0,18,80.3,61.5,7.0,75.8,47.0,8.9,4.8,2.0,0.38,4.7,1
USR-2396,2,2,1,2,2,2,3,4,3,2,17,72.1,57.1,7.0,76.0,57.0,9.2,5.1,5.0,-0.52,5.0,1
USR-2397,1,0,4,3,2,4,3,0,2,4,23,82.6,54.7,7.5,75.0,55.0,7.2,7.0,2.0,-0.52,5.7,1
USR-2398,3,1,3,2,0,0,2,4,4,1,20,71.9,42.1,7.4,72.3,58.0,7.7,6.6,5.0,-0.03,4.5,1
USR-2399,3,1,1,2,0,4,2,3,4,0,22,81.5,40.1,5.7,78.9,21.0,10.1,3.2,2.0,0.2,5.7,3
USR-2400,1,1,0,1,4,3,3,1,2,2,16,74.7,78.0,6.9,76.8,46.0,8.6,5.3,3.0,0.18,4.8,0
USR-2401,1,2,3,1,3,3,2,0,3,3,25,83.8,58.6,7.7,78.3,23.0,10.1,3.8,3.0,-0.15,6.7,2
USR-2402,0,1,3,1,2,2,3,2,0,2,16,72.5,66.2,7.4,84.9,81.0,8.4,5.0,3.0,0.23,4.8,0
USR-2403,3,2,2,1,2,2,3,1,3,2,23,90.5,46.0,5.3,74.5,41.0,9.4,5.3,3.0,-0.25,6.7,2
USR-2404,3,4,2,4,1,4,3,2,3,2,24,76.5,48.1,5.3,76.9,50.0,9.7,5.2,2.0,0.14,6.5,3
USR-2405,2,3,1,1,2,4,1,1,2,2,25,86.7,48.7,7.0,76.4,37.0,8.5,7.0,3.0,-0.17,6.5,2
USR-2406,4,4,3,1,3,1,1,3,1,4,25,76.7,59.3,6.9,65.9,0.0,9.5,5.5,2.0,-0.48,5.3,2
USR-2407,3,1,4,3,4,1,2,2,4,0,18,78.3,60.7,6.2,87.2,30.0,7.2,5.2,4.0,-0.1,5.0,1
USR-2408,3,2,1,3,1,2,2,0,2,1,21,81.3,58.0,7.3,75.0,28.0,8.4,4.7,4.0,0.04,5.3,1
USR-2409,4,2,3,1,4,4,2,2,3,3,26,83.0,46.2,7.5,76.0,26.0,11.3,6.3,3.0,-0.24,5.6,2
USR-2410,1,0,2,3,1,2,3,3,0,3,14,69.8,68.8,8.4,85.1,49.0,7.9,5.7,5.0,0.1,4.4,0
USR-2411,1,0,2,3,1,3,0,0,2,1,21,79.1,56.2,7.9,63.8,42.0,9.9,4.7,3.0,0.01,5.9,1
USR-2412,1,3,1,1,0,3,2,4,3,4,24,82.3,50.4,6.8,70.7,1.0,9.7,6.6,3.0,-0.05,6.4,2
USR-2413,0,3,3,2,1,3,2,3,2,3,22,88.2,46.6,6.4,79.7,32.0,8.8,5.8,3.0,-0.31,6.1,2
USR-2414,2,2,2,4,4,3,2,4,3,1,15,68.8,60.3,6.9,81.1,37.0,7.0,4.9,3.0,0.39,4.3,0
USR-2415,4,2,2,3,2,2,2,1,1,2,21,75.6,45.1,6.6,79.7,53.0,8.7,5.3,3.0,-0.06,5.3,1
USR-2416,0,2,2,3,0,4,2,4,2,2,19,78.0,55.9,6.1,78.2,46.0,9.1,6.1,3.0,0.11,6.5,1
USR-2417,1,0,1,0,4,3,4,3,4,1,15,71.8,62.0,6.9,86.9,41.0,8.9,5.5,5.0,0.17,4.3,0
USR-2418,2,2,0,2,4,3,1,3,3,2,18,75.2,38.3,7.9,79.1,42.0,8.8,5.1,4.0,-0.02,2.8,1
USR-2419,4,1,3,2,3,2,3,2,4,3,23,85.5,49.4,5.2,81.9,14.0,10.2,6.1,3.0,0.09,3.9,2
USR-2420,2,0,1,1,4,3,4,0,4,3,20,63.4,45.6,5.5,72.1,45.0,7.2,6.2,2.0,0.02,6.2,2
USR-2421,2,4,3,2,1,1,2,4,4,2,23,77.1,55.2,7.2,74.1,29.0,10.5,6.4,3.0,-0.08,4.4,1
USR-2422,0,3,2,3,3,1,4,3,4,2,15,64.4,66.3,6.9,77.8,33.0,6.9,4.6,3.0,-0.35,3.8,0
USR-2423,1,3,2,2,3,3,1,0,0,2,21,72.4,50.3,5.1,78.2,52.0,10.3,6.8,3.0,0.13,4.5,1
USR-2424,4,2,2,3,4,2,2,0,4,3,24,93.0,54.4,6.4,72.6,36.0,10.2,6.9,3.0,-0.15,5.9,2
USR-2425,4,2,2,4,3,3,2,0,1,3,22,82.2,57.2,6.4,74.4,27.0,7.1,7.9,2.0,0.09,6.0,1
USR-2426,0,1,1,2,2,1,0,3,0,2,14,77.0,60.7,6.9,78.0,37.0,9.0,3.2,4.0,0.51,3.4,0
USR-2427,4,0,2,3,3,3,2,3,0,3,17,74.5,71.0,7.6,76.9,45.0,9.7,5.8,4.0,0.25,4.0,0
USR-2428,3,1,3,1,1,2,2,2,2,2,23,83.9,45.4,5.4,74.7,38.0,11.0,7.0,4.0,-0.08,6.5,3
USR-2429,4,3,3,3,2,3,3,2,3,3,25,73.0,60.5,6.3,63.1,32.0,8.8,7.1,2.0,-0.21,8.4,3
USR-2430,2,3,2,1,1,2,4,2,2,1,20,82.7,53.2,6.6,65.5,23.0,9.2,5.2,3.0,0.51,5.7,1
USR-2431,2,2,2,0,4,3,0,2,0,1,20,73.4,48.3,6.8,77.3,25.0,9.8,4.1,3.0,0.1,4.5,1
USR-2432,2,2,1,3,2,3,2,0,2,2,21,75.7,50.9,5.3,62.4,27.0,10.0,7.2,3.0,0.01,6.2,2
USR-2433,3,4,1,2,2,1,2,2,2,4,23,82.7,42.5,6.1,73.8,32.0,9.9,5.4,3.0,-0.13,7.3,3
USR-2434,1,0,0,4,2,2,2,0,3,3,17,76.5,65.0,7.0,77.4,40.0,8.0,4.8,3.0,-0.09,5.5,1
USR-2435,0,2,4,2,4,3,3,4,1,4,17,75.3,45.9,7.4,82.0,39.0,9.7,7.2,3.0,-0.3,3.4,1
USR-2436,2,2,1,2,2,3,2,3,1,1,17,68.1,69.9,8.5,75.9,40.0,9.7,3.9,5.0,0.39,5.0,0
USR-2437,3,3,1,2,3,3,0,4,1,2,20,78.0,47.5,7.4,84.8,60.0,8.8,6.3,3.0,-0.16,4.9,1
USR-2438,1,4,1,2,4,3,3,2,2,2,18,80.6,64.2,7.3,82.7,50.0,7.8,4.5,4.0,0.02,4.9,1
USR-2439,3,1,1,2,2,2,4,4,3,3,17,72.2,58.9,8.0,71.7,55.0,7.7,4.3,4.0,0.07,4.3,0
USR-2440,4,4,3,3,2,2,2,3,2,3,24,87.6,52.2,6.2,72.6,39.0,11.2,6.2,3.0,0.17,6.7,2
USR-2441,0,3,0,3,3,1,3,2,2,4,15,68.8,56.5,8.4,88.4,44.0,9.4,5.6,4.0,-0.0,3.9,0
USR-2442,3,1,1,4,4,1,1,1,2,3,17,74.9,61.6,7.9,75.8,46.0,8.5,6.1,4.0,0.14,5.7,1
USR-2443,2,2,3,4,3,3,1,3,2,3,20,85.2,56.1,6.4,76.7,40.0,8.8,6.6,3.0,0.1,5.2,1
USR-2444,4,2,2,1,1,0,1,4,4,4,25,78.5,37.1,7.9,80.3,42.0,7.6,5.4,3.0,-0.43,6.1,2
USR-2445,1,4,3,3,4,4,2,1,1,2,21,83.6,46.0,7.0,73.5,25.0,9.0,4.5,3.0,-0.33,5.9,2
USR-2446,3,1,2,2,2,3,4,1,3,3,22,89.1,48.2,8.3,81.1,44.0,7.9,5.4,2.0,-0.2,6.0,1
USR-2447,3,3,1,3,3,4,2,3,3,4,23,81.0,45.2,6.7,70.2,36.0,9.6,6.2,4.0,-0.04,6.4,2
USR-2448,4,2,3,2,3,4,1,4,0,2,21,75.7,63.8,6.2,61.8,15.0,10.6,5.4,3.0,-0.01,5.4,1
USR-2449,3,3,1,4,1,2,1,3,4,3,23,76.3,51.3,5.9,80.9,35.0,8.3,2.2,4.0,-0.11,7.0,2
USR-2450,2,2,2,3,3,4,2,2,3,2,21,84.9,47.5,6.4,78.4,21.0,9.4,3.8,3.0,0.1,6.3,2
USR-2451,3,3,2,4,3,1,3,2,3,1,17,81.3,54.8,6.6,81.8,34.0,9.7,4.9,5.0,-0.08,4.6,1
USR-2452,4,3,1,3,4,0,2,2,2,3,18,83.0,53.5,7.9,73.0,38.0,9.0,6.1,3.0,0.03,5.5,1
USR-2453,3,3,3,4,1,3,2,4,2,1,20,77.3,52.7,6.7,71.9,19.0,8.4,4.6,3.0,-0.02,5.0,1
USR-2454,0,4,4,3,2,0,3,3,1,2,16,79.2,51.4,5.8,85.8,41.0,8.4,5.7,4.0,-0.05,4.9,1
USR-2455,4,0,4,2,3,4,1,3,0,4,23,79.9,44.7,6.7,76.0,35.0,10.6,4.4,3.0,0.37,6.5,2
USR-2456,3,3,3,1,0,3,0,1,3,0,29,81.0,49.9,6.1,69.7,36.0,10.7,6.9,3.0,-0.7,7.4,3
USR-2457,3,1,2,2,1,3,0,4,4,0,22,84.9,54.0,6.2,76.6,30.0,9.3,6.0,4.0,0.19,5.0,2
USR-2458,1,2,1,0,4,1,1,3,1,3,17,83.0,57.5,7.2,86.8,44.0,9.9,5.6,5.0,0.25,3.7,1
USR-2459,3,2,1,2,2,3,0,4,3,2,22,74.1,52.5,6.5,79.1,34.0,9.9,4.7,2.0,0.1,5.9,1
USR-2460,2,2,2,2,4,0,2,3,3,2,16,68.8,59.6,7.6,77.6,37.0,7.0,3.5,4.0,0.14,3.8,0
USR-2461,3,2,2,2,1,3,3,3,1,2,20,77.7,53.3,7.2,70.0,17.0,9.8,6.2,3.0,0.27,6.1,1
USR-2462,1,4,4,4,2,1,3,3,2,0,16,78.8,64.1,7.4,82.9,41.0,9.5,3.5,2.0,0.03,3.2,0
USR-2463,3,1,2,4,3,3,3,2,2,0,15,67.5,64.8,6.1,76.1,52.0,6.8,4.1,4.0,0.23,5.2,1
USR-2464,4,3,2,1,3,1,4,4,3,4,21,79.5,41.2,8.4,70.3,25.0,6.4,7.0,3.0,-0.02,5.5,1
USR-2465,0,2,2,2,3,0,2,0,3,1,17,71.9,57.7,5.8,85.8,38.0,7.3,5.3,4.0,0.04,3.9,1
USR-2466,4,1,3,2,2,2,4,3,0,2,17,78.4,46.7,6.9,83.6,40.0,8.4,5.5,4.0,0.11,4.3,1
USR-2467,2,1,3,2,4,1,2,4,3,4,18,71.8,62.6,6.0,80.4,53.0,9.9,5.9,3.0,-0.13,4.7,1
USR-2468,4,4,3,3,1,3,2,2,3,3,28,88.4,51.1,6.4,64.8,29.0,9.1,7.1,4.0,-0.37,7.3,3
USR-2469,3,4,2,2,2,1,2,3,3,1,21,77.6,48.9,6.8,85.2,40.0,9.8,5.6,3.0,0.29,4.5,1
USR-2470,3,4,3,3,1,2,0,3,1,2,24,76.3,49.1,6.3,79.1,33.0,6.1,5.1,3.0,0.46,5.3,2
USR-2471,3,4,0,4,3,3,4,3,2,3,17,75.2,41.9,8.2,77.7,35.0,8.8,7.8,3.0,0.19,4.4,1
USR-2472,4,1,4,3,1,2,1,4,4,3,25,72.2,56.5,7.2,70.7,18.0,9.3,5.8,3.0,0.02,6.3,2
USR-2473,2,2,2,1,2,2,2,3,2,3,21,75.6,59.4,6.4,76.6,33.0,11.7,6.0,1.0,0.02,6.0,1
USR-2474,2,3,2,3,2,3,2,3,2,2,20,79.2,64.2,7.4,74.6,42.0,6.7,5.9,4.0,0.09,5.5,1
USR-2475,3,2,2,2,0,1,0,2,3,1,24,72.1,61.9,7.7,85.1,34.0,9.6,5.5,4.0,-0.01,5.8,1
USR-2476,3,2,3,2,0,0,1,1,0,2,22,66.4,42.7,7.5,73.6,53.0,7.0,5.3,3.0,0.15,5.9,1
USR-2477,3,2,0,0,3,2,0,2,4,3,25,70.2,55.9,6.2,67.9,43.0,9.1,7.6,2.0,0.16,6.4,2
USR-2478,3,3,4,2,2,2,2,3,2,3,24,87.6,61.8,5.1,81.9,48.0,7.6,5.3,3.0,-0.3,5.9,2
USR-2479,2,3,2,2,4,2,4,1,0,0,14,71.9,50.5,7.5,78.7,20.0,10.9,5.2,5.0,0.75,4.1,1
USR-2480,3,1,2,1,3,2,2,3,1,0,16,71.3,58.6,7.6,83.9,61.0,8.0,5.9,4.0,0.15,2.7,0
USR-2481,1,2,1,3,0,3,1,2,0,4,21,83.1,50.8,6.0,79.6,40.0,8.9,5.4,3.0,-0.0,6.2,2
USR-2482,2,2,2,3,3,0,3,3,0,1,11,67.6,73.1,7.6,83.5,53.0,7.6,4.3,4.0,0.19,3.8,0
USR-2483,0,3,2,1,0,2,4,0,3,2,23,81.5,32.1,6.4,69.9,45.0,8.1,6.8,2.0,-0.17,7.1,3
USR-2484,2,1,2,0,3,2,1,3,1,3,20,77.6,69.5,7.9,76.8,38.0,10.3,5.4,3.0,0.12,4.6,1
USR-2485,2,3,3,4,4,3,1,3,4,2,21,76.0,52.8,8.1,70.4,24.0,9.9,3.5,3.0,0.1,5.9,1
USR-2486,2,0,2,0,2,4,4,4,2,1,17,76.3,66.1,8.0,79.1,58.0,9.7,6.6,2.0,0.2,3.1,0
USR-2487,3,2,4,4,3,2,1,3,2,2,20,81.4,54.5,6.7,80.9,28.0,7.5,4.5,3.0,-0.09,3.8,1
USR-2488,2,3,3,3,1,4,2,3,2,3,24,80.1,53.9,7.3,82.6,21.0,11.0,6.2,4.0,-0.66,5.9,2
USR-2489,2,3,3,2,2,2,1,4,3,2,22,76.9,33.9,7.1,70.1,32.0,10.5,4.4,3.0,-0.42,5.2,2
USR-2490,1,1,1,1,4,0,4,3,2,4,13,69.7,60.7,7.3,81.0,41.0,7.7,4.1,2.0,0.21,4.6,0
USR-2491,2,3,2,0,1,1,4,2,1,2,20,66.0,61.8,8.4,74.4,38.0,10.1,5.1,5.0,0.07,6.2,1
USR-2492,1,3,2,1,1,2,3,4,4,3,22,80.7,54.8,6.0,76.9,34.0,9.6,5.9,2.0,-0.14,6.7,2
USR-2493,0,3,3,1,2,2,2,3,2,1,19,70.6,43.2,7.3,70.1,55.0,6.9,4.5,3.0,-0.11,5.5,1
USR-2494,3,3,4,3,3,0,2,2,0,2,18,78.9,58.0,7.6,73.9,45.0,8.5,7.2,4.0,0.12,5.3,1
USR-2495,3,3,0,1,2,2,1,3,2,3,22,78.8,46.0,6.3,67.0,25.0,8.7,5.8,2.0,-0.08,4.6,1
USR-2496,3,2,0,2,4,2,4,4,3,1,13,71.9,56.5,7.8,75.1,37.0,8.1,5.5,2.0,0.11,4.9,0
USR-2497,2,1,4,3,0,1,4,4,1,3,17,78.4,46.6,7.8,75.9,36.0,9.8,5.1,4.0,-0.23,5.6,1
USR-2498,2,1,1,2,2,2,2,4,3,1,16,69.4,64.9,7.3,88.4,37.0,6.4,6.0,4.0,-0.05,3.3,0
USR-2499,4,2,3,0,3,4,3,2,3,1,25,83.7,57.7,6.7,75.0,26.0,9.2,4.0,2.0,0.04,6.7,2
USR-2500,2,3,2,0,1,2,1,2,3,2,26,84.1,64.5,6.3,72.8,18.0,8.9,5.5,3.0,-0.37,6.1,2
USR-2501,2,2,3,0,3,3,2,1,2,3,25,81.0,37.0,7.0,80.0,35.0,8.8,5.6,2.0,-0.02,7.8,3
USR-2502,0,2,1,3,1,3,3,1,4,1,19,72.0,62.4,6.7,79.7,33.0,7.9,4.8,3.0,0.31,4.3,1
USR-2503,2,0,1,2,0,2,2,4,1,4,18,78.7,64.2,6.7,80.9,28.0,8.8,5.8,3.0,-0.1,4.9,1
USR-2504,2,2,2,3,1,1,2,2,3,1,19,80.1,51.6,6.9,75.4,44.0,9.5,6.0,4.0,-0.06,5.2,1
USR-2505,2,2,4,2,4,2,0,3,2,1,20,78.1,47.7,7.7,73.8,48.0,9.4,5.4,3.0,0.2,5.2,1
USR-2506,3,3,2,2,2,3,3,3,3,1,21,73.0,45.1,5.3,69.7,33.0,9.4,5.6,4.0,0.22,7.2,3
USR-2507,2,0,2,2,3,2,4,3,0,1,11,67.0,62.0,6.8,80.7,69.0,8.4,6.8,5.0,0.14,4.7,0
USR-2508,3,3,3,3,2,1,4,1,0,0,16,73.7,61.6,8.9,78.6,69.0,11.3,5.3,4.0,-0.2,3.1,0
USR-2509,3,4,4,1,3,1,3,2,3,3,25,85.3,59.6,6.5,75.0,38.0,9.9,3.9,2.0,0.1,6.7,2
USR-2510,3,1,3,1,2,4,2,2,2,2,24,73.1,58.8,6.1,73.8,27.0,10.8,6.8,3.0,-0.0,6.1,2
USR-2511,3,2,4,2,4,2,1,2,2,2,22,76.4,39.6,7.2,73.7,38.0,10.5,6.3,4.0,0.02,6.3,1
USR-2512,4,0,0,2,3,3,4,4,3,4,17,72.9,52.4,6.4,74.7,26.0,10.7,6.3,3.0,0.27,4.8,1
USR-2513,0,3,1,2,3,2,3,3,3,2,16,73.6,70.4,5.4,82.0,32.0,9.1,5.6,2.0,-0.12,3.7,0
USR-2514,1,2,3,3,0,4,3,2,1,1,20,71.0,49.2,7.0,74.5,17.0,8.0,4.6,3.0,0.08,4.4,1
USR-2515,0,2,3,2,2,2,3,4,1,1,14,71.2,62.0,6.7,83.3,37.0,8.5,5.6,2.0,0.12,3.7,0
USR-2516,3,2,2,3,2,2,4,2,4,1,19,75.1,42.6,6.9,68.2,24.0,9.2,5.5,3.0,0.15,4.9,1
USR-2517,4,4,1,2,4,4,0,3,3,2,25,76.7,58.0,6.6,74.9,39.0,10.7,7.2,2.0,0.01,6.5,2
USR-2518,1,1,3,3,1,3,1,1,2,2,22,78.7,37.2,6.7,79.2,26.0,8.3,7.3,3.0,0.14,5.2,2
USR-2519,4,0,0,3,1,1,3,3,3,2,16,71.3,46.9,5.7,83.1,45.0,9.9,4.9,5.0,0.24,5.8,1
USR-2520,0,4,2,2,2,1,4,2,2,3,18,78.2,65.9,6.9,77.5,49.0,8.7,6.1,2.0,0.11,5.3,1
USR-2521,4,3,2,3,1,3,3,1,1,3,24,76.6,65.4,6.8,78.6,47.0,10.6,7.0,2.0,-0.06,6.8,2
USR-2522,2,4,3,4,1,3,2,1,1,3,24,81.4,47.7,5.3,67.6,29.0,10.0,6.2,2.0,-0.05,6.0,2
USR-2523,1,3,3,2,4,2,2,2,2,1,18,71.7,57.1,5.7,78.1,43.0,8.8,7.2,4.0,-0.06,4.0,1
USR-2524,2,3,2,2,2,2,3,3,4,1,20,74.5,62.3,5.9,76.0,42.0,9.3,6.5,4.0,-0.07,6.0,1
USR-2525,1,2,3,3,4,3,3,0,0,2,17,76.4,61.1,7.6,84.4,56.0,9.4,4.5,4.0,0.17,3.8,0
USR-2526,2,3,3,3,3,2,3,3,1,1,16,75.2,57.0,5.5,69.9,51.0,10.8,5.3,4.0,0.25,2.8,1
USR-2527,2,4,2,0,2,3,2,3,4,0,24,78.9,46.1,7.1,68.7,49.0,7.2,6.9,2.0,-0.25,6.6,2
USR-2528,3,3,3,4,2,1,4,3,1,2,16,72.7,47.5,7.4,88.7,22.0,9.0,6.9,4.0,-0.1,3.8,0
USR-2529,2,1,1,0,0,4,2,3,3,2,24,73.7,51.9,6.2,61.8,25.0,9.7,6.6,2.0,-0.46,5.8,3
USR-2530,2,1,0,3,4,3,3,1,1,3,15,80.1,60.5,6.0,84.8,56.0,8.0,5.2,4.0,-0.1,4.7,1
USR-2531,3,1,1,3,2,3,1,3,3,2,20,80.9,51.5,6.1,73.5,44.0,6.2,6.8,3.0,-0.11,4.5,1
USR-2532,3,1,1,4,2,2,2,4,2,4,17,78.1,50.7,7.6,80.5,39.0,9.2,4.9,3.0,0.0,3.3,1
USR-2533,1,2,2,0,2,1,4,3,1,3,17,66.9,51.5,8.0,86.3,35.0,8.4,4.1,4.0,0.03,5.6,1
USR-2534,2,2,4,3,2,2,0,3,3,0,21,75.4,58.7,5.8,77.7,46.0,8.1,6.3,4.0,-0.27,5.4,1
USR-2535,1,3,3,2,1,3,2,3,3,2,23,78.5,58.3,7.4,81.9,10.0,9.5,5.5,4.0,-0.45,6.9,1
USR-2536,1,2,3,2,2,3,2,2,3,3,23,70.5,48.6,7.0,72.3,44.0,9.1,8.6,3.0,-0.06,6.4,2
USR-2537,3,3,2,0,3,2,3,3,3,3,23,84.6,47.8,6.5,72.9,35.0,7.4,6.1,5.0,-0.06,6.4,2
USR-2538,1,0,2,3,3,3,2,4,2,2,14,79.5,55.7,6.7,85.4,38.0,8.2,5.5,4.0,0.3,4.1,0
USR-2539,2,0,2,2,2,3,1,0,2,2,22,89.6,60.0,6.1,73.3,41.0,10.0,5.1,5.0,0.1,5.8,2
USR-2540,3,1,1,1,2,0,4,4,3,2,15,67.9,61.5,8.6,83.7,38.0,7.6,6.1,4.0,0.23,5.1,0
USR-2541,1,2,0,3,4,2,3,1,3,1,14,72.8,65.4,7.4,87.4,45.0,8.4,4.7,4.0,0.2,4.6,0
USR-2542,3,1,3,3,0,3,1,2,3,4,27,90.2,49.1,7.2,76.1,29.0,10.2,6.3,3.0,-0.03,6.3,2
USR-2543,1,2,4,3,4,2,1,4,3,2,18,74.5,55.0,7.1,70.6,49.0,10.0,5.1,4.0,0.34,5.2,1
USR-2544,4,2,1,4,1,3,4,3,1,0,15,70.3,51.9,6.8,79.0,45.0,8.1,3.6,4.0,0.01,3.7,0
USR-2545,2,3,0,2,3,2,1,4,1,1,15,63.8,53.3,7.7,82.2,20.0,9.2,4.6,3.0,0.3,3.9,0
USR-2546,3,0,3,4,3,4,3,4,1,4,17,80.5,67.8,8.7,78.0,24.0,8.2,5.7,4.0,-0.03,5.1,0
USR-2547,2,3,1,4,2,0,2,2,4,3,19,76.5,50.4,6.3,78.1,26.0,11.2,3.8,2.0,0.07,4.5,1
USR-2548,0,3,3,2,4,2,4,3,3,3,17,71.2,55.5,7.7,80.7,46.0,8.0,6.1,4.0,0.3,4.7,1
USR-2549,3,3,3,1,1,0,3,2,2,3,23,81.5,42.2,6.6,72.1,41.0,8.6,5.6,3.0,-0.14,6.2,2
USR-2550,4,4,4,2,2,1,3,2,1,3,24,81.8,40.3,5.2,73.0,53.0,9.5,6.2,4.0,-0.31,5.8,3
USR-2551,3,0,2,2,2,2,0,2,1,2,20,78.3,48.8,5.6,71.1,25.0,8.1,3.3,3.0,-0.09,5.8,2
USR-2552,3,1,3,3,3,1,4,3,4,1,16,72.9,73.5,6.7,77.6,58.0,6.9,5.2,3.0,-0.07,4.0,0
USR-2553,4,4,2,3,1,4,2,2,4,1,27,91.7,51.5,6.4,64.1,6.0,10.9,5.3,4.0,-0.42,7.5,3
USR-2554,1,2,3,3,3,4,4,3,1,3,17,74.2,54.5,7.7,79.8,41.0,4.9,4.8,3.0,0.33,4.7,1
USR-2555,1,3,2,2,2,2,2,3,3,2,20,85.6,63.7,5.5,76.0,40.0,8.1,3.9,2.0,0.11,5.4,1
USR-2556,3,3,1,1,1,3,3,0,2,2,25,84.7,47.5,6.8,68.7,35.0,8.1,5.2,3.0,-0.29,5.6,2
USR-2557,2,3,2,4,3,2,0,3,2,2,19,78.4,67.1,6.7,86.7,35.0,9.0,5.2,3.0,-0.17,4.8,1
USR-2558,3,4,2,2,0,3,3,2,3,3,27,83.1,63.9,6.1,70.5,31.0,7.4,6.1,3.0,-0.39,6.9,2
USR-2559,4,4,3,4,2,3,2,2,3,0,23,85.0,59.5,7.0,76.2,19.0,10.1,6.8,3.0,-0.23,6.7,2
USR-2560,2,3,3,1,0,0,2,3,3,0,21,78.9,54.5,8.1,73.1,47.0,9.9,3.8,4.0,0.2,5.2,1
USR-2561,1,2,3,4,2,3,1,2,0,3,19,72.0,61.8,7.1,75.7,42.0,6.9,5.3,3.0,0.01,5.9,1
USR-2562,3,4,1,0,3,3,1,4,2,1,22,74.4,52.6,5.5,77.1,40.0,9.5,5.7,3.0,0.37,5.1,2
USR-2563,1,0,3,1,2,2,1,3,2,3,20,79.6,40.3,6.6,75.3,34.0,9.6,5.0,3.0,-0.01,5.5,1
USR-2564,3,1,2,0,2,4,2,2,2,2,24,76.5,44.8,7.1,74.0,29.0,10.7,5.1,3.0,-0.24,5.7,2
USR-2565,2,4,4,3,2,4,4,3,2,4,24,80.7,42.4,7.1,78.0,39.0,7.8,7.1,2.0,0.07,7.3,3
USR-2566,3,1,4,4,1,2,2,0,2,3,24,86.3,44.6,6.9,71.4,52.0,7.7,8.0,4.0,-0.45,7.2,2
USR-2567,0,1,0,2,2,3,3,0,2,2,17,76.4,73.1,6.6,72.6,24.0,10.4,3.4,4.0,0.13,4.8,0
USR-2568,3,1,3,4,4,4,0,0,2,3,24,77.4,59.0,5.3,66.4,16.0,8.6,5.1,3.0,-0.36,5.7,2
USR-2569,2,4,0,3,4,2,3,2,3,1,16,81.0,63.5,7.6,87.2,45.0,7.8,4.0,4.0,-0.32,3.2,0
USR-2570,3,2,2,3,1,2,2,1,3,2,23,82.9,57.7,5.5,79.4,30.0,10.2,5.6,2.0,-0.11,6.2,2
USR-2571,1,3,2,4,0,1,4,4,3,3,17,80.0,43.6,7.6,82.5,42.0,7.1,6.4,2.0,0.26,4.8,1
USR-2572,3,1,1,2,4,4,4,2,1,3,17,63.5,64.6,7.6,77.1,41.0,8.2,5.7,4.0,0.13,5.3,0
USR-2573,4,3,3,2,2,3,2,3,2,2,24,82.7,57.5,6.0,67.3,40.0,10.7,5.8,3.0,-0.1,4.9,2
USR-2574,1,3,0,4,2,1,3,1,0,1,12,74.7,47.1,7.4,81.6,43.0,6.1,4.5,4.0,-0.28,3.7,0
USR-2575,0,2,1,4,3,4,1,2,1,3,17,83.4,64.9,7.2,78.8,26.0,7.9,4.8,4.0,0.06,5.0,1
USR-2576,0,2,3,4,2,3,3,2,1,1,15,65.8,49.9,6.7,75.1,34.0,6.9,5.6,4.0,0.12,3.5,1
USR-2577,3,1,3,4,2,4,0,3,0,3,21,84.4,38.0,5.6,68.9,34.0,8.2,6.5,4.0,0.09,5.6,2
USR-2578,3,4,4,1,4,0,2,2,3,3,24,89.2,60.6,6.4,65.3,18.0,11.0,6.6,3.0,-0.33,5.5,1
USR-2579,2,3,3,3,3,2,1,2,4,2,23,70.0,43.2,6.5,78.0,34.0,11.1,3.7,1.0,0.08,5.2,2
USR-2580,1,4,3,2,1,3,3,3,1,0,19,79.0,50.5,7.9,71.7,39.0,9.2,5.4,4.0,-0.07,4.6,1
USR-2581,2,2,2,4,1,2,2,3,3,1,18,78.8,65.4,6.3,80.0,35.0,9.3,5.1,4.0,0.0,4.6,1
USR-2582,3,3,0,2,1,3,3,0,1,4,24,79.4,47.6,7.3,72.0,36.0,10.2,7.0,2.0,-0.01,7.1,2
USR-2583,2,3,1,2,3,3,2,3,3,3,21,75.9,52.3,5.7,79.2,17.0,8.3,5.9,2.0,-0.27,5.2,2
USR-2584,4,3,2,2,2,2,0,3,3,3,26,86.1,45.9,5.1,74.2,19.0,10.2,6.8,3.0,-0.02,5.8,3
USR-2585,1,4,3,2,0,4,3,3,4,2,26,79.7,50.3,6.0,71.3,17.0,8.3,5.8,4.0,-0.45,7.2,3
USR-2586,3,2,2,0,4,1,3,2,1,3,19,75.5,54.4,6.1,78.4,49.0,7.7,6.3,1.0,0.16,5.9,1
USR-2587,2,1,3,4,1,1,4,2,2,2,16,78.1,60.9,6.0,79.4,70.0,8.3,6.2,4.0,0.07,5.1,1
USR-2588,2,3,2,3,0,0,3,1,0,3,19,85.4,52.2,8.4,74.7,28.0,7.6,3.7,3.0,-0.0,6.1,1
USR-2589,3,3,0,1,1,2,3,4,2,2,19,79.3,59.1,6.5,82.7,36.0,7.3,4.1,3.0,-0.58,5.2,1
USR-2590,3,3,1,3,1,2,3,2,4,3,23,80.8,53.8,8.3,72.6,26.0,8.6,6.6,3.0,-0.21,6.0,1
USR-2591,4,1,3,3,2,3,1,4,3,3,23,77.5,66.4,5.7,74.3,37.0,10.8,5.7,2.0,-0.13,5.3,1
USR-2592,1,2,3,2,4,3,1,2,3,2,21,73.3,50.7,5.3,69.2,29.0,11.0,6.7,4.0,0.28,6.6,2
USR-2593,1,2,4,1,4,2,0,1,2,3,24,86.5,48.5,7.4,75.4,36.0,9.6,6.2,2.0,-0.13,6.0,2
USR-2594,3,2,1,4,2,3,2,2,4,2,21,77.6,55.7,6.1,73.2,44.0,9.8,6.3,4.0,-0.16,5.2,1
USR-2595,3,3,4,3,2,0,2,0,2,1,22,85.0,60.2,6.7,73.1,21.0,8.6,5.0,4.0,0.11,5.4,1
USR-2596,1,3,1,2,2,1,4,4,1,0,11,68.0,57.5,6.5,79.6,51.0,5.2,4.7,3.0,0.17,3.8,0
USR-2597,0,1,0,3,1,3,2,3,3,3,17,71.6,59.6,7.0,78.6,19.0,7.5,5.5,3.0,0.3,4.7,1
USR-2598,0,2,4,0,0,3,3,3,1,4,24,83.1,29.9,5.3,64.0,30.0,9.2,5.3,3.0,-0.07,6.3,3
USR-2599,4,1,2,2,4,3,3,3,0,3,17,74.5,56.6,7.0,82.7,37.0,8.7,6.1,5.0,-0.09,4.4,1
USR-2600,1,1,3,1,1,2,1,3,1,3,21,72.3,62.3,6.3,76.1,34.0,9.0,3.7,3.0,0.16,5.3,1
USR-2601,2,3,1,1,1,3,0,4,3,1,23,89.2,45.4,6.7,72.4,30.0,9.1,6.1,3.0,0.03,5.8,2
USR-2602,1,4,3,3,2,3,2,1,3,0,22,76.1,53.9,7.1,67.8,29.0,8.6,4.5,3.0,0.12,6.8,2
USR-2603,2,2,4,4,2,4,3,3,1,2,19,81.3,52.0,7.0,79.9,35.0,9.3,4.4,4.0,-0.01,3.6,1
USR-2604,0,3,2,2,0,1,4,3,3,4,20,81.7,48.1,7.1,73.8,40.0,7.4,6.5,4.0,0.12,5.6,1
USR-2605,2,4,3,1,1,2,2,4,3,4,26,76.5,55.3,6.1,79.0,34.0,10.9,5.2,3.0,0.2,7.4,2
USR-2606,0,4,1,3,2,3,4,3,4,1,17,69.9,50.4,6.7,81.7,42.0,7.8,4.0,3.0,0.12,3.1,1
USR-2607,3,1,3,4,3,4,2,4,3,3,20,76.0,57.3,7.1,84.7,31.0,11.5,6.1,4.0,-0.08,5.2,1
USR-2608,1,4,2,3,1,1,3,3,3,3,20,73.2,57.5,6.7,77.7,50.0,8.6,4.4,1.0,0.31,6.0,1
USR-2609,2,2,1,4,2,2,3,1,3,0,16,82.6,53.2,7.0,85.4,60.0,7.8,6.0,5.0,0.25,3.8,1
USR-2610,4,2,2,2,2,2,0,2,1,2,23,79.1,52.5,6.8,77.1,19.0,8.8,6.5,3.0,-0.18,6.1,2
USR-2611,3,0,1,3,4,2,0,3,2,3,17,79.3,51.3,6.2,77.0,43.0,8.0,4.3,4.0,0.44,3.9,1
USR-2612,2,2,4,1,2,1,0,3,2,1,22,81.8,56.7,7.7,76.4,30.0,10.0,6.7,5.0,-0.3,5.7,1
USR-2613,2,1,2,2,1,0,2,0,0,4,20,78.8,44.5,6.6,72.8,49.0,8.9,3.6,3.0,0.11,6.3,2
USR-2614,2,1,1,2,2,3,3,2,2,1,17,75.1,56.0,7.1,89.6,41.0,9.7,5.6,5.0,0.32,6.0,1
USR-2615,3,2,2,2,3,2,1,1,2,0,20,83.7,53.0,6.7,76.5,38.0,9.6,4.3,4.0,0.21,5.5,1
USR-2616,4,3,2,4,1,1,3,4,1,1,16,69.9,68.9,7.6,80.1,48.0,8.4,4.5,4.0,-0.06,3.4,0
USR-2617,3,4,3,4,2,2,2,1,1,3,23,88.8,52.4,6.8,76.7,31.0,9.9,5.4,4.0,-0.34,5.6,2
USR-2618,2,2,4,1,0,0,3,3,2,2,21,71.9,61.4,6.6,70.8,57.0,10.6,6.9,2.0,0.02,4.0,1
USR-2619,3,4,2,1,0,4,3,1,3,3,30,90.2,46.9,7.0,76.1,32.0,11.3,6.2,1.0,-0.16,7.1,3
USR-2620,2,4,4,2,2,3,3,2,3,2,25,74.8,53.1,3.7,68.1,43.0,10.1,6.0,2.0,-0.37,7.1,3
USR-2621,0,3,3,2,2,3,2,4,2,2,19,75.0,53.6,7.8,71.5,36.0,9.4,4.9,4.0,0.09,3.9,1
USR-2622,3,1,1,3,4,2,2,1,2,3,18,76.2,65.7,7.7,77.7,38.0,7.3,4.3,3.0,-0.23,4.7,1
USR-2623,4,3,3,4,3,4,3,0,2,2,24,78.6,47.2,4.9,67.6,43.0,12.7,5.0,2.0,0.09,5.4,3
USR-2624,1,4,2,4,2,2,1,0,1,3,22,78.3,38.7,7.3,83.3,44.0,9.9,6.1,3.0,-0.17,7.1,2
USR-2625,3,3,3,3,2,3,2,2,1,1,21,71.4,52.0,7.5,75.1,21.0,9.9,5.6,4.0,-0.06,5.8,1
USR-2626,1,2,4,3,2,2,1,3,3,3,22,74.3,56.1,7.0,59.4,37.0,9.3,6.5,3.0,0.11,6.4,1
USR-2627,2,2,2,2,0,3,3,2,2,3,23,82.6,38.4,5.2,75.7,40.0,6.7,5.6,3.0,0.06,6.1,2
USR-2628,0,3,4,1,4,3,3,3,3,4,22,79.4,45.4,7.1,78.3,34.0,9.0,5.5,4.0,0.03,6.3,2
USR-2629,2,2,3,2,4,1,3,0,3,1,19,73.2,46.4,7.6,75.6,43.0,8.9,6.1,4.0,0.24,5.9,1
USR-2630,3,1,2,2,1,1,2,4,1,3,18,82.4,63.8,6.5,71.7,39.0,7.7,4.9,3.0,0.14,4.9,1
USR-2631,2,2,3,3,1,3,1,3,2,2,22,73.2,65.9,6.9,75.0,8.0,8.3,4.3,3.0,0.23,5.3,1
USR-2632,3,3,2,1,1,2,4,4,2,2,20,75.7,53.3,6.5,74.6,22.0,8.6,6.3,4.0,-0.34,4.5,1
USR-2633,3,4,4,2,3,0,2,4,2,1,19,74.1,60.5,7.5,72.9,50.0,9.8,4.7,4.0,0.02,6.4,1
USR-2634,4,1,3,2,3,2,2,2,2,1,20,80.6,59.0,6.5,71.7,35.0,10.5,5.6,3.0,-0.02,5.9,1
USR-2635,1,4,0,4,4,2,3,2,4,3,17,75.1,71.2,6.5,80.0,43.0,8.8,4.5,5.0,0.05,2.8,0
USR-2636,2,2,2,2,3,3,1,3,3,3,22,78.7,47.3,6.5,80.0,35.0,8.6,4.8,3.0,0.04,5.5,2
USR-2637,1,3,3,3,2,0,1,1,4,2,22,70.0,50.7,5.5,77.8,25.0,8.9,3.9,4.0,-0.02,6.0,2
USR-2638,4,3,0,3,3,2,2,2,0,3,18,80.1,54.8,6.8,69.9,34.0,8.8,5.6,3.0,0.22,6.2,1
USR-2639,4,3,0,1,3,3,1,1,1,0,21,77.3,54.4,7.0,79.3,40.0,9.4,2.2,4.0,-0.27,4.6,1
USR-2640,2,4,2,3,2,3,1,2,0,3,22,79.8,72.5,7.3,79.4,40.0,9.8,7.0,2.0,0.4,6.0,1
USR-2641,4,2,2,4,2,2,4,2,1,4,19,72.9,56.5,7.0,84.7,65.0,8.3,6.4,5.0,-0.05,4.7,1
USR-2642,2,4,2,2,3,4,2,1,2,3,25,77.3,41.9,5.2,68.5,26.0,10.4,5.2,1.0,-0.09,5.4,3
USR-2643,3,1,1,4,2,2,2,0,3,2,20,85.0,45.8,7.8,76.7,58.0,9.5,7.1,2.0,-0.04,6.3,1
USR-2644,0,3,1,1,3,2,3,3,2,3,17,66.0,68.8,8.2,82.1,31.0,8.1,7.2,4.0,0.11,3.8,0
USR-2645,3,3,3,0,3,4,4,0,4,2,28,79.2,38.1,6.1,68.4,34.0,8.1,6.2,2.0,-0.35,7.7,3
USR-2646,1,3,2,4,3,4,1,4,4,4,22,86.7,57.8,6.0,78.3,37.0,8.2,6.2,3.0,-0.02,4.4,2
USR-2647,3,1,1,4,3,2,3,1,1,2,15,76.3,55.8,6.8,80.6,42.0,10.1,5.0,3.0,0.27,3.8,0
USR-2648,3,4,2,4,2,1,3,3,4,3,21,76.7,43.6,6.5,72.0,36.0,7.1,7.1,3.0,-0.51,5.9,2
USR-2649,3,1,3,3,3,2,1,2,2,0,18,82.0,62.3,7.1,74.7,32.0,10.3,3.9,4.0,-0.01,5.4,1
USR-2650,0,0,0,4,2,0,2,0,2,3,13,73.6,58.7,7.1,88.5,56.0,5.9,4.4,4.0,0.14,4.1,0
USR-2651,2,3,1,3,1,0,2,2,3,2,19,77.8,59.7,6.2,72.8,29.0,7.9,6.3,4.0,0.49,5.8,1
USR-2652,1,2,0,4,0,2,3,2,0,3,15,74.3,65.2,8.0,74.9,47.0,7.8,5.7,4.0,0.32,4.0,0
USR-2653,2,4,3,3,2,4,1,4,4,3,26,85.1,51.9,6.4,74.2,40.0,12.0,6.2,2.0,0.12,7.6,3
USR-2654,0,2,3,2,3,4,2,3,3,4,22,81.8,50.4,5.7,75.3,52.0,9.3,7.1,4.0,0.05,6.0,2
USR-2655,4,1,3,4,4,2,3,0,4,3,22,90.2,58.0,6.8,68.9,47.0,9.0,6.0,2.0,-0.04,6.3,1
USR-2656,2,3,3,2,2,3,2,1,4,1,25,80.9,41.4,6.4,70.7,39.0,8.6,6.2,1.0,-0.08,6.6,3
USR-2657,2,2,3,2,2,0,4,2,2,3,18,74.9,37.9,6.4,74.4,32.0,9.3,5.9,2.0,0.28,5.2,2
USR-2658,2,1,2,2,1,1,4,1,0,1,15,66.9,66.9,8.1,77.5,34.0,7.6,4.8,3.0,0.5,3.4,0
USR-2659,2,3,3,3,0,0,2,2,1,3,21,78.1,55.1,6.8,88.9,23.0,8.9,5.7,3.0,0.03,4.7,1
USR-2660,3,2,0,2,3,3,4,4,2,4,17,84.2,53.9,6.8,77.7,26.0,8.1,4.3,1.0,-0.03,4.2,1
USR-2661,2,3,3,0,1,1,0,2,1,1,24,85.9,38.2,6.3,69.6,33.0,10.5,8.9,3.0,0.06,6.5,2
USR-2662,4,2,3,4,3,4,0,3,3,4,26,80.0,31.2,6.6,82.6,22.0,10.8,5.8,2.0,-0.35,6.1,3
USR-2663,2,3,2,2,3,3,2,3,2,3,21,78.5,54.2,6.6,80.7,51.0,8.1,6.4,3.0,0.05,5.2,1
USR-2664,4,3,2,3,2,1,3,4,4,2,20,71.0,68.2,6.7,80.6,31.0,8.2,7.4,2.0,0.14,5.2,1
USR-2665,4,3,1,1,4,1,3,1,3,2,21,73.5,52.6,7.5,72.1,38.0,8.3,4.3,5.0,-0.05,6.6,1
USR-2666,1,1,3,0,2,3,2,3,1,2,20,78.2,52.1,5.6,83.0,34.0,9.2,6.1,3.0,-0.18,5.7,2
USR-2667,4,3,3,1,2,4,1,4,2,4,28,82.0,44.8,5.0,75.1,12.0,11.3,6.5,2.0,-0.33,5.8,3
USR-2668,1,3,4,3,4,3,1,1,2,1,21,73.2,71.2,7.3,77.0,49.0,9.4,7.4,3.0,-0.09,5.6,1
USR-2669,3,3,2,0,4,2,4,2,2,3,21,80.8,59.8,8.6,67.7,45.0,6.5,4.7,4.0,-0.24,5.2,1
USR-2670,2,2,3,4,1,3,4,4,2,0,15,72.7,53.8,7.9,80.7,53.0,9.2,4.1,3.0,0.07,4.0,0
USR-2671,4,4,3,1,0,2,3,3,0,1,23,72.3,51.5,8.0,83.4,41.0,7.8,5.8,2.0,-0.38,5.9,1
USR-2672,4,3,4,1,0,4,3,2,3,3,31,76.7,43.9,5.4,69.9,16.0,9.8,6.4,2.0,-0.21,8.5,3
USR-2673,3,1,2,1,2,3,3,3,2,2,20,74.6,46.5,6.2,75.1,29.0,9.2,5.0,3.0,0.07,4.6,1
USR-2674,3,2,2,0,4,3,1,2,3,4,26,74.8,53.6,6.6,71.4,36.0,9.8,8.3,3.0,-0.13,6.7,2
USR-2675,2,4,3,3,2,2,2,2,3,2,23,70.8,44.7,7.3,74.0,53.0,10.5,6.0,4.0,-0.17,6.1,2
USR-2676,0,0,3,4,2,3,3,2,1,2,14,77.9,50.4,6.2,77.5,49.0,7.4,4.0,4.0,0.13,3.8,0
USR-2677,2,4,4,3,4,2,2,1,0,0,18,75.3,58.1,6.8,78.3,51.0,7.5,4.9,2.0,-0.11,4.3,1
USR-2678,1,3,0,1,2,0,0,3,3,4,21,77.0,53.1,6.6,83.5,30.0,8.8,6.0,2.0,0.07,4.9,1
USR-2679,3,3,0,2,2,2,4,3,4,1,18,74.8,57.5,6.4,85.1,53.0,9.9,5.6,3.0,-0.21,4.5,1
USR-2680,2,1,4,2,4,4,4,4,2,2,17,69.2,52.6,6.6,75.5,36.0,9.3,4.5,4.0,0.11,5.2,1
USR-2681,4,1,2,4,4,3,1,1,1,2,19,78.7,51.2,7.5,84.1,42.0,9.0,3.7,4.0,-0.1,4.8,1
USR-2682,3,4,3,1,4,0,3,3,1,2,18,75.1,66.5,7.3,82.3,35.0,10.3,5.2,4.0,0.41,4.7,1
USR-2683,3,2,2,3,2,4,4,1,2,3,22,75.5,56.0,7.2,78.7,46.0,10.7,5.7,4.0,0.05,4.7,1
USR-2684,1,3,0,2,3,1,0,2,2,3,19,73.6,48.6,7.1,79.9,49.0,9.8,4.7,3.0,0.03,4.7,1
USR-2685,4,2,3,2,1,1,2,4,2,1,20,71.4,39.4,6.1,72.3,20.0,7.6,6.8,3.0,-0.22,5.4,2
USR-2686,4,1,3,2,3,2,2,2,3,2,22,77.2,45.2,6.9,73.5,51.0,10.2,6.3,2.0,-0.33,4.3,1
USR-2687,2,0,2,0,4,3,2,1,1,3,20,76.3,56.3,6.0,81.2,66.0,8.8,5.6,4.0,0.1,6.1,2
USR-2688,3,2,2,3,2,2,3,1,0,2,18,73.6,52.4,6.7,72.5,35.0,8.2,4.9,3.0,0.42,4.4,1
USR-2689,3,4,3,1,3,2,2,2,2,1,23,80.4,45.6,5.7,69.5,33.0,8.6,7.6,4.0,-0.01,7.3,2
USR-2690,1,2,0,3,2,3,0,3,4,2,20,77.1,50.3,6.3,78.5,52.0,8.8,4.3,4.0,0.04,5.6,2
USR-2691,2,2,4,0,0,2,0,4,2,1,25,83.0,48.2,6.4,69.3,33.0,9.0,5.6,4.0,-0.11,4.8,2
USR-2692,2,2,1,4,3,3,0,3,4,1,19,81.3,62.5,6.5,81.9,39.0,9.1,4.9,4.0,0.05,5.3,1
USR-2693,1,2,3,1,1,1,2,4,2,2,19,79.6,56.2,6.1,74.0,61.0,8.6,5.7,4.0,0.07,4.8,1
USR-2694,2,2,4,4,3,3,3,3,1,2,17,79.6,59.2,7.9,80.5,25.0,8.8,5.8,3.0,-0.05,4.8,1
USR-2695,0,4,3,3,0,3,1,4,1,0,19,72.4,54.5,6.7,79.4,29.0,9.5,4.0,3.0,-0.16,6.3,1
USR-2696,0,2,2,4,4,3,3,0,3,3,18,73.2,53.5,6.5,76.1,45.0,8.3,4.6,3.0,0.08,5.4,1
USR-2697,1,2,3,2,2,2,3,4,2,4,19,79.9,63.4,6.0,76.6,19.0,8.0,5.8,4.0,0.33,4.9,1
USR-2698,4,1,2,3,1,3,1,2,3,4,26,86.1,53.4,4.7,69.1,26.0,7.5,5.6,2.0,-0.02,5.4,3
USR-2699,2,4,1,2,1,0,3,4,3,3,19,73.2,72.6,6.7,77.7,34.0,9.8,5.0,3.0,-0.22,5.7,1
USR-2700,4,1,4,1,4,4,3,0,3,1,25,84.9,53.6,5.2,68.4,43.0,9.8,6.3,1.0,-0.2,6.7,3
USR-2701,2,0,3,2,3,0,2,3,0,0,11,64.9,62.3,8.1,82.6,56.0,7.4,3.4,4.0,0.42,4.3,0
USR-2702,2,3,3,1,3,1,2,3,3,3,22,81.7,45.3,6.6,79.2,15.0,10.7,6.0,3.0,0.24,5.6,2
USR-2703,2,3,2,4,2,3,3,4,2,0,15,73.0,68.9,8.4,75.1,35.0,6.7,5.5,4.0,0.51,4.4,0
USR-2704,2,2,0,0,2,3,4,3,2,1,17,68.0,52.2,7.2,76.8,33.0,8.6,5.2,3.0,0.05,4.4,1
USR-2705,1,2,0,3,1,0,2,2,2,2,15,71.0,67.7,6.6,83.3,41.0,7.1,6.3,3.0,0.31,4.3,0
USR-2706,3,3,2,3,2,4,2,2,3,1,23,91.0,45.2,5.0,64.4,21.0,10.2,6.6,3.0,-0.04,4.7,2
USR-2707,1,1,3,2,1,4,2,2,1,3,22,80.3,55.3,7.2,84.8,41.0,6.6,5.7,3.0,-0.08,5.9,1
USR-2708,3,3,2,3,4,3,0,1,2,3,24,92.5,41.5,5.4,79.2,25.0,10.6,5.7,4.0,-0.11,6.4,3
USR-2709,3,3,4,1,3,2,2,1,2,3,26,75.5,53.7,5.9,64.8,38.0,10.8,8.0,2.0,-0.17,6.1,2
USR-2710,1,2,0,2,2,3,2,1,2,3,20,81.3,45.1,8.1,66.5,37.0,7.9,4.8,3.0,0.24,5.7,1
USR-2711,0,2,2,2,1,2,1,2,0,1,17,62.2,60.9,7.5,79.4,29.0,8.6,4.9,5.0,-0.19,5.3,1
USR-2712,3,1,1,4,3,2,2,4,1,3,14,72.2,60.9,7.6,75.9,61.0,7.0,4.3,3.0,0.27,5.1,0
USR-2713,2,3,2,3,1,4,0,4,1,2,22,82.4,53.3,7.3,80.3,52.0,9.8,6.1,3.0,0.25,4.9,1
USR-2714,0,2,0,4,1,4,2,0,2,3,20,81.7,51.8,7.5,79.0,41.0,10.0,7.8,4.0,0.29,5.8,1
USR-2715,4,2,4,0,1,4,1,0,4,1,33,84.9,35.4,6.9,67.9,20.0,9.7,7.4,2.0,-0.28,9.1,3
USR-2716,0,3,1,2,2,1,0,1,1,3,20,82.7,56.2,6.3,74.1,25.0,7.4,5.2,3.0,-0.15,5.0,1
USR-2717,3,4,4,1,3,1,3,1,2,4,26,80.1,39.5,5.9,80.5,44.0,11.2,6.4,2.0,-0.02,7.6,3
USR-2718,4,2,2,0,2,2,4,0,2,0,22,78.4,44.4,5.8,79.3,45.0,11.6,4.4,4.0,0.2,5.1,2
USR-2719,1,4,4,1,0,2,1,2,3,0,26,80.6,44.6,6.2,75.5,21.0,10.5,6.1,3.0,-0.28,6.6,2
USR-2720,1,2,2,3,2,2,2,3,0,1,14,66.6,59.3,7.2,87.5,36.0,8.8,6.5,3.0,0.25,2.6,0
USR-2721,1,0,4,1,3,2,1,3,1,2,18,83.6,49.5,5.5,73.4,45.0,8.3,5.9,3.0,0.02,3.3,1
USR-2722,2,1,0,2,1,3,2,2,1,2,18,76.0,64.9,6.4,84.9,26.0,8.9,6.5,4.0,-0.06,3.6,1
USR-2723,1,2,3,4,1,3,2,2,4,3,23,85.6,48.6,7.6,73.4,27.0,9.9,6.9,4.0,-0.15,7.0,2
USR-2724,3,1,4,3,4,3,1,3,3,2,21,83.6,51.9,6.9,77.9,24.0,8.9,4.9,3.0,-0.0,4.8,1
USR-2725,0,0,1,2,4,3,3,3,1,2,11,64.8,55.6,8.1,83.0,36.0,9.3,6.3,3.0,0.09,2.7,0
USR-2726,2,4,0,2,4,0,1,2,1,3,17,81.0,75.3,6.9,69.9,32.0,8.8,3.3,5.0,-0.13,4.9,1
USR-2727,4,4,2,2,3,0,0,0,1,2,24,83.5,69.4,4.9,78.8,44.0,10.0,6.3,3.0,-0.3,5.5,2
USR-2728,3,3,4,1,1,3,3,2,1,2,25,76.7,42.5,6.2,64.1,11.0,9.6,4.1,3.0,-0.08,7.3,2
USR-2729,3,1,2,3,1,2,3,1,3,3,22,81.5,62.3,7.4,70.7,40.0,9.2,4.0,3.0,-0.35,7.2,2
USR-2730,2,1,2,2,2,3,2,2,2,3,21,73.3,53.0,5.7,74.0,39.0,10.6,6.6,2.0,-0.47,3.7,2
USR-2731,3,0,1,4,2,0,2,1,3,0,14,80.3,75.3,7.9,71.7,56.0,8.3,4.1,4.0,0.45,4.4,0
USR-2732,2,3,0,3,4,1,2,2,2,1,14,76.3,65.2,5.9,76.0,47.0,8.3,6.0,4.0,-0.02,2.3,0
USR-2733,2,4,3,3,3,3,2,1,2,1,22,78.9,53.3,6.6,76.7,31.0,9.5,3.6,4.0,-0.1,4.6,1
USR-2734,1,2,0,2,3,4,2,3,1,2,16,80.3,40.0,7.5,78.3,32.0,8.0,4.9,3.0,0.3,4.8,1
USR-2735,4,1,3,1,1,4,2,0,2,2,28,76.6,38.0,5.8,69.7,40.0,8.5,5.3,3.0,-0.53,6.2,3
USR-2736,2,2,4,3,4,2,2,2,3,3,21,74.6,53.9,8.6,71.7,42.0,11.0,5.3,4.0,-0.32,5.7,1
USR-2737,1,2,1,2,3,2,3,1,1,3,17,73.6,60.3,6.6,79.5,35.0,9.8,6.7,4.0,-0.04,4.6,1
USR-2738,2,2,3,1,1,3,3,0,3,1,25,93.1,39.0,5.8,71.6,43.0,11.2,7.9,3.0,0.04,5.0,2
USR-2739,2,3,0,1,4,2,2,4,4,3,19,71.3,50.4,7.0,69.5,33.0,7.6,5.9,4.0,0.03,5.6,1
USR-2740,3,3,3,1,1,2,2,3,1,2,23,71.6,55.7,5.9,73.7,34.0,11.2,4.3,2.0,-0.09,6.1,2
USR-2741,3,1,1,3,0,4,2,0,4,2,26,75.5,36.4,5.1,66.3,23.0,12.3,5.0,2.0,-0.24,6.6,3
USR-2742,3,0,3,1,3,3,2,3,0,3,19,81.2,57.3,6.0,82.2,45.0,10.1,5.5,4.0,0.14,4.5,1
USR-2743,0,4,2,2,3,4,2,3,2,4,22,76.3,62.4,7.2,73.5,23.0,11.3,4.9,1.0,0.23,6.0,1
USR-2744,2,1,2,2,0,1,4,2,3,1,18,75.0,60.6,6.7,91.1,36.0,9.7,5.9,3.0,0.66,3.8,1
USR-2745,2,0,3,3,2,2,3,2,2,0,15,76.9,63.9,8.5,85.6,35.0,7.2,6.6,3.0,0.12,3.4,0
USR-2746,0,1,1,4,4,4,4,4,0,3,9,67.1,52.6,7.4,84.6,53.0,8.0,3.1,5.0,0.64,3.2,0
USR-2747,1,0,3,4,3,1,3,1,3,2,15,74.1,54.7,7.8,83.6,48.0,7.0,4.0,5.0,0.35,5.0,1
USR-2748,3,2,2,2,3,3,4,2,4,1,20,80.2,71.4,7.2,66.6,24.0,8.3,4.3,3.0,0.05,4.9,1
USR-2749,1,3,3,0,1,1,3,2,1,1,20,75.3,50.2,6.4,81.8,42.0,9.4,5.2,5.0,-0.44,5.6,1
USR-2750,2,2,1,2,0,3,4,3,4,2,21,77.5,63.9,6.0,72.1,19.0,9.4,5.7,4.0,-0.11,5.6,1
USR-2751,1,2,3,3,1,3,1,4,2,2,20,78.7,50.1,5.4,77.4,64.0,9.6,5.5,3.0,-0.07,5.6,2
USR-2752,0,3,1,2,1,1,0,4,4,4,22,83.6,50.3,7.0,71.9,29.0,7.1,6.6,4.0,0.01,5.1,1
USR-2753,1,2,2,3,1,2,3,3,1,2,16,70.0,64.1,8.1,76.9,55.0,8.2,5.4,3.0,0.08,4.3,0
USR-2754,4,4,1,1,1,3,4,4,3,1,22,64.1,53.3,5.3,74.6,38.0,10.0,5.7,3.0,-0.17,5.6,2
USR-2755,3,4,3,3,3,3,2,3,0,3,21,81.8,56.8,6.4,76.6,39.0,10.0,5.7,4.0,0.38,6.7,2
USR-2756,4,0,1,1,2,2,1,3,4,1,21,83.0,47.2,6.1,76.1,22.0,10.1,5.7,3.0,0.23,4.6,1
USR-2757,2,3,4,3,3,4,2,4,3,2,22,80.3,43.4,7.0,75.5,45.0,9.6,5.7,2.0,-0.46,4.6,2
USR-2758,1,2,4,2,1,2,3,0,2,2,23,81.5,44.2,6.2,66.6,35.0,9.0,5.2,2.0,-0.15,8.3,3
USR-2759,2,4,1,3,2,2,2,3,1,2,18,72.9,53.2,8.0,90.2,45.0,9.3,4.0,3.0,0.19,5.1,1
USR-2760,2,2,3,0,0,0,3,3,3,3,23,82.6,49.4,6.2,75.9,33.0,9.1,6.0,3.0,0.18,6.3,2
USR-2761,4,4,0,2,2,4,4,4,3,1,20,81.8,63.3,5.8,79.2,39.0,10.1,5.0,3.0,-0.08,5.8,1
USR-2762,0,3,2,3,0,1,4,4,2,4,17,75.2,59.4,6.6,77.6,30.0,9.1,5.7,2.0,0.05,5.2,1
USR-2763,2,1,3,1,4,2,2,4,2,3,18,88.2,61.4,6.6,74.1,38.0,8.6,5.3,4.0,0.08,5.5,1
USR-2764,1,2,3,3,3,3,2,4,3,2,18,67.9,58.6,7.3,79.3,35.0,7.8,5.3,4.0,0.19,5.4,1
USR-2765,2,4,3,3,2,1,2,2,2,1,20,78.3,46.1,6.5,78.4,29.0,10.3,6.5,3.0,-0.31,6.2,2
USR-2766,3,4,2,3,0,2,2,0,0,1,23,74.3,51.4,6.8,81.3,36.0,10.1,4.5,4.0,-0.49,6.0,2
USR-2767,2,0,2,2,3,1,1,0,4,2,21,82.8,54.8,6.0,86.6,41.0,11.7,7.4,4.0,0.22,6.3,2
USR-2768,2,3,1,2,3,3,3,2,2,2,19,68.7,62.3,6.6,85.1,42.0,9.5,3.2,2.0,-0.17,6.6,1
USR-2769,2,2,3,3,1,3,2,2,2,0,20,70.8,46.5,6.1,68.2,36.0,9.7,7.0,3.0,0.42,5.4,1
USR-2770,2,0,2,2,3,4,4,2,1,4,18,72.6,41.2,6.2,76.2,45.0,6.9,5.5,3.0,-0.11,5.2,1
USR-2771,3,2,3,3,3,4,4,2,4,0,20,78.8,56.4,7.8,78.7,40.0,9.4,5.0,3.0,-0.04,4.8,1
USR-2772,4,1,1,2,3,3,0,4,1,1,18,72.8,60.3,6.4,76.5,41.0,8.3,3.8,1.0,0.13,4.7,1
USR-2773,4,3,2,1,3,3,4,2,3,1,22,76.3,51.1,6.3,75.3,37.0,10.3,5.2,2.0,-0.49,6.0,1
USR-2774,3,2,2,1,4,2,3,4,4,1,18,74.8,57.7,7.8,67.8,54.0,9.1,5.1,3.0,0.63,4.5,0
USR-2775,2,3,0,0,4,2,2,4,0,3,16,72.8,67.0,7.7,84.6,28.0,9.6,5.2,5.0,0.04,4.5,0
USR-2776,3,0,2,2,2,3,2,2,3,3,22,86.7,48.8,7.9,66.1,31.0,11.9,7.2,3.0,-0.23,5.9,2
USR-2777,2,2,3,3,3,4,2,2,2,1,20,80.9,52.8,7.1,69.1,42.0,8.0,5.6,3.0,-0.23,6.5,2
USR-2778,1,1,4,3,3,2,2,3,3,4,20,75.9,55.6,6.3,71.9,19.0,10.1,5.8,3.0,0.07,4.6,1
USR-2779,4,1,2,1,3,2,3,3,2,3,20,88.0,45.2,8.4,76.5,54.0,9.8,5.9,4.0,0.06,5.6,1
USR-2780,0,0,2,4,4,2,0,2,3,3,16,76.5,58.8,7.6,71.9,45.0,10.8,4.7,3.0,-0.11,3.9,0
USR-2781,4,1,0,2,0,2,3,1,1,4,22,74.4,52.0,6.5,70.2,47.0,10.1,5.6,3.0,-0.33,6.3,2
USR-2782,2,2,4,4,2,0,1,1,0,3,19,77.9,69.3,6.9,83.5,52.0,9.6,5.3,3.0,0.24,5.7,1
USR-2783,3,2,0,3,2,2,0,1,4,2,23,82.8,48.9,6.6,74.2,39.0,10.5,6.5,3.0,-0.22,7.2,2
USR-2784,3,2,4,3,1,2,2,2,0,2,21,74.9,55.4,6.5,78.4,10.0,10.3,4.7,2.0,-0.37,5.1,2
USR-2785,4,2,2,0,1,3,3,1,3,1,26,77.5,54.8,5.1,66.3,33.0,11.6,5.7,2.0,-0.21,6.6,3
USR-2786,3,4,2,1,3,2,2,3,1,2,21,78.8,47.1,8.0,76.0,39.0,8.2,6.0,2.0,-0.11,6.1,1
USR-2787,3,4,4,0,0,3,0,4,2,4,32,86.2,51.0,5.7,67.3,11.0,10.3,5.9,1.0,0.03,8.3,3
USR-2788,0,2,0,3,3,4,4,3,3,3,15,80.5,75.4,7.3,76.8,22.0,10.3,5.0,3.0,0.05,2.2,0
USR-2789,2,2,3,2,3,4,3,4,1,4,20,81.2,54.8,8.4,76.7,43.0,6.6,5.0,4.0,-0.06,4.7,1
USR-2790,1,1,2,3,1,3,1,3,4,2,21,75.2,49.4,6.1,66.8,21.0,9.0,6.1,4.0,0.01,5.9,2
USR-2791,3,4,1,2,1,0,2,3,2,3,21,80.5,66.8,7.2,78.4,61.0,9.3,7.0,3.0,-0.14,5.3,1
USR-2792,2,0,2,3,3,4,2,2,2,3,19,83.0,62.6,6.2,75.8,42.0,8.6,4.8,4.0,0.12,5.7,1
USR-2793,3,2,3,1,3,3,0,2,3,3,27,76.7,46.9,6.4,70.5,46.0,11.9,7.1,2.0,-0.41,7.6,3
USR-2794,0,2,3,1,4,2,3,4,2,3,16,68.9,71.4,7.3,84.3,42.0,9.0,5.2,2.0,0.07,4.2,0
USR-2795,0,2,0,2,4,1,3,4,2,1,9,67.8,79.3,8.3,87.4,59.0,6.9,3.7,4.0,0.41,3.4,0
USR-2796,3,1,4,2,4,1,3,2,3,1,18,75.9,54.8,7.9,76.9,40.0,7.9,5.3,4.0,0.29,6.0,1
USR-2797,0,3,1,2,3,1,1,0,2,4,21,78.1,55.7,6.2,70.7,48.0,9.5,6.9,3.0,-0.15,6.3,1
USR-2798,0,1,1,3,4,0,4,3,1,0,5,62.8,78.4,9.2,94.9,30.0,8.1,3.5,4.0,0.33,1.4,0
USR-2799,0,3,1,0,3,4,2,2,3,2,22,77.6,52.7,7.8,68.8,46.0,9.5,7.1,2.0,0.25,5.5,1
USR-2800,4,1,0,2,4,2,4,0,3,2,18,77.7,46.4,6.7,81.6,48.0,8.5,5.1,4.0,-0.05,4.8,1
USR-2801,3,0,1,3,0,3,0,3,2,2,21,84.0,46.2,6.7,68.3,35.0,8.3,4.2,3.0,-0.04,4.7,1
USR-2802,2,4,4,0,4,3,2,2,2,3,26,80.3,36.6,5.8,77.1,26.0,10.3,6.1,4.0,0.16,7.4,3
USR-2803,2,1,2,4,2,3,3,3,3,3,18,87.9,61.4,6.7,83.6,36.0,9.1,3.8,3.0,0.07,4.3,1
USR-2804,2,3,1,4,3,4,1,4,2,4,20,87.3,45.5,5.8,67.4,41.0,8.1,5.2,3.0,-0.05,5.2,1
USR-2805,3,2,1,0,1,4,3,2,2,2,24,87.6,51.5,7.0,76.2,48.0,10.8,5.6,3.0,-0.15,7.0,2
USR-2806,3,0,3,2,2,2,3,2,4,3,22,82.4,67.2,4.9,77.3,29.0,11.3,7.6,3.0,-0.21,5.3,1
USR-2807,1,4,4,2,1,4,0,2,1,4,29,95.4,55.2,5.4,73.8,7.0,10.4,8.2,3.0,-0.18,6.9,3
USR-2808,1,1,1,3,2,3,3,2,3,4,19,75.2,41.6,6.8,79.6,68.0,9.2,5.5,4.0,-0.15,5.3,2
USR-2809,0,4,0,3,1,0,2,3,4,4,19,72.5,46.0,7.9,72.9,47.0,7.5,6.6,2.0,0.19,4.7,1
USR-2810,3,1,1,3,3,3,1,2,3,3,21,75.7,47.5,6.2,75.2,32.0,10.0,5.2,3.0,-0.03,6.7,2
USR-2811,3,4,0,3,0,3,4,1,4,1,23,75.1,41.9,6.8,83.1,48.0,10.0,4.4,4.0,-0.04,5.2,2
USR-2812,1,0,1,1,2,4,4,0,2,0,17,75.5,45.5,6.9,73.7,52.0,8.2,5.7,4.0,0.44,2.8,1
USR-2813,0,2,2,3,1,2,2,2,1,3,18,77.2,57.4,7.7,80.1,46.0,7.8,5.6,4.0,-0.23,5.5,1
USR-2814,0,3,1,3,3,3,2,2,4,4,21,79.4,59.4,7.0,82.0,31.0,11.4,4.7,3.0,-0.03,5.2,1
USR-2815,4,4,2,3,1,0,2,3,2,3,22,79.2,60.1,7.2,70.5,43.0,9.8,4.9,4.0,0.07,5.0,1
USR-2816,2,4,1,4,1,2,3,2,3,1,19,77.3,52.5,6.4,70.7,52.0,7.7,6.3,4.0,-0.09,5.3,1
USR-2817,3,3,4,3,2,0,4,1,1,3,20,86.2,52.8,5.9,70.7,17.0,10.0,3.8,3.0,0.19,5.6,1
USR-2818,3,4,4,1,3,2,2,2,3,2,26,85.9,50.3,6.5,74.5,33.0,10.2,6.8,3.0,-0.29,5.9,2
USR-2819,2,1,3,2,1,3,3,4,2,2,19,81.2,55.4,6.4,71.4,42.0,8.9,5.1,4.0,0.09,6.0,1
USR-2820,1,2,2,2,1,1,2,1,1,2,19,77.6,62.7,6.9,77.1,42.0,10.0,5.9,3.0,0.01,5.7,1
USR-2821,1,2,2,0,1,2,2,3,2,4,23,72.0,54.7,6.7,81.6,35.0,6.3,6.9,3.0,-0.06,7.5,2
USR-2822,3,2,2,4,4,1,4,3,3,1,13,62.3,60.7,8.4,82.0,60.0,5.8,3.8,5.0,0.22,3.4,0
USR-2823,3,2,3,1,2,1,2,3,0,3,20,87.9,40.1,7.4,73.1,35.0,10.7,4.4,4.0,-0.01,5.4,1
USR-2824,3,2,2,3,3,2,2,1,3,2,21,75.7,65.7,6.1,76.9,36.0,9.0,7.1,3.0,-0.12,5.6,1
USR-2825,2,1,4,2,1,0,3,4,2,3,18,72.7,52.0,6.0,78.2,44.0,8.2,5.2,4.0,-0.07,4.6,1
USR-2826,0,3,4,0,2,3,1,3,1,3,24,82.2,52.9,7.8,76.3,31.0,8.0,6.3,3.0,-0.06,6.4,2
USR-2827,4,1,2,4,0,0,2,4,3,4,20,80.3,39.7,5.5,85.1,21.0,9.2,6.4,3.0,0.01,5.6,2
USR-2828,3,2,3,4,0,1,4,1,2,1,19,80.0,56.2,6.5,79.7,41.0,9.2,4.4,4.0,-0.11,5.4,1
USR-2829,2,2,0,2,2,2,3,3,1,1,14,81.1,63.3,7.8,91.7,47.0,9.8,5.7,3.0,0.25,3.7,0
USR-2830,4,3,1,1,2,3,3,3,2,3,23,87.6,52.4,7.8,77.0,30.0,9.9,6.5,4.0,-0.18,5.7,1
USR-2831,3,3,2,1,1,0,1,2,3,2,24,76.9,74.1,6.2,70.2,31.0,9.2,7.5,3.0,0.19,5.6,1
USR-2832,3,3,1,2,3,3,2,2,4,1,22,84.1,47.5,6.6,86.9,0.0,9.8,7.2,2.0,0.44,5.1,2
USR-2833,3,1,4,1,4,3,4,3,1,2,18,73.8,64.1,6.2,77.9,54.0,10.0,5.3,3.0,0.34,4.8,1
USR-2834,3,2,1,2,2,3,2,0,2,3,24,80.3,54.2,6.5,68.7,44.0,10.7,6.8,4.0,0.15,7.3,2
USR-2835,3,0,2,4,3,1,1,3,0,0,11,64.2,60.8,6.6,95.4,32.0,8.4,4.4,3.0,0.43,5.0,0
USR-2836,1,2,3,3,4,3,2,0,3,2,21,69.9,60.2,6.1,72.6,28.0,9.5,5.8,5.0,-0.07,6.5,1
USR-2837,2,2,3,4,3,3,2,1,2,3,21,78.2,52.4,7.3,72.4,54.0,8.5,4.5,2.0,-0.41,5.1,2
USR-2838,4,0,2,3,2,0,1,3,3,2,18,71.0,64.5,6.6,75.7,26.0,7.5,5.0,4.0,-0.15,5.2,1
USR-2839,1,1,4,2,3,4,4,0,2,0,19,81.3,71.9,7.6,78.6,44.0,7.4,3.6,3.0,-0.11,3.4,0
USR-2840,2,4,3,4,1,4,4,4,4,2,22,77.8,53.7,6.5,80.2,29.0,9.8,5.6,2.0,0.18,5.6,2
USR-2841,2,4,2,2,2,4,3,4,2,3,22,80.8,50.3,5.5,62.3,40.0,9.9,7.1,4.0,-0.01,5.4,2
USR-2842,2,2,0,4,1,3,3,3,4,1,17,81.7,67.2,7.9,83.9,41.0,9.9,5.9,3.0,-0.04,6.1,1
USR-2843,3,0,2,2,1,3,4,3,0,3,17,67.4,69.9,6.0,76.5,37.0,9.2,5.2,5.0,-0.28,4.8,1
USR-2844,4,1,3,1,2,3,3,4,2,3,22,75.6,45.4,6.1,73.4,40.0,10.6,5.5,2.0,0.4,5.7,1
USR-2845,1,2,3,4,1,3,0,1,3,2,24,81.9,46.4,6.2,82.6,27.0,9.4,5.5,3.0,-0.01,6.0,2
USR-2846,1,4,3,3,3,3,1,4,3,4,23,81.7,56.7,7.3,75.8,13.0,10.4,5.0,3.0,0.09,5.7,1
USR-2847,1,1,2,4,2,3,0,1,0,2,18,81.3,56.4,6.5,80.7,29.0,7.5,6.1,4.0,-0.05,5.3,1
USR-2848,4,3,1,4,2,2,0,2,4,1,23,84.5,43.6,5.7,74.5,22.0,9.4,4.3,3.0,-0.12,5.4,2
USR-2849,3,1,0,0,1,2,2,2,2,3,22,79.7,56.8,6.7,79.3,16.0,7.1,4.2,2.0,-0.13,6.1,1
USR-2850,2,4,2,2,1,4,2,3,1,3,24,82.5,55.4,6.2,82.1,37.0,9.6,6.9,3.0,-0.11,7.2,2
USR-2851,3,2,3,2,3,0,1,0,2,2,22,80.9,49.8,6.2,63.1,33.0,10.8,6.0,4.0,0.31,5.8,1
USR-2852,4,3,3,3,4,3,0,2,2,2,24,73.7,50.5,6.6,79.4,37.0,9.7,6.0,3.0,-0.36,5.8,2
USR-2853,4,2,2,3,0,4,2,3,3,2,25,81.1,44.1,5.3,81.0,38.0,10.6,6.3,3.0,-0.16,6.3,3
USR-2854,4,3,2,2,2,3,1,2,2,2,25,83.1,40.0,4.9,75.8,41.0,10.1,8.1,2.0,-0.08,7.3,3
USR-2855,1,1,2,2,4,4,3,3,2,3,17,77.2,54.8,8.7,75.9,46.0,7.9,5.2,4.0,0.07,4.7,0
USR-2856,3,1,2,3,0,3,0,3,2,3,24,76.4,50.6,6.5,68.2,21.0,9.4,6.3,4.0,0.08,5.6,2
USR-2857,2,4,1,1,4,0,4,1,2,2,17,68.5,46.9,7.2,91.1,48.0,10.0,7.2,4.0,-0.26,5.3,1
USR-2858,4,4,1,3,2,3,4,1,4,2,24,79.8,46.6,5.8,69.5,36.0,10.5,5.9,4.0,0.26,5.5,2
USR-2859,3,4,1,3,2,2,3,3,4,2,21,88.2,54.5,7.4,83.8,63.0,8.4,7.4,4.0,-0.3,5.3,1
USR-2860,3,3,0,4,2,2,3,2,2,2,17,70.8,68.3,6.6,81.2,41.0,6.9,3.0,3.0,-0.14,4.8,1
USR-2861,3,3,1,2,2,2,4,1,0,0,16,79.9,57.5,4.9,90.2,47.0,8.6,3.8,4.0,0.03,3.8,1
USR-2862,1,0,0,1,2,1,1,2,4,1,17,82.8,48.8,6.6,77.7,40.0,7.9,4.5,4.0,-0.04,3.2,1
USR-2863,2,2,3,2,4,2,4,2,1,2,16,74.2,58.3,6.9,72.0,43.0,8.2,5.6,2.0,0.2,4.8,1
USR-2864,4,2,2,0,3,2,3,1,1,2,22,75.9,48.0,6.4,75.5,35.0,7.6,7.5,4.0,0.0,3.9,1
USR-2865,4,3,4,4,3,3,3,2,1,3,22,81.8,56.9,6.4,68.1,30.0,10.5,5.2,4.0,-0.04,4.9,1
USR-2866,0,2,1,0,3,3,2,3,1,2,17,75.8,56.0,6.5,92.6,43.0,8.4,6.1,3.0,-0.19,5.2,1
USR-2867,1,1,2,3,1,2,2,3,3,4,20,73.2,33.3,6.2,80.1,45.0,9.1,7.7,4.0,-0.03,5.6,2
USR-2868,1,3,2,2,3,1,3,3,3,3,18,72.5,87.0,6.7,82.4,35.0,7.7,6.8,3.0,0.06,4.7,0
USR-2869,3,3,0,2,2,3,3,1,4,4,25,84.1,49.9,5.0,77.1,42.0,9.4,5.7,3.0,0.1,5.6,2
USR-2870,3,2,3,0,3,3,3,2,1,4,24,85.7,50.7,4.8,70.5,42.0,9.7,6.9,3.0,-0.08,5.8,2
USR-2871,1,1,0,3,2,4,0,3,2,3,19,75.0,43.9,6.9,77.1,28.0,8.1,5.7,4.0,0.11,5.5,1
USR-2872,2,1,4,3,3,0,2,3,4,3,19,76.3,44.5,6.9,78.3,27.0,8.6,4.7,3.0,0.42,4.9,2
USR-2873,4,1,4,2,4,4,2,3,3,1,22,82.6,51.8,7.3,85.2,41.0,11.0,6.2,2.0,-0.29,4.7,1
USR-2874,3,2,2,4,2,2,1,3,3,3,21,77.5,56.4,6.5,70.5,29.0,7.0,5.2,3.0,-0.11,4.8,1
USR-2875,2,3,2,2,0,3,1,3,1,3,24,79.5,55.6,5.4,70.4,20.0,9.8,6.1,4.0,-0.35,5.8,2
USR-2876,3,3,3,2,2,0,1,0,3,2,25,78.1,50.6,4.8,71.4,52.0,8.8,4.7,3.0,0.17,6.6,3
USR-2877,2,3,2,2,2,2,2,3,2,3,21,74.5,44.3,6.0,72.9,25.0,10.8,3.9,1.0,0.3,5.5,2
USR-2878,2,2,3,1,3,1,2,3,2,2,19,90.0,36.2,7.2,70.5,20.0,8.6,5.1,4.0,0.34,4.0,1
USR-2879,3,3,0,4,4,1,0,4,3,2,16,73.0,59.2,8.3,66.5,33.0,7.1,5.3,3.0,0.23,5.5,0
USR-2880,3,1,0,2,2,2,4,3,3,2,16,80.8,55.7,7.1,70.9,45.0,8.1,3.9,4.0,0.2,3.8,0
USR-2881,4,2,2,0,2,3,3,3,3,3,25,90.3,38.6,5.3,78.7,33.0,10.2,6.7,4.0,-0.24,6.7,3
USR-2882,3,3,2,2,3,3,3,2,3,4,24,80.1,56.6,5.7,74.0,56.0,12.9,6.0,3.0,0.03,5.3,2
USR-2883,3,1,4,3,1,3,1,4,0,4,22,81.1,39.9,5.9,79.7,26.0,6.8,6.4,2.0,-0.32,7.7,2
USR-2884,1,1,1,2,1,2,3,4,2,3,16,74.5,64.9,6.8,77.1,45.0,7.0,5.9,3.0,-0.14,5.5,1
USR-2885,2,4,3,3,4,2,2,3,3,0,18,67.7,46.2,7.8,78.0,53.0,10.3,6.6,4.0,-0.02,4.2,1
USR-2886,0,2,1,0,3,4,4,3,2,4,19,68.9,57.3,7.8,85.8,31.0,7.0,6.0,2.0,0.41,5.1,1
USR-2887,1,3,2,2,0,3,3,0,2,1,23,80.4,58.7,6.3,82.5,43.0,9.5,5.6,3.0,-0.19,5.1,1
USR-2888,3,0,2,3,1,1,3,3,1,4,17,72.8,56.0,7.2,84.0,19.0,8.0,5.3,4.0,0.01,4.3,1
USR-2889,4,3,2,0,3,1,4,3,2,1,19,86.1,69.8,6.2,78.8,60.0,8.1,7.7,3.0,0.09,5.4,1
USR-2890,0,2,1,4,3,3,1,3,4,2,17,73.7,74.1,5.6,81.8,53.0,8.3,6.1,5.0,0.27,5.3,1
USR-2891,2,0,2,0,3,2,0,1,2,3,23,89.9,53.1,7.9,76.6,26.0,9.1,5.9,2.0,0.16,4.9,1
USR-2892,3,3,3,3,2,0,3,3,2,3,19,74.2,60.6,5.0,76.9,49.0,10.1,5.2,1.0,-0.19,4.4,1
USR-2893,1,1,2,2,4,3,0,2,3,2,20,87.1,63.5,5.3,75.0,53.0,10.6,4.9,3.0,-0.02,6.0,1
USR-2894,2,2,2,3,2,3,1,3,0,3,19,79.2,60.6,8.3,83.4,23.0,9.4,4.2,4.0,0.07,6.1,1
USR-2895,3,0,4,1,3,3,3,1,4,2,24,83.8,53.5,6.4,67.5,26.0,9.3,7.7,4.0,-0.06,5.5,2
USR-2896,3,1,3,0,3,0,1,3,2,1,19,74.1,52.1,5.9,85.2,55.0,9.2,5.9,3.0,0.2,5.8,2
USR-2897,1,2,2,1,1,2,3,2,4,3,23,83.0,37.8,7.0,73.4,35.0,10.4,4.6,3.0,0.07,4.9,2
USR-2898,2,0,1,1,4,4,4,0,0,1,15,81.6,50.1,7.8,74.2,48.0,9.5,4.7,4.0,0.16,3.9,1
USR-2899,3,4,4,2,1,4,2,3,1,3,27,82.9,65.3,5.1,69.0,30.0,10.5,7.6,4.0,0.02,5.8,2
USR-2900,2,0,3,2,1,2,1,1,2,0,20,75.8,57.6,6.3,72.6,48.0,10.8,5.1,4.0,0.19,4.9,1
USR-2901,0,2,1,3,3,1,1,3,2,2,14,71.0,60.5,8.0,78.6,50.0,7.4,3.9,3.0,0.36,5.5,1
USR-2902,3,1,1,3,3,2,1,4,4,2,18,83.9,67.6,6.3,75.5,41.0,10.1,5.6,5.0,-0.05,4.8,1
USR-2903,0,2,3,3,3,2,0,4,0,2,15,77.4,55.3,7.4,77.6,18.0,9.1,5.5,4.0,0.29,4.0,0
USR-2904,3,4,0,3,2,3,0,1,3,2,25,89.1,53.4,7.5,71.7,40.0,9.0,5.7,1.0,0.09,5.9,2
USR-2905,1,1,4,2,2,4,2,3,1,3,21,79.9,54.4,4.7,75.9,45.0,9.4,5.0,2.0,-0.13,5.2,2
USR-2906,4,4,1,2,4,2,2,2,3,4,24,81.2,53.7,6.1,77.8,18.0,10.0,6.5,3.0,-0.09,5.5,2
USR-2907,2,1,3,2,0,0,3,4,3,3,19,78.7,53.6,7.0,76.5,25.0,8.7,4.3,2.0,0.34,5.1,1
USR-2908,2,3,2,4,4,4,4,3,2,3,17,80.2,51.0,5.6,80.9,47.0,8.4,4.6,4.0,0.17,4.6,1
USR-2909,1,2,2,1,1,0,3,0,1,2,19,75.4,49.7,6.4,77.8,41.0,7.0,5.3,3.0,0.01,4.7,1
USR-2910,2,4,4,0,4,4,2,2,3,2,27,90.5,40.0,7.0,74.5,6.0,9.2,7.1,4.0,0.08,6.3,2
USR-2911,4,2,2,3,1,3,1,2,1,0,21,80.2,53.7,6.1,76.5,27.0,8.9,5.2,3.0,-0.12,5.6,2
USR-2912,4,2,2,1,3,4,3,3,1,2,21,66.3,41.3,5.5,73.0,40.0,8.5,6.2,2.0,-0.37,4.9,1
USR-2913,2,1,0,4,4,1,2,2,3,4,15,77.5,51.3,8.1,76.2,51.0,7.2,6.0,4.0,-0.01,4.0,0
USR-2914,2,1,0,4,2,0,0,3,4,2,16,67.6,61.1,7.5,81.1,35.0,9.7,4.5,5.0,0.35,4.0,0
USR-2915,3,4,1,0,3,2,4,3,4,2,22,83.5,51.5,6.5,81.9,33.0,9.2,9.0,2.0,0.04,3.9,1
USR-2916,4,2,3,1,3,2,2,4,3,1,21,82.9,55.3,6.6,75.1,26.0,11.8,7.0,3.0,-0.02,6.2,2
USR-2917,3,2,1,2,3,2,1,4,2,1,17,76.5,58.4,7.8,75.7,57.0,8.8,5.4,4.0,0.3,3.1,0
USR-2918,2,3,1,3,4,4,4,2,4,0,17,77.6,78.9,7.2,78.0,43.0,9.8,4.9,4.0,0.12,3.2,0
USR-2919,2,2,2,1,2,3,4,3,2,3,20,83.0,56.0,7.3,74.2,29.0,8.8,4.9,5.0,-0.04,6.0,1
USR-2920,3,4,3,3,1,3,2,3,2,2,24,78.5,47.0,5.8,70.7,19.0,8.8,7.7,4.0,0.05,5.2,2
USR-2921,0,3,3,3,0,1,2,4,4,3,21,82.3,54.6,5.1,69.0,21.0,9.5,5.8,5.0,-0.11,3.8,1
USR-2922,3,3,1,2,1,3,3,0,1,2,23,85.9,59.4,7.0,73.5,56.0,11.0,4.4,3.0,0.01,7.0,2
USR-2923,2,4,0,0,1,3,3,2,0,3,22,88.1,52.1,7.5,76.7,33.0,9.2,4.0,3.0,-0.22,5.2,1
USR-2924,3,0,4,3,2,2,0,2,3,3,24,75.5,55.5,6.2,68.6,28.0,10.1,6.1,2.0,-0.33,7.1,2
USR-2925,0,1,1,1,1,4,3,2,0,3,18,77.8,60.7,7.6,74.1,37.0,9.0,5.4,3.0,-0.11,4.1,1
USR-2926,3,2,4,3,0,1,4,1,2,2,22,74.4,50.2,6.3,70.8,28.0,9.2,4.8,3.0,-0.07,4.4,1
USR-2927,2,1,4,2,0,1,1,2,2,2,23,75.1,52.1,6.4,67.8,33.0,9.4,4.4,3.0,-0.22,5.6,2
USR-2928,3,3,3,3,3,0,4,3,2,4,18,77.5,70.3,8.3,73.7,40.0,7.5,3.3,1.0,-0.06,3.9,0
USR-2929,0,4,1,4,3,3,4,2,4,0,15,73.5,63.2,7.0,79.8,43.0,8.2,4.1,3.0,0.12,4.5,0
USR-2930,3,2,3,4,2,3,1,3,1,1,19,82.4,48.4,6.6,71.0,23.0,9.6,5.0,4.0,0.02,5.6,1
USR-2931,3,2,3,2,4,2,3,0,2,2,21,76.6,51.2,5.2,75.6,47.0,9.5,6.3,3.0,-0.34,6.2,2
USR-2932,3,4,3,1,0,1,1,4,1,3,25,81.2,31.8,6.9,69.7,25.0,10.0,6.0,3.0,-0.65,6.1,3
USR-2933,3,2,2,3,4,0,3,4,3,0,12,71.6,66.1,6.9,78.4,39.0,8.7,5.6,3.0,0.32,4.7,0
USR-2934,3,2,1,2,3,1,3,3,3,3,18,71.4,68.0,7.0,80.4,31.0,8.9,5.9,4.0,0.09,4.1,0
USR-2935,3,2,1,1,1,2,1,4,2,2,21,74.8,43.0,6.4,73.0,24.0,9.2,6.1,4.0,-0.3,5.6,2
USR-2936,1,4,2,4,3,1,3,1,1,2,16,79.6,61.2,6.7,77.6,45.0,9.3,6.0,5.0,0.21,4.3,1
USR-2937,3,3,3,1,3,1,3,3,3,2,21,75.6,61.6,6.6,82.7,47.0,9.3,4.2,3.0,0.06,7.0,1
USR-2938,2,3,2,0,2,4,2,1,2,2,26,88.7,56.2,6.2,67.9,22.0,9.6,5.7,2.0,-0.24,7.5,3
USR-2939,0,3,2,0,4,2,1,2,1,1,18,78.8,67.7,7.9,86.3,18.0,9.3,7.7,5.0,0.45,4.9,0
USR-2940,0,2,2,3,1,3,0,2,2,1,20,69.8,40.1,8.0,75.3,25.0,9.0,3.6,4.0,0.25,5.4,2
USR-2941,2,2,3,3,1,0,3,3,2,2,17,77.5,62.8,7.5,73.6,35.0,8.2,4.8,2.0,0.01,5.8,1
USR-2942,3,4,4,2,0,2,4,2,4,3,28,87.1,33.0,7.1,68.2,14.0,10.4,7.0,1.0,-0.32,6.3,3
USR-2943,3,2,1,2,1,2,3,3,4,3,22,81.4,44.5,7.3,75.8,28.0,9.5,3.9,2.0,-0.35,4.0,1
USR-2944,3,3,2,2,1,1,2,2,3,2,23,79.4,57.8,6.9,81.0,28.0,8.1,5.1,3.0,0.15,5.1,2
USR-2945,2,4,1,3,4,1,2,4,4,3,18,71.0,58.8,8.1,82.5,40.0,9.1,7.2,4.0,0.11,4.5,1
USR-2946,2,3,3,0,0,4,1,3,3,2,29,92.1,49.6,4.9,70.6,10.0,12.6,6.8,3.0,-0.11,8.3,3
USR-2947,1,3,3,4,2,4,1,1,4,2,25,81.4,41.3,5.8,79.5,39.0,8.6,5.6,3.0,-0.58,7.1,3
USR-2948,2,3,4,1,2,0,2,2,0,0,18,71.3,69.3,6.3,69.1,60.0,8.1,5.5,3.0,0.22,4.8,1
USR-2949,2,4,1,4,4,2,2,4,2,4,17,77.2,64.3,6.8,80.5,58.0,11.9,4.5,5.0,-0.01,5.0,1
USR-2950,0,2,4,1,4,4,2,2,3,3,23,76.4,58.4,7.0,76.3,27.0,8.5,7.6,3.0,0.03,5.3,1
USR-2951,1,0,0,3,3,0,4,2,3,3,11,64.9,57.6,6.6,85.4,56.0,9.2,3.4,4.0,0.37,5.0,0
USR-2952,3,2,3,1,4,3,3,3,1,2,19,74.7,65.6,7.2,69.7,45.0,8.6,4.9,3.0,0.03,6.0,1
USR-2953,3,3,0,0,3,4,3,2,2,3,23,76.8,48.7,6.0,69.7,34.0,9.5,4.4,5.0,-0.23,5.9,2
USR-2954,4,2,4,4,4,4,1,2,2,3,24,76.4,45.1,6.1,73.2,35.0,9.4,5.7,3.0,-0.04,6.0,2
USR-2955,4,3,2,4,3,2,4,2,1,0,15,77.2,66.3,7.3,86.3,51.0,8.8,4.7,3.0,-0.02,4.7,1
USR-2956,3,2,3,2,0,1,3,1,2,4,25,81.3,53.4,7.7,82.8,42.0,7.9,7.3,2.0,0.06,6.3,2
USR-2957,2,3,3,3,2,1,4,2,2,2,18,82.0,50.7,6.4,75.2,30.0,8.9,4.2,2.0,-0.08,3.4,1
USR-2958,3,1,1,2,3,4,2,0,4,1,23,75.9,67.7,6.4,68.2,43.0,9.0,6.4,3.0,-0.09,7.1,2
USR-2959,3,3,0,4,2,4,2,2,3,0,19,68.0,70.8,6.0,81.8,59.0,6.6,5.5,2.0,-0.12,6.0,1
USR-2960,1,2,4,2,1,3,2,2,3,3,25,82.6,53.6,5.7,86.3,42.0,11.1,4.2,2.0,-0.12,6.6,2
USR-2961,2,1,2,2,3,3,1,4,4,3,21,87.7,57.2,5.8,81.8,55.0,6.6,4.9,4.0,-0.24,5.1,1
USR-2962,3,2,1,2,4,3,3,3,2,3,18,78.4,60.1,7.1,74.8,9.0,11.3,4.5,4.0,-0.1,4.8,1
USR-2963,2,3,2,2,0,3,4,3,2,4,23,96.2,38.9,6.8,89.1,41.0,10.2,7.6,4.0,0.37,3.8,2
USR-2964,3,2,3,4,3,3,1,0,0,2,21,80.0,54.7,7.2,79.7,40.0,7.5,6.2,2.0,0.14,4.6,1
USR-2965,3,1,0,1,3,3,0,1,4,3,25,83.1,49.5,5.7,69.3,44.0,11.4,6.3,2.0,-0.08,7.7,3
USR-2966,1,4,1,1,4,2,3,3,0,3,16,63.2,55.4,7.5,89.7,28.0,7.5,1.0,3.0,0.22,4.8,1
USR-2967,2,3,0,3,4,1,1,3,3,4,18,77.9,55.0,7.0,74.2,34.0,7.9,3.3,5.0,0.12,3.3,1
USR-2968,2,4,2,3,3,3,3,1,2,2,21,79.2,34.7,6.6,73.1,47.0,7.0,6.4,3.0,-0.05,4.8,2
USR-2969,0,2,4,1,2,2,3,2,4,4,24,79.0,41.2,5.4,77.6,20.0,8.6,6.8,4.0,0.03,4.6,2
USR-2970,0,2,4,2,1,2,2,2,2,1,20,76.8,62.4,6.9,76.9,40.0,8.1,4.8,4.0,-0.17,4.6,1
USR-2971,3,4,3,4,2,3,3,4,3,3,22,78.9,66.3,6.7,75.7,35.0,10.3,5.8,3.0,0.26,5.5,1
USR-2972,1,2,1,1,3,3,2,0,2,3,22,78.4,45.0,6.7,75.7,33.0,10.7,5.7,4.0,-0.04,7.0,2
USR-2973,2,3,4,3,4,4,4,3,2,3,20,87.9,56.5,7.1,82.6,44.0,7.5,5.7,2.0,0.16,5.9,1
USR-2974,2,1,2,3,3,1,3,3,3,0,13,69.5,72.5,7.9,70.6,32.0,8.3,4.3,2.0,0.52,3.5,0
USR-2975,4,2,1,2,1,3,4,4,4,0,19,77.5,52.1,6.0,79.2,29.0,6.6,6.2,4.0,0.13,4.8,1
USR-2976,1,1,4,4,3,1,0,3,2,0,15,71.1,66.7,7.0,79.3,41.0,8.6,6.0,4.0,-0.01,3.5,0
USR-2977,2,1,3,3,2,4,1,1,4,3,26,86.7,47.2,6.6,68.7,16.0,12.5,5.3,4.0,0.06,7.4,3
USR-2978,4,0,3,2,0,0,0,3,3,3,24,81.9,59.5,6.2,70.2,48.0,7.5,4.8,2.0,0.22,7.1,2
USR-2979,4,0,3,3,1,3,2,3,3,4,24,79.6,39.7,7.2,60.8,23.0,8.4,5.2,3.0,-0.51,5.0,2
USR-2980,1,4,1,3,1,3,4,3,2,2,18,66.1,48.7,7.0,74.5,49.0,9.6,5.3,4.0,0.04,3.4,1
USR-2981,3,1,1,3,4,2,2,3,2,0,13,72.6,66.0,5.8,88.7,35.0,9.0,5.0,4.0,0.27,3.5,0
USR-2982,2,3,3,4,1,4,4,4,1,1,17,73.3,59.5,7.7,83.4,49.0,7.4,5.9,4.0,0.04,4.5,0
USR-2983,2,3,1,2,2,4,2,0,4,0,24,80.7,49.5,6.3,73.0,14.0,11.4,7.0,2.0,-0.37,6.3,2
USR-2984,1,2,2,2,4,2,2,1,4,3,21,72.5,58.4,5.2,69.2,53.0,8.2,6.0,4.0,-0.21,4.1,1
USR-2985,0,1,3,1,2,0,4,3,3,3,16,81.2,52.6,6.9,84.1,56.0,10.4,5.2,4.0,-0.25,3.8,0
USR-2986,3,3,3,0,0,2,2,1,2,4,30,90.5,31.5,4.9,76.0,20.0,11.1,8.4,3.0,-0.11,7.3,3
USR-2987,2,3,2,0,2,2,3,0,1,2,23,87.3,47.2,7.1,79.9,24.0,11.0,5.9,3.0,0.18,5.3,2
USR-2988,2,3,3,4,1,4,1,2,4,0,24,86.7,46.9,6.4,69.2,38.0,10.0,6.6,2.0,0.15,6.8,2
USR-2989,3,3,3,3,1,4,4,3,0,1,19,79.6,54.0,6.1,73.4,20.0,9.6,5.7,3.0,0.02,6.5,2
USR-2990,3,4,3,3,0,0,3,1,4,3,26,77.0,57.7,6.9,80.8,31.0,10.8,6.1,2.0,-0.13,6.1,2
USR-2991,1,3,1,3,3,2,3,3,2,4,17,84.1,64.9,7.4,73.2,31.0,9.9,5.0,3.0,0.3,5.3,1
USR-2992,3,2,1,4,1,2,0,0,2,1,22,74.6,56.8,6.4,77.9,32.0,9.3,7.1,3.0,-0.11,5.4,1
USR-2993,1,3,2,2,2,0,2,1,3,1,19,75.3,58.0,5.8,68.9,31.0,7.8,5.3,3.0,-0.16,4.3,1
USR-2994,3,0,1,4,4,2,4,2,0,3,11,73.2,62.8,6.9,82.2,38.0,7.6,4.0,4.0,0.16,2.8,0
USR-2995,3,4,1,2,2,2,4,0,2,3,23,83.9,44.4,5.8,77.7,55.0,8.6,5.1,2.0,-0.05,6.5,2
USR-2996,4,1,1,4,4,2,0,4,4,1,17,77.7,49.2,7.6,79.1,50.0,7.8,5.5,3.0,-0.05,4.1,1
USR-2997,0,2,2,3,2,3,2,4,3,3,18,73.7,51.9,5.6,81.1,22.0,10.7,4.7,3.0,0.15,4.5,1
USR-2998,0,3,4,1,2,3,2,3,3,1,22,76.2,52.2,6.5,69.4,25.0,10.0,6.1,3.0,-0.33,4.8,1
USR-2999,2,3,1,3,3,1,1,1,3,4,22,91.9,43.3,6.4,71.4,46.0,10.0,5.9,3.0,-0.11,6.2,2
USR-3000,1,2,3,2,0,3,3,2,0,1,19,76.4,57.6,7.7,80.2,50.0,10.1,4.9,3.0,0.11,5.4,1
USR-3001,1,2,3,1,0,3,1,1,1,0,23,79.3,49.7,6.7,78.2,18.0,10.2,4.5,2.0,-0.06,7.1,2
USR-3002,4,4,0,3,3,4,2,2,2,2,22,75.7,49.3,7.0,76.6,44.0,11.5,4.7,3.0,-0.21,6.2,2
USR-3003,1,2,4,2,2,2,3,2,2,1,19,77.8,65.5,6.4,82.5,42.0,6.3,4.5,4.0,0.18,5.4,1
USR-3004,1,4,3,0,3,4,2,3,2,2,24,82.0,30.3,5.4,65.7,10.0,8.4,5.0,4.0,-0.07,6.6,3
USR-3005,3,0,2,4,4,4,3,0,3,3,20,77.4,51.9,6.5,74.7,33.0,8.2,6.0,3.0,-0.42,5.0,1
USR-3006,2,3,3,3,2,2,4,2,0,2,17,76.8,39.9,7.6,88.4,39.0,6.9,7.3,3.0,0.18,4.7,1
USR-3007,3,4,1,4,3,2,1,4,3,3,20,86.3,56.9,7.4,83.4,38.0,9.1,5.0,2.0,-0.08,6.0,1
USR-3008,0,1,3,3,2,4,3,2,0,2,16,71.0,66.1,6.8,83.2,26.0,8.6,4.6,3.0,0.02,3.7,0
USR-3009,2,2,0,2,4,3,1,4,0,0,12,70.7,54.2,6.8,82.2,37.0,10.2,3.9,3.0,0.07,4.9,1
USR-3010,0,1,3,2,3,4,2,4,2,4,19,73.4,46.5,6.0,82.9,31.0,9.9,6.2,3.0,-0.17,5.5,1
USR-3011,0,3,2,3,4,3,0,2,4,3,22,80.7,38.9,6.5,77.6,29.0,8.7,6.2,4.0,-0.02,7.3,3
USR-3012,4,2,3,4,1,3,1,2,1,0,21,75.5,54.3,6.8,68.7,30.0,9.7,5.6,2.0,0.08,4.5,1
USR-3013,1,3,1,1,3,1,2,3,2,2,17,72.2,56.0,8.2,84.2,39.0,6.4,3.9,3.0,0.12,3.7,0
USR-3014,2,1,3,4,1,2,2,1,3,3,22,72.0,50.3,6.7,71.2,39.0,9.5,4.8,2.0,0.13,6.0,2
USR-3015,2,1,3,4,1,4,4,1,1,1,18,76.2,54.6,7.4,82.3,61.0,8.8,5.4,2.0,0.18,4.9,1
USR-3016,2,0,2,3,4,2,3,3,2,3,14,74.4,54.7,6.7,73.4,55.0,7.0,5.0,4.0,-0.22,3.6,0
USR-3017,4,2,3,4,0,0,4,2,4,2,21,87.7,62.8,6.7,84.2,52.0,8.9,5.6,3.0,-0.21,4.4,1
USR-3018,0,2,2,2,4,3,3,1,2,1,16,76.3,62.2,7.2,78.6,36.0,7.6,5.7,5.0,0.36,4.2,0
USR-3019,3,4,4,4,1,3,1,3,1,1,23,77.9,41.8,6.4,69.2,22.0,8.3,4.7,2.0,-0.34,6.1,2
USR-3020,4,3,2,3,3,2,2,3,3,3,22,72.5,46.9,6.6,72.1,45.0,10.1,6.1,2.0,-0.61,4.6,2
USR-3021,3,2,4,0,1,2,2,1,3,2,28,78.4,38.0,6.2,69.3,28.0,11.4,6.7,3.0,0.13,6.6,3
USR-3022,4,4,3,4,2,2,2,1,0,1,21,71.9,65.0,7.0,76.2,45.0,9.8,4.7,3.0,0.03,5.8,1
USR-3023,0,3,2,2,1,0,3,1,0,3,17,84.3,64.4,7.9,85.8,30.0,8.0,4.5,3.0,-0.05,5.2,1
USR-3024,2,4,1,2,3,3,2,2,1,3,21,79.8,52.7,4.9,76.6,44.0,8.4,6.3,4.0,-0.2,5.2,2
USR-3025,1,2,2,3,2,2,2,3,1,1,15,70.2,74.9,8.1,69.9,41.0,7.8,3.7,4.0,0.28,3.5,0
USR-3026,3,1,3,1,3,4,1,3,1,4,24,76.2,61.6,5.0,67.9,27.0,9.3,8.5,4.0,-0.02,6.2,2
USR-3027,4,0,1,2,0,3,0,3,2,3,24,76.7,48.2,6.6,87.8,29.0,8.6,6.6,2.0,-0.05,5.9,2
USR-3028,1,3,2,3,0,3,1,0,2,2,25,78.8,45.5,8.2,73.9,38.0,11.0,6.1,2.0,-0.19,5.1,2
USR-3029,3,1,3,0,0,2,1,1,4,2,29,92.0,40.9,5.9,75.0,37.0,10.1,6.4,2.0,-0.53,6.8,3
USR-3030,1,2,2,1,2,2,3,1,3,3,22,79.1,44.9,6.7,74.0,31.0,10.2,6.5,4.0,-0.07,5.2,1
USR-3031,3,2,3,0,3,2,1,1,4,1,26,75.5,61.4,6.0,67.5,35.0,8.2,5.8,3.0,0.03,6.5,2
USR-3032,2,3,1,2,4,2,3,1,2,2,18,87.3,49.4,7.5,76.1,44.0,7.9,4.9,4.0,-0.05,4.2,1
USR-3033,4,3,1,3,1,4,2,2,0,3,23,74.4,58.2,6.8,75.4,43.0,10.5,7.3,1.0,0.03,5.4,1
USR-3034,3,1,3,3,3,2,0,0,2,2,23,77.2,56.8,5.9,72.4,46.0,10.5,5.4,1.0,-0.17,5.7,2
USR-3035,2,2,0,4,3,3,3,3,3,3,16,80.6,57.6,7.0,89.6,64.0,7.0,5.1,2.0,0.28,4.9,0
USR-3036,1,3,1,3,2,1,3,3,1,2,14,74.3,77.0,6.4,78.4,39.0,8.5,4.0,3.0,-0.02,4.0,0
USR-3037,1,4,4,1,2,1,1,3,0,1,20,75.2,42.5,6.7,71.7,55.0,9.4,5.8,2.0,0.0,7.4,2
USR-3038,1,3,2,4,2,4,4,0,2,2,20,71.3,54.4,6.4,81.0,39.0,8.2,6.1,5.0,0.09,4.2,1
USR-3039,1,4,4,3,1,3,0,4,2,2,24,76.2,46.1,6.5,78.7,20.0,10.0,7.7,3.0,-0.26,6.8,2
USR-3040,4,3,4,3,0,2,1,4,2,3,26,78.2,55.2,5.7,72.6,23.0,8.0,5.3,3.0,-0.11,6.5,2
USR-3041,3,3,1,3,1,2,3,1,1,3,21,78.4,56.6,6.5,73.2,42.0,8.0,4.2,2.0,-0.04,4.3,1
USR-3042,2,1,0,4,3,1,3,3,1,2,10,69.7,53.7,7.6,75.0,57.0,8.2,4.0,3.0,0.29,2.8,0
USR-3043,1,3,3,3,0,3,2,4,3,4,24,80.3,59.9,6.5,80.1,21.0,9.6,5.4,4.0,-0.26,4.9,1
USR-3044,4,3,2,2,1,0,0,2,2,1,23,79.9,55.1,6.7,79.1,25.0,9.5,5.9,4.0,0.11,6.0,1
USR-3045,3,3,1,3,2,3,4,2,3,1,19,71.4,48.0,6.7,75.6,32.0,8.6,5.9,4.0,-0.16,4.8,1
USR-3046,0,2,3,0,0,3,2,2,2,2,24,82.5,47.2,5.8,74.3,23.0,10.2,8.3,1.0,-0.06,5.6,2
USR-3047,3,2,0,2,1,4,1,2,2,1,22,85.7,42.1,6.6,74.4,13.0,10.0,5.3,3.0,-0.23,4.8,1
USR-3048,2,2,4,2,4,2,2,2,1,3,20,76.7,53.6,6.6,85.1,11.0,9.9,3.3,4.0,-0.01,6.1,1
USR-3049,0,2,1,1,0,1,4,4,2,0,13,70.5,65.0,8.2,77.1,41.0,8.1,4.4,4.0,0.34,3.6,0
USR-3050,2,1,1,0,3,3,0,3,0,1,18,76.2,54.8,7.8,75.4,43.0,8.2,5.6,2.0,0.0,5.0,1
USR-3051,2,3,1,1,2,0,3,1,2,2,19,82.2,52.6,5.7,74.2,46.0,8.2,4.4,5.0,-0.59,5.2,1
USR-3052,1,1,4,3,3,1,3,3,3,3,17,70.4,45.8,7.5,80.8,25.0,7.3,5.4,3.0,-0.18,4.7,1
USR-3053,4,0,3,3,3,0,2,3,1,4,17,82.1,61.4,7.7,79.5,25.0,8.1,5.3,2.0,-0.34,4.4,0
USR-3054,4,2,3,4,1,2,3,1,1,3,22,81.4,37.1,5.5,76.5,29.0,8.6,6.0,3.0,-0.05,6.9,3
USR-3055,3,3,2,2,4,0,4,2,1,1,14,72.4,62.7,7.7,77.1,44.0,10.0,5.5,5.0,0.18,5.8,0
USR-3056,2,2,2,3,2,2,1,4,0,3,17,80.9,44.4,7.7,86.7,53.0,7.3,5.0,4.0,0.02,5.8,1
USR-3057,2,1,1,4,3,4,1,3,2,0,15,67.2,61.7,6.4,78.5,52.0,9.5,5.4,3.0,0.02,4.2,0
USR-3058,3,2,2,1,2,3,4,1,4,2,24,83.6,50.0,6.2,79.9,29.0,9.3,4.2,2.0,-0.08,6.1,2
USR-3059,2,2,2,3,4,0,3,1,2,3,16,76.2,63.2,7.2,95.7,46.0,8.2,4.0,2.0,-0.17,5.3,1
USR-3060,0,4,3,3,3,1,2,2,2,2,18,71.1,64.4,7.4,74.1,30.0,9.2,4.9,3.0,0.25,4.2,1
USR-3061,2,4,1,0,4,3,3,2,3,1,21,80.7,62.1,5.9,78.0,37.0,7.4,4.6,3.0,-0.01,6.8,1
USR-3062,3,2,4,4,2,4,3,2,3,2,23,81.5,38.4,7.4,74.1,33.0,8.5,5.9,3.0,-0.28,6.5,2
USR-3063,2,2,1,3,2,0,3,3,4,1,15,72.2,60.8,5.6,90.9,60.0,6.8,4.5,3.0,0.07,4.0,1
USR-3064,0,3,4,0,3,3,4,0,4,2,25,86.2,64.8,7.4,71.8,38.0,9.3,5.7,4.0,-0.18,6.5,2
USR-3065,3,0,0,0,4,3,2,1,3,2,20,74.6,56.0,7.2,78.2,28.0,7.9,6.4,4.0,-0.28,5.8,1
USR-3066,1,2,2,0,4,2,2,2,4,2,21,79.7,47.1,6.2,77.4,27.0,10.7,5.7,3.0,0.1,5.1,2
USR-3067,1,2,2,2,2,4,3,0,1,4,23,79.5,50.6,7.2,74.2,30.0,8.7,4.8,3.0,0.1,6.7,2
USR-3068,1,4,2,2,3,3,2,4,3,3,21,75.3,50.7,5.8,80.0,18.0,6.3,5.0,4.0,-0.01,6.5,2
USR-3069,2,0,3,2,1,4,3,1,4,4,26,85.3,38.1,6.3,73.0,28.0,9.5,7.0,2.0,0.01,6.3,3
USR-3070,3,2,2,1,2,2,2,3,3,3,23,79.1,58.2,6.7,77.2,32.0,10.4,6.1,3.0,0.44,5.5,1
USR-3071,2,3,2,4,1,2,1,2,4,3,24,73.6,54.7,6.6,75.1,39.0,11.6,7.2,3.0,-0.5,6.0,1
USR-3072,1,2,3,2,2,3,2,2,1,2,20,68.5,44.3,6.1,74.0,45.0,8.7,6.3,3.0,0.01,4.3,1
USR-3073,4,0,3,0,4,2,3,3,2,0,17,78.8,58.0,6.6,77.9,42.0,7.9,4.7,4.0,-0.18,3.3,1
USR-3074,4,4,3,2,1,3,3,2,4,3,29,79.3,39.2,6.1,73.0,8.0,10.3,8.1,3.0,0.04,6.8,3
USR-3075,4,2,1,2,3,1,2,3,2,2,18,77.1,44.7,6.3,81.3,25.0,9.2,6.8,4.0,0.11,4.1,1
USR-3076,1,3,3,2,3,1,1,2,3,1,20,77.8,43.7,7.0,83.2,30.0,7.6,3.7,4.0,-0.14,6.7,2
USR-3077,2,1,3,1,1,2,2,3,0,2,19,74.8,46.1,6.3,87.0,46.0,8.6,5.4,3.0,-0.02,4.7,1
USR-3078,4,2,2,1,2,3,3,3,3,3,24,90.8,49.5,7.2,71.4,40.0,9.5,5.5,3.0,0.15,6.5,2
USR-3079,3,2,2,3,3,4,2,3,4,4,24,81.9,46.3,7.7,74.7,30.0,9.7,5.7,2.0,-0.03,5.6,2
USR-3080,0,0,2,4,1,2,3,3,2,2,13,75.2,56.1,7.1,81.3,74.0,7.8,3.8,6.0,0.33,5.2,0
USR-3081,0,1,1,2,3,3,2,3,0,2,13,72.8,60.6,8.1,76.7,64.0,6.8,3.7,5.0,0.51,3.6,0
USR-3082,2,3,1,2,4,1,1,4,0,4,16,72.8,66.0,6.9,82.8,57.0,8.8,5.9,4.0,0.31,3.4,0
USR-3083,4,1,1,3,1,4,3,2,4,2,23,80.0,54.1,5.7,78.6,43.0,9.4,4.7,3.0,0.13,6.4,2
USR-3084,2,1,3,3,1,3,0,3,3,1,22,86.5,60.5,6.2,70.1,41.0,9.2,5.8,3.0,-0.09,5.9,1
USR-3085,2,2,3,2,2,3,2,0,1,2,23,85.6,49.4,6.6,72.9,39.0,8.2,4.5,2.0,-0.54,6.8,2
USR-3086,1,3,4,4,3,3,1,2,0,4,21,88.1,66.6,5.2,73.9,15.0,9.9,6.9,2.0,-0.01,5.3,1
USR-3087,3,0,3,3,2,1,0,2,3,1,20,78.6,57.8,7.3,69.5,25.0,7.9,5.5,2.0,-0.13,5.3,1
USR-3088,3,3,0,2,0,2,2,3,3,2,22,74.9,48.6,6.6,75.3,33.0,11.2,6.5,3.0,0.1,4.5,1
USR-3089,2,1,4,3,2,4,2,2,1,2,21,76.2,54.5,7.5,70.5,38.0,7.7,5.8,3.0,-0.38,6.1,1
USR-3090,3,0,4,4,4,0,3,3,2,4,15,67.2,51.3,7.7,81.5,42.0,9.2,4.6,4.0,0.32,4.2,0
USR-3091,4,0,2,3,2,3,3,0,3,4,24,84.8,47.6,6.5,75.3,36.0,7.3,6.1,2.0,-0.08,6.0,2
USR-3092,1,3,3,0,2,4,3,2,2,2,24,78.1,53.4,6.1,76.0,8.0,6.9,7.5,4.0,-0.05,5.9,2
USR-3093,2,1,4,2,4,2,2,4,4,4,21,63.1,58.6,7.9,78.5,42.0,8.5,4.7,3.0,0.09,5.2,1
USR-3094,2,0,2,2,3,4,3,1,2,1,18,88.1,54.2,8.7,86.2,40.0,6.0,2.7,3.0,0.05,5.5,1
USR-3095,3,2,4,2,3,4,3,0,3,1,25,79.0,70.6,6.0,69.2,30.0,10.6,5.3,4.0,-0.22,5.6,2
USR-3096,3,4,0,3,3,3,2,2,2,4,22,76.4,51.1,7.4,71.7,46.0,9.3,4.5,3.0,0.17,6.3,1
USR-3097,3,1,1,3,4,1,3,3,4,2,15,81.5,47.8,6.6,84.0,31.0,9.9,5.8,3.0,0.27,2.9,0
USR-3098,3,2,2,3,3,2,4,2,2,1,16,68.0,69.7,6.6,79.3,39.0,8.2,4.8,4.0,0.26,2.9,0
USR-3099,2,0,3,4,4,0,1,2,1,2,13,77.1,68.6,7.1,87.9,49.0,8.2,5.5,4.0,0.19,4.9,0
USR-3100,4,2,3,1,3,3,4,3,2,3,22,76.3,54.4,7.1,78.3,25.0,9.0,5.8,1.0,-0.04,4.9,1
USR-3101,2,3,4,4,3,4,0,1,4,3,28,77.9,41.3,5.2,80.6,4.0,9.2,6.5,2.0,-0.24,7.0,3
USR-3102,1,3,2,3,2,3,2,3,2,4,21,86.9,56.9,7.9,75.8,23.0,8.7,5.8,3.0,-0.38,5.2,1
USR-3103,3,2,0,2,2,2,2,1,2,3,21,83.0,66.7,7.4,68.8,36.0,7.7,7.1,2.0,-0.31,5.7,1
USR-3104,3,2,3,3,3,0,3,2,2,4,19,81.2,57.9,7.4,79.5,36.0,9.3,5.6,4.0,0.01,5.1,1
USR-3105,2,1,3,1,2,3,1,3,1,2,21,80.2,42.0,6.4,75.9,36.0,8.8,6.7,3.0,-0.41,6.3,2
USR-3106,4,2,1,3,3,3,4,3,0,3,16,77.0,32.4,7.8,82.7,34.0,8.3,6.0,4.0,0.1,3.3,1
USR-3107,4,0,2,2,1,4,3,3,2,3,22,73.1,55.6,4.2,78.8,20.0,12.7,5.6,3.0,-0.24,6.2,3
USR-3108,1,3,3,2,3,3,3,3,3,2,20,78.1,47.1,7.1,74.3,39.0,8.5,5.4,4.0,-0.02,5.2,1
USR-3109,4,4,3,3,1,3,2,2,3,0,25,77.2,48.0,6.4,68.2,30.0,10.1,5.7,4.0,-0.12,5.1,2
USR-3110,1,4,2,3,3,3,4,1,3,2,20,70.6,48.5,5.2,76.3,45.0,8.9,6.8,4.0,-0.37,4.8,2
USR-3111,1,4,2,1,3,3,3,1,4,3,25,83.9,41.7,6.6,61.3,23.0,11.1,5.2,4.0,-0.08,5.0,2
USR-3112,1,3,4,0,1,2,2,4,2,1,22,85.0,46.4,7.0,75.9,11.0,9.6,5.0,4.0,-0.15,4.3,2
USR-3113,4,3,3,2,2,4,3,4,3,1,23,78.2,45.9,5.0,72.7,3.0,9.1,5.6,3.0,-0.55,5.5,2
USR-3114,3,2,2,3,2,3,3,4,0,2,16,72.9,66.2,6.2,84.3,37.0,11.2,3.9,4.0,0.03,5.3,1
USR-3115,1,3,2,4,2,2,3,0,0,0,15,67.4,65.8,8.8,70.8,45.0,7.2,4.3,2.0,0.23,4.4,0
USR-3116,2,2,3,4,2,0,2,2,1,3,17,74.9,49.1,6.9,79.3,38.0,8.3,6.3,3.0,0.01,5.7,1
USR-3117,3,2,1,2,0,2,2,3,2,1,20,81.3,46.4,7.5,84.9,31.0,10.1,6.2,3.0,-0.09,5.3,1
USR-3118,0,3,1,3,4,2,0,3,1,1,14,76.2,65.5,8.2,84.9,25.0,7.1,4.3,4.0,0.21,5.2,0
USR-3119,4,2,2,2,0,1,2,3,2,3,23,82.9,59.7,6.8,79.7,11.0,10.4,6.7,3.0,-0.19,7.0,2
USR-3120,3,2,2,3,3,1,3,3,3,4,19,73.5,64.5,7.7,79.4,43.0,8.3,7.5,4.0,-0.02,4.3,1
USR-3121,2,4,3,1,2,2,4,2,2,0,20,74.2,47.0,5.1,68.7,35.0,10.2,5.8,2.0,-0.27,5.3,2
USR-3122,4,0,1,2,3,1,4,1,2,1,15,77.1,69.2,7.0,81.6,39.0,9.4,6.3,2.0,0.05,3.6,0
USR-3123,2,2,3,3,2,3,2,1,2,4,24,85.1,35.8,3.9,76.0,14.0,9.5,6.9,2.0,0.26,6.0,3
USR-3124,4,4,2,0,3,2,3,0,1,2,25,81.0,47.1,4.9,67.9,20.0,8.5,5.8,4.0,-0.11,7.6,3
USR-3125,3,3,0,3,3,3,1,2,0,4,20,75.4,58.9,6.3,76.4,38.0,8.5,5.7,2.0,0.05,4.7,1
USR-3126,3,2,1,3,3,1,3,0,1,1,16,79.8,43.4,6.6,65.5,45.0,8.4,5.5,3.0,-0.01,3.5,1
USR-3127,1,1,4,2,1,2,0,2,0,1,20,75.7,71.7,6.8,75.3,36.0,10.1,4.8,3.0,-0.08,4.4,1
USR-3128,4,2,4,2,3,2,2,3,3,1,22,83.0,63.1,6.6,73.3,52.0,9.7,3.1,2.0,-0.11,5.4,1
USR-3129,2,4,1,4,1,3,3,4,3,0,17,74.2,63.9,7.1,86.3,34.0,9.2,4.3,3.0,0.26,7.6,1
USR-3130,1,2,3,3,0,3,2,3,2,4,23,74.9,43.5,6.6,71.7,50.0,9.9,3.7,4.0,0.15,7.1,2
USR-3131,0,2,3,2,2,1,0,1,2,4,23,88.2,50.7,6.8,73.4,37.0,10.5,5.1,3.0,-0.18,3.6,1
USR-3132,2,0,4,2,2,3,3,1,3,4,24,81.6,56.3,5.6,73.6,34.0,9.4,4.3,4.0,-0.12,6.1,2
USR-3133,2,0,2,3,2,1,2,1,1,4,18,72.2,48.5,6.3,75.5,51.0,8.9,6.1,2.0,0.01,4.3,1
USR-3134,3,4,3,3,3,4,0,4,1,4,25,74.9,47.3,6.3,76.8,24.0,9.8,4.9,3.0,0.0,7.1,2
USR-3135,4,2,0,1,2,4,0,2,2,3,26,76.3,54.8,6.2,62.5,27.0,9.4,6.8,2.0,-0.09,5.6,2
USR-3136,0,3,2,2,2,3,1,1,3,3,24,79.1,38.0,5.5,79.7,18.0,10.8,6.8,3.0,-0.14,5.3,3
USR-3137,3,0,4,4,0,3,1,4,3,1,21,88.0,56.4,7.5,76.2,48.0,10.3,6.3,2.0,0.17,5.0,1
USR-3138,1,3,2,3,3,3,3,2,3,2,19,73.7,42.2,7.4,84.3,43.0,10.3,3.5,3.0,0.13,4.5,1
USR-3139,4,4,2,4,3,3,2,4,0,3,19,83.9,48.7,6.1,64.0,52.0,7.9,6.5,4.0,-0.12,5.6,2
USR-3140,3,3,1,3,2,3,3,1,2,4,23,79.5,47.2,6.3,62.6,37.0,9.9,6.3,3.0,-0.09,5.6,2
USR-3141,2,1,3,4,3,4,1,2,1,3,20,71.6,59.1,8.4,75.5,51.0,10.3,6.3,2.0,-0.04,6.1,1
USR-3142,3,3,3,1,2,3,2,2,3,3,27,81.3,40.6,6.3,74.3,21.0,11.9,8.2,4.0,-0.41,6.1,3
USR-3143,2,3,2,3,2,3,3,4,4,2,20,71.1,56.0,7.1,74.2,49.0,7.2,6.3,3.0,-0.05,5.9,1
USR-3144,2,2,4,0,2,4,3,4,2,3,24,76.7,44.5,5.9,76.9,28.0,9.6,4.8,3.0,0.11,5.2,2
USR-3145,3,4,0,3,3,3,3,3,0,4,18,71.3,53.3,6.7,83.4,40.0,8.5,5.9,4.0,0.28,5.3,1
USR-3146,2,3,2,2,3,3,4,1,1,1,18,66.2,67.5,8.1,81.8,48.0,10.6,3.7,3.0,0.24,4.4,0
USR-3147,2,4,4,2,2,1,1,2,1,4,25,89.4,39.5,6.4,73.8,60.0,7.1,6.1,2.0,0.01,7.0,3
USR-3148,2,3,2,4,1,2,2,4,2,2,18,76.8,63.6,6.9,79.0,50.0,7.4,4.7,4.0,0.1,2.9,0
USR-3149,3,1,1,4,1,1,4,3,2,3,15,69.7,61.2,7.2,77.7,54.0,10.0,4.9,3.0,0.03,3.6,0
USR-3150,2,2,2,0,3,2,0,3,4,4,26,83.9,42.9,8.3,72.2,24.0,9.3,4.7,3.0,-0.07,7.5,2
USR-3151,1,1,3,3,4,2,0,2,2,2,18,71.6,47.8,7.0,73.4,42.0,7.1,3.9,3.0,-0.27,4.7,1
USR-3152,3,4,1,2,2,4,1,2,1,2,24,67.6,40.8,5.7,70.1,32.0,11.4,5.6,4.0,-0.25,4.7,2
USR-3153,3,3,4,2,1,3,3,2,1,2,24,95.8,44.1,5.9,76.6,50.0,7.9,5.8,2.0,0.1,5.5,2
USR-3154,1,3,3,3,3,3,1,3,1,0,17,75.8,57.5,7.6,76.9,39.0,9.8,4.7,4.0,-0.01,4.9,1
USR-3155,1,2,1,2,3,2,1,4,1,2,15,70.2,66.1,6.0,77.1,59.0,6.4,6.3,4.0,0.28,3.5,0
USR-3156,1,1,3,4,4,3,2,2,3,2,17,65.2,56.3,7.4,81.5,25.0,6.8,5.5,3.0,0.02,5.5,1
USR-3157,2,3,2,1,3,3,3,2,0,4,21,70.9,51.9,6.1,78.1,53.0,9.4,6.0,4.0,0.08,6.3,2
USR-3158,2,2,2,3,4,3,1,2,4,0,19,84.9,55.6,5.4,76.7,28.0,7.8,5.0,4.0,-0.28,5.6,1
USR-3159,3,1,3,3,0,2,2,1,2,2,23,87.6,55.1,5.7,74.0,44.0,9.8,4.5,4.0,0.16,6.7,2
USR-3160,3,3,4,1,1,2,3,4,2,4,25,85.6,53.9,6.3,75.3,22.0,11.9,6.1,3.0,-0.37,5.9,2
USR-3161,3,0,1,2,0,3,4,2,2,4,21,72.8,42.7,7.8,81.1,44.0,9.0,7.4,3.0,-0.3,6.7,2
USR-3162,2,2,2,3,3,3,3,3,3,3,19,84.2,54.0,7.6,78.8,27.0,10.8,5.6,3.0,0.27,5.9,1
USR-3163,4,2,2,3,0,4,3,3,2,3,24,83.2,59.8,6.2,68.0,45.0,10.0,7.1,2.0,-0.12,6.0,2
USR-3164,2,1,2,2,2,4,2,3,2,2,20,80.8,44.5,7.5,75.9,48.0,10.1,6.7,3.0,-0.06,3.9,1
USR-3165,4,4,2,2,2,4,1,4,1,2,24,83.2,50.6,6.1,72.0,26.0,6.8,6.6,4.0,0.19,4.2,1
USR-3166,3,1,0,0,2,3,2,3,4,0,20,70.0,53.6,5.6,71.7,44.0,9.8,5.7,4.0,0.15,6.0,1
USR-3167,1,1,3,1,4,4,3,4,2,3,18,69.8,53.0,6.9,81.0,51.0,9.3,4.3,4.0,-0.03,3.5,1
USR-3168,3,1,2,2,1,3,2,1,2,2,23,77.6,64.0,5.3,77.6,23.0,9.0,5.7,4.0,-0.12,5.2,2
USR-3169,2,3,1,0,2,1,4,3,2,3,19,79.8,56.5,7.5,81.4,26.0,11.1,5.0,3.0,0.24,5.4,1
USR-3170,3,2,3,4,3,2,4,3,0,2,14,65.3,74.6,7.9,76.5,31.0,7.5,5.1,5.0,-0.01,2.9,0
USR-3171,0,3,3,3,0,1,0,1,1,2,22,78.4,52.5,5.9,76.3,21.0,7.4,4.3,3.0,0.23,7.6,3
USR-3172,1,0,2,4,3,0,0,3,1,2,12,69.6,68.7,7.6,83.0,34.0,8.7,4.0,4.0,0.15,3.7,0
USR-3173,4,0,2,3,3,1,1,3,3,3,19,80.6,51.6,6.9,79.3,50.0,7.1,5.8,4.0,-0.14,6.2,1
USR-3174,1,2,3,4,4,0,2,3,2,1,12,73.9,60.5,8.1,83.6,53.0,7.9,3.8,4.0,0.46,4.4,0
USR-3175,3,3,2,2,4,3,1,2,3,2,23,75.1,54.5,5.5,74.7,14.0,11.1,5.0,2.0,0.06,3.9,1
USR-3176,1,4,1,3,2,2,4,3,3,1,16,81.2,63.4,7.6,79.3,36.0,9.0,4.2,3.0,-0.24,5.0,0
USR-3177,3,0,3,4,3,2,0,2,1,0,16,68.2,64.8,6.0,85.5,28.0,8.1,4.7,3.0,0.1,4.4,1
USR-3178,3,2,0,3,0,3,2,3,3,3,22,84.7,55.5,7.2,71.2,46.0,8.9,3.4,3.0,-0.28,5.6,1
USR-3179,2,4,0,0,1,3,1,2,3,1,25,79.1,38.1,7.2,72.4,26.0,11.3,5.4,3.0,0.01,6.3,2
USR-3180,2,2,0,3,0,4,4,3,3,0,17,75.7,52.3,6.5,84.7,22.0,7.1,6.1,3.0,0.43,5.5,1
USR-3181,1,3,1,4,2,3,3,2,3,4,20,78.6,61.8,7.7,72.9,40.0,9.9,5.8,4.0,0.11,6.6,1
USR-3182,0,1,0,3,4,2,4,1,3,2,12,71.5,49.3,6.2,79.2,54.0,10.4,4.9,3.0,0.09,2.6,0
USR-3183,2,4,4,3,2,2,4,1,0,1,19,80.0,58.6,7.7,81.4,27.0,9.5,3.5,4.0,0.21,5.1,1
USR-3184,3,3,2,3,3,1,2,0,3,0,20,79.5,54.1,7.9,69.9,34.0,8.7,5.1,3.0,-0.01,6.4,1
USR-3185,4,4,1,4,2,1,1,3,1,1,18,79.7,64.3,7.2,81.8,29.0,8.5,5.1,3.0,0.05,4.7,1
USR-3186,4,3,1,0,2,2,1,4,3,2,24,83.3,53.3,6.2,71.6,48.0,9.0,6.5,3.0,-0.22,6.3,3
USR-3187,3,2,4,3,4,4,1,0,1,3,25,75.6,43.4,6.6,75.3,27.0,9.0,7.2,3.0,-0.13,6.5,2
USR-3188,3,4,2,2,2,0,3,0,3,3,24,82.3,44.3,5.9,67.9,24.0,9.7,7.0,3.0,-0.13,7.8,3
USR-3189,3,1,2,3,3,1,0,2,2,1,18,72.9,53.3,9.0,84.4,39.0,9.5,4.7,3.0,-0.42,5.4,1
USR-3190,1,2,4,3,2,1,0,3,3,3,22,73.7,57.1,6.1,69.4,33.0,11.2,5.2,3.0,-0.05,7.3,2
USR-3191,4,3,2,1,0,3,3,1,3,2,28,83.1,26.6,7.1,74.6,37.0,7.9,7.9,3.0,-0.27,8.3,3
USR-3192,3,3,2,1,2,2,3,1,4,2,25,82.8,50.0,5.7,67.4,46.0,6.8,5.8,3.0,-0.08,6.1,2
USR-3193,3,4,1,3,3,2,3,1,3,3,22,80.5,45.4,7.9,84.5,50.0,11.3,4.7,2.0,-0.46,5.9,1
USR-3194,1,1,2,1,0,1,2,2,1,2,19,81.9,57.8,8.4,77.4,34.0,8.9,5.2,3.0,0.13,6.7,1
USR-3195,2,3,2,1,0,2,3,1,4,1,25,88.4,51.5,6.6,83.0,36.0,9.9,7.5,3.0,-0.14,5.4,1
USR-3196,2,3,3,3,1,1,2,2,3,4,24,82.7,36.7,6.6,69.9,51.0,10.2,5.1,3.0,-0.02,6.7,2
USR-3197,4,0,2,2,3,2,1,3,3,1,19,79.2,54.4,6.1,75.5,57.0,8.6,4.9,3.0,-0.3,5.7,1
USR-3198,2,2,3,2,3,0,3,3,4,2,18,76.2,58.7,6.1,84.6,29.0,11.1,4.4,1.0,-0.19,4.6,1
USR-3199,2,2,0,4,3,3,4,0,1,3,16,77.8,60.7,7.3,72.9,49.0,9.0,6.0,3.0,-0.25,4.1,0
USR-3200,4,2,1,1,2,3,0,3,1,3,24,83.4,49.0,7.6,70.5,38.0,9.1,6.3,4.0,-0.09,5.9,1
USR-3201,1,4,2,2,4,3,2,2,2,3,21,78.1,44.0,6.2,78.7,47.0,8.7,6.6,3.0,-0.1,6.0,2
USR-3202,2,3,4,3,3,2,2,4,3,1,19,87.4,47.7,8.6,72.7,54.0,8.7,6.9,4.0,0.0,6.2,1
USR-3203,0,3,2,3,3,2,1,2,2,2,18,73.0,46.5,6.4,81.1,27.0,7.8,3.7,2.0,-0.22,5.4,1
USR-3204,3,4,3,4,3,0,4,3,3,1,16,81.3,64.4,7.3,80.9,34.0,10.4,4.2,2.0,-0.12,3.4,1
USR-3205,4,2,1,4,3,2,2,3,2,2,17,68.1,57.8,7.2,71.7,52.0,8.7,4.7,4.0,-0.41,5.8,1
USR-3206,2,3,1,3,2,2,3,1,3,2,20,81.6,54.6,6.7,81.8,39.0,7.6,5.6,3.0,-0.27,6.2,1
USR-3207,4,2,0,1,4,2,3,4,3,3,18,82.9,43.9,5.3,72.2,13.0,9.2,5.8,3.0,-0.07,4.6,1
USR-3208,2,4,2,0,4,3,3,2,1,0,19,67.1,56.0,6.3,81.6,19.0,10.6,4.9,4.0,-0.09,4.5,1
USR-3209,4,1,1,2,0,3,1,3,3,0,22,79.9,57.6,6.7,76.1,43.0,10.6,5.1,3.0,-0.07,4.9,1
USR-3210,3,4,1,1,0,3,1,1,3,2,29,89.0,29.0,5.9,68.0,37.0,9.4,7.6,2.0,-0.12,8.0,3
USR-3211,3,1,3,3,4,1,0,1,2,4,22,80.5,48.2,7.1,70.0,19.0,8.0,6.3,2.0,-0.2,4.2,1
USR-3212,0,2,0,3,1,3,1,3,2,4,19,78.5,43.7,7.4,79.4,52.0,10.6,5.7,3.0,0.13,5.9,1
USR-3213,4,3,2,0,4,0,2,2,0,4,21,79.1,50.4,6.5,71.9,34.0,7.2,3.5,4.0,0.13,5.1,1
USR-3214,3,2,2,3,2,3,3,2,3,2,21,72.9,46.5,5.9,82.3,24.0,9.6,6.8,3.0,0.2,5.7,2
USR-3215,2,3,2,1,1,2,2,2,2,0,21,90.2,56.8,7.9,82.5,30.0,8.5,5.8,4.0,0.07,2.7,0
USR-3216,3,2,3,2,0,1,3,3,2,2,21,75.9,55.1,5.6,84.5,22.0,10.7,5.5,1.0,-0.02,4.0,1
USR-3217,2,3,2,3,1,4,2,2,2,3,24,83.2,60.3,5.9,75.4,26.0,8.3,5.2,4.0,-0.34,5.6,2
USR-3218,4,1,2,2,1,3,3,0,2,1,23,76.9,50.8,5.8,72.7,12.0,8.5,5.2,3.0,-0.04,5.2,2
USR-3219,1,0,3,2,2,2,4,3,3,2,16,62.6,62.7,7.7,78.5,41.0,9.1,4.1,4.0,0.04,5.0,1
USR-3220,3,2,4,0,3,0,1,2,3,0,22,74.6,48.0,7.6,73.6,42.0,10.3,3.8,2.0,0.22,5.9,1
USR-3221,2,2,1,2,4,2,4,2,2,2,15,65.9,52.4,7.0,82.0,27.0,9.9,4.1,2.0,0.17,5.7,1
USR-3222,0,1,0,3,2,4,3,0,3,1,17,80.3,65.4,7.2,81.4,41.0,9.1,3.5,4.0,0.06,5.0,1
USR-3223,1,2,4,4,2,3,3,1,3,0,19,73.6,66.2,7.2,83.9,29.0,9.3,5.3,4.0,0.31,4.5,1
USR-3224,0,2,2,2,2,4,3,1,2,2,20,74.9,60.6,8.2,77.1,46.0,10.3,4.3,3.0,-0.1,6.2,1
USR-3225,2,0,2,2,2,1,2,4,0,2,13,66.1,64.8,5.9,75.2,18.0,6.3,5.4,4.0,0.21,3.4,0
USR-3226,2,3,2,3,2,3,1,2,4,2,24,81.5,42.2,7.0,72.0,42.0,8.5,4.3,4.0,0.28,5.7,2
USR-3227,3,4,1,4,0,3,0,0,3,3,29,81.8,52.9,6.3,78.0,6.0,8.8,7.8,2.0,-0.22,7.2,3
USR-3228,2,1,3,1,0,2,2,1,3,1,24,86.0,54.6,6.1,66.2,30.0,6.4,6.8,3.0,0.11,7.4,2
USR-3229,2,3,2,2,0,0,4,0,0,3,20,79.0,71.2,7.0,80.7,29.0,10.0,4.4,3.0,0.3,6.1,1
USR-3230,3,3,1,3,1,3,3,3,3,0,19,73.8,47.0,7.4,75.8,34.0,10.6,5.3,3.0,-0.08,5.9,1
USR-3231,0,2,2,3,3,3,2,1,3,2,19,80.9,63.2,7.3,73.3,20.0,9.5,4.5,4.0,0.21,6.6,1
USR-3232,4,3,3,1,1,3,3,2,4,3,29,85.4,48.1,7.7,72.2,47.0,10.8,7.2,1.0,-0.34,8.0,3
USR-3233,4,2,3,3,4,3,3,2,4,4,24,81.1,47.3,6.5,81.8,18.0,9.7,7.8,1.0,0.29,5.1,2
USR-3234,3,2,0,1,4,3,2,3,4,3,21,71.1,64.7,6.7,78.0,22.0,9.2,6.8,2.0,0.26,5.9,1
USR-3235,3,0,2,2,4,3,0,2,4,1,21,78.0,57.0,6.5,74.9,58.0,11.2,4.9,4.0,0.12,6.8,2
USR-3236,4,3,3,2,4,1,1,2,0,2,20,79.1,47.5,7.2,70.5,41.0,10.9,5.6,3.0,0.21,4.0,1
USR-3237,1,3,3,4,1,2,4,3,4,2,19,83.3,55.3,6.8,77.3,24.0,8.1,6.9,2.0,-0.11,5.0,1
USR-3238,0,0,3,2,2,3,3,2,0,2,15,69.4,53.7,7.2,74.1,42.0,9.6,5.4,4.0,0.49,3.3,1
USR-3239,1,2,1,1,1,4,2,3,4,1,22,90.6,48.8,6.6,74.0,32.0,10.8,6.8,3.0,-0.24,5.8,2
USR-3240,3,4,3,1,3,0,2,3,2,2,21,81.2,59.4,6.6,75.9,16.0,9.9,6.3,4.0,0.05,6.4,1
USR-3241,0,2,3,4,4,2,3,2,3,1,14,64.7,70.4,6.8,69.7,35.0,8.6,4.8,4.0,0.04,5.0,0
USR-3242,3,2,0,1,4,2,4,2,0,3,15,68.9,63.0,7.5,87.7,43.0,8.7,4.8,6.0,0.32,4.0,0
USR-3243,4,4,2,2,2,1,3,4,3,3,22,86.4,46.5,6.3,69.3,50.0,7.5,4.5,2.0,0.29,6.2,2
USR-3244,4,3,2,1,3,2,3,3,1,0,18,82.0,60.6,7.4,77.6,37.0,6.8,4.5,2.0,0.15,3.6,0
USR-3245,2,3,3,3,0,3,1,4,2,4,25,82.0,54.5,6.4,75.9,31.0,10.7,5.2,3.0,-0.09,4.9,2
USR-3246,0,3,1,2,0,0,2,1,3,3,21,79.1,38.0,6.4,82.8,27.0,7.8,5.3,4.0,-0.05,6.4,2
USR-3247,3,4,3,2,3,3,1,2,3,2,26,76.9,48.4,7.5,68.5,44.0,8.2,6.3,2.0,-0.16,4.1,2
USR-3248,3,2,4,2,2,3,3,4,0,0,17,81.5,57.2,6.9,66.7,52.0,6.1,5.0,2.0,0.02,4.1,1
USR-3249,1,2,3,4,4,4,2,2,2,3,19,71.7,63.9,7.3,83.1,48.0,8.3,5.6,4.0,0.36,5.6,1
USR-3250,0,2,4,2,0,1,3,4,0,2,16,78.2,63.1,6.5,73.8,43.0,8.8,5.7,5.0,0.28,4.6,1
USR-3251,4,4,4,3,4,3,2,0,3,4,29,92.1,47.6,4.3,72.0,8.0,10.9,6.2,2.0,-0.34,4.9,3
USR-3252,3,3,0,4,2,2,3,4,4,0,15,73.4,57.4,6.7,82.9,56.0,9.3,5.6,4.0,0.16,4.6,1
USR-3253,3,0,3,4,3,2,2,2,3,0,16,78.8,60.0,5.4,63.7,43.0,7.9,6.1,2.0,0.7,3.7,1
USR-3254,4,4,2,2,3,3,2,0,1,4,27,92.9,53.8,5.9,63.7,26.0,10.2,6.8,2.0,-0.16,6.8,2
USR-3255,3,2,4,4,4,3,3,4,2,4,19,78.0,55.7,8.0,75.4,44.0,9.9,4.8,3.0,0.32,4.5,1
USR-3256,2,0,1,0,2,0,0,1,4,0,20,76.6,56.4,6.0,64.1,40.0,9.6,6.4,4.0,-0.12,4.7,1
USR-3257,2,2,4,2,4,4,4,0,1,3,22,78.9,40.2,4.9,68.8,22.0,8.6,6.2,3.0,0.03,4.2,2
USR-3258,2,2,3,4,1,3,3,1,3,1,21,74.7,53.2,7.9,76.9,33.0,9.5,6.2,4.0,-0.15,5.2,1
USR-3259,2,4,3,1,0,3,2,3,2,3,27,79.8,30.2,5.8,71.3,7.0,7.7,7.9,2.0,-0.32,7.7,3
USR-3260,3,1,0,1,2,3,3,4,3,4,20,79.7,50.9,6.7,78.5,39.0,9.0,6.2,3.0,0.16,4.9,1
USR-3261,3,3,1,2,3,2,4,1,4,1,20,76.7,55.5,7.4,79.2,53.0,8.3,7.1,5.0,-0.18,4.9,1
USR-3262,4,2,3,3,2,3,2,2,2,1,22,80.9,58.6,7.0,67.1,14.0,11.1,5.6,5.0,-0.3,5.1,2
USR-3263,2,0,0,2,3,2,4,1,3,0,13,63.9,55.8,8.0,75.8,47.0,6.8,4.2,5.0,0.35,2.7,0
USR-3264,3,4,3,3,3,4,0,3,2,0,23,79.7,54.2,7.2,78.6,42.0,9.6,7.0,3.0,-0.19,5.1,1
USR-3265,3,2,0,4,1,1,1,1,1,0,16,79.2,71.7,5.7,87.6,52.0,7.9,4.0,3.0,0.06,4.6,0
USR-3266,3,2,3,3,4,2,3,1,1,3,19,71.0,51.1,5.7,72.9,30.0,8.2,7.3,4.0,-0.33,7.0,2
USR-3267,3,2,2,1,0,2,2,1,2,2,25,82.0,36.4,7.2,74.5,19.0,10.2,7.4,3.0,-0.4,7.1,3
USR-3268,1,4,3,4,4,2,2,2,1,2,17,65.6,61.1,6.4,83.3,34.0,8.0,5.2,4.0,0.13,5.1,1
USR-3269,2,2,3,1,2,2,2,4,3,3,22,72.7,43.0,6.0,76.7,50.0,11.5,7.0,3.0,-0.11,7.3,3
USR-3270,1,1,2,1,2,2,2,2,0,2,17,78.9,52.2,6.0,78.0,20.0,6.2,5.8,3.0,0.27,5.0,1
USR-3271,2,1,1,0,2,4,3,0,0,2,21,76.8,61.1,6.3,73.0,22.0,9.9,4.3,3.0,-0.21,6.3,2
USR-3272,2,2,0,3,1,2,3,3,2,0,14,81.4,77.5,7.0,91.4,39.0,8.0,3.9,5.0,0.15,4.1,0
USR-3273,3,3,3,1,2,2,4,3,1,3,21,80.5,45.7,5.9,76.7,25.0,9.1,5.9,4.0,-0.02,5.8,2
USR-3274,4,2,2,1,1,1,3,1,2,1,22,81.9,46.6,5.7,77.4,35.0,9.7,5.9,6.0,-0.1,4.5,2
USR-3275,3,1,3,2,1,2,1,0,2,3,26,77.4,44.0,6.5,74.1,48.0,11.1,7.6,3.0,-0.06,6.3,3
USR-3276,3,1,2,2,1,2,1,1,3,1,23,78.2,46.9,5.8,70.7,20.0,9.8,6.2,2.0,-0.31,5.4,2
USR-3277,2,2,2,3,2,3,2,3,4,3,22,75.6,68.0,6.1,75.8,33.0,10.5,4.5,3.0,0.04,5.2,1
USR-3278,3,4,2,3,3,1,4,3,3,3,19,71.3,52.0,5.1,76.1,39.0,8.9,4.8,3.0,0.26,4.5,1
USR-3279,0,2,0,3,3,1,0,2,1,3,15,76.4,58.1,8.7,79.0,39.0,7.0,5.6,5.0,-0.01,5.3,0
USR-3280,1,4,2,1,4,2,1,1,4,1,23,84.4,64.2,7.2,76.3,15.0,9.3,4.1,4.0,-0.01,5.6,1
USR-3281,2,2,4,1,3,2,4,2,2,1,19,78.6,60.9,6.4,73.2,31.0,10.2,4.0,2.0,0.1,4.9,1
USR-3282,2,1,4,4,3,2,3,4,2,4,17,70.7,66.6,6.3,73.2,33.0,8.1,4.8,3.0,0.21,6.4,1
USR-3283,0,4,2,0,3,3,1,1,2,0,22,80.9,45.3,6.6,78.0,43.0,8.0,6.7,2.0,-0.06,6.3,2
USR-3284,1,2,3,4,2,2,1,4,2,1,16,64.4,55.8,7.1,77.3,47.0,9.1,4.8,4.0,0.4,4.4,1
USR-3285,1,3,4,1,3,2,4,3,4,3,22,85.9,44.2,5.6,73.8,17.0,9.7,6.2,3.0,0.36,6.5,2
USR-3286,4,4,2,4,0,3,4,1,2,3,25,75.4,55.2,4.3,63.6,27.0,8.8,6.1,2.0,-0.02,5.8,3
USR-3287,2,0,0,2,4,1,1,2,3,2,15,67.5,71.1,6.8,85.6,37.0,8.0,4.7,2.0,0.21,3.8,0
USR-3288,2,0,0,2,3,3,2,4,1,3,14,72.8,57.7,6.0,84.1,68.0,7.9,4.1,4.0,0.18,3.7,0
USR-3289,1,3,2,3,1,2,3,2,3,2,20,78.5,52.1,6.9,80.5,41.0,9.0,6.3,4.0,-0.26,5.4,1
USR-3290,3,2,4,3,3,2,3,4,3,0,17,74.5,56.2,7.2,81.2,28.0,9.3,3.9,3.0,-0.2,5.0,1
USR-3291,2,1,3,2,0,3,3,1,2,3,24,75.4,37.6,5.6,66.4,24.0,9.1,5.8,3.0,-0.35,5.3,2
USR-3292,1,0,0,2,1,1,2,3,3,3,16,79.7,54.6,6.7,81.1,37.0,9.2,6.1,3.0,0.17,4.7,1
USR-3293,2,0,1,3,0,4,4,4,3,4,19,68.2,62.4,8.2,74.7,43.0,8.2,4.6,3.0,-0.01,5.5,1
USR-3294,0,3,3,0,3,3,2,4,3,0,19,69.2,49.2,7.5,72.9,44.0,10.8,3.8,3.0,0.34,4.7,1
USR-3295,0,1,4,0,3,3,1,2,3,3,24,80.5,50.7,6.0,76.5,35.0,11.6,3.9,2.0,-0.62,6.0,2
USR-3296,1,2,3,2,3,4,3,3,3,2,20,71.2,44.5,8.6,85.3,35.0,8.0,6.2,4.0,0.01,4.3,1
USR-3297,0,3,3,1,0,3,2,0,0,0,22,85.4,51.3,5.6,83.0,34.0,7.8,6.5,1.0,0.03,4.5,1
USR-3298,1,2,0,3,2,3,4,1,3,3,18,69.9,53.0,6.3,81.6,38.0,9.9,4.9,4.0,0.24,3.9,1
USR-3299,2,0,3,1,3,3,0,1,2,1,22,87.0,42.7,6.5,75.3,14.0,9.6,4.5,3.0,-0.03,6.3,2
USR-3300,3,3,3,2,1,2,4,0,2,2,24,86.2,56.3,5.2,72.9,32.0,10.3,5.9,4.0,-0.05,6.5,2
USR-3301,3,0,1,1,3,2,2,1,4,1,20,83.7,61.8,8.2,72.5,31.0,8.2,6.7,3.0,0.04,6.8,1
USR-3302,2,3,3,2,0,0,3,2,0,2,19,86.1,48.5,7.0,76.4,19.0,8.7,4.1,3.0,0.12,5.1,1
USR-3303,2,4,1,1,1,0,0,4,1,2,20,77.9,53.3,6.1,81.5,67.0,8.6,6.6,3.0,-0.0,5.3,1
USR-3304,4,2,0,0,2,3,3,3,1,2,20,72.4,55.4,7.1,86.1,41.0,9.4,3.8,4.0,0.42,5.5,1
USR-3305,2,2,1,0,3,0,3,2,0,2,15,72.6,46.7,7.3,76.7,43.0,6.8,3.7,3.0,0.27,3.3,1
USR-3306,0,2,1,4,1,1,2,4,1,1,11,66.8,55.1,7.3,73.8,43.0,7.5,4.5,3.0,0.31,4.1,0
USR-3307,3,2,2,1,1,3,1,1,4,3,29,81.8,54.0,5.0,67.6,36.0,8.8,7.6,2.0,-0.42,7.5,3
USR-3308,1,4,2,3,1,0,2,2,1,4,20,78.3,46.5,5.6,81.5,24.0,8.4,7.0,2.0,-0.07,4.5,2
USR-3309,2,4,2,0,1,2,3,3,3,1,23,78.6,61.3,8.2,85.1,30.0,9.3,6.9,2.0,0.21,6.2,1
USR-3310,2,2,2,1,1,3,2,0,1,2,24,77.2,39.2,5.3,80.6,22.0,10.2,7.6,3.0,-0.62,6.7,3
USR-3311,4,3,1,2,2,3,1,3,3,3,25,80.6,54.0,7.7,79.7,41.0,10.5,6.3,3.0,-0.14,5.2,2
USR-3312,2,4,0,2,3,3,1,0,4,3,26,85.5,45.0,5.5,68.3,21.0,10.8,5.6,3.0,-0.18,7.4,3
USR-3313,3,4,3,4,2,2,4,1,2,2,21,83.2,52.4,7.3,72.1,50.0,7.4,6.8,3.0,0.07,5.1,1
USR-3314,4,2,2,4,3,2,2,1,4,3,23,72.1,66.1,6.9,68.1,33.0,11.0,7.2,2.0,-0.04,3.4,1
USR-3315,1,2,2,3,3,3,0,4,4,0,18,74.2,47.5,7.5,75.2,49.0,7.9,6.2,2.0,0.36,5.6,1
USR-3316,1,1,4,3,1,2,3,3,3,2,19,75.9,61.0,7.4,82.3,43.0,8.2,6.0,2.0,0.05,6.1,1
USR-3317,2,4,3,2,0,3,3,3,2,2,24,75.1,54.4,5.1,82.1,46.0,9.9,7.4,4.0,-0.13,5.2,2
USR-3318,2,1,4,2,4,4,1,2,3,0,21,77.8,80.6,6.1,78.0,25.0,8.7,6.0,4.0,0.16,4.1,1
USR-3319,2,3,2,4,0,2,4,2,4,2,21,79.1,45.1,5.6,75.0,47.0,9.6,5.6,4.0,0.28,6.5,2
USR-3320,4,2,1,3,1,2,3,3,1,3,19,79.2,51.2,7.0,72.4,16.0,9.5,6.1,4.0,0.17,4.5,1
USR-3321,3,1,3,3,0,0,2,2,2,3,21,78.8,60.3,5.6,75.7,37.0,8.2,6.1,4.0,0.17,6.5,2
USR-3322,3,2,1,1,3,3,2,1,2,1,21,74.0,52.1,5.1,77.3,30.0,8.9,6.5,3.0,-0.07,4.0,1
USR-3323,2,4,2,0,3,0,4,3,2,4,20,87.6,51.3,6.6,69.7,21.0,8.8,5.4,5.0,0.03,6.4,2
USR-3324,3,0,0,4,4,2,1,1,4,3,18,79.9,65.2,5.2,83.1,29.0,9.8,6.2,4.0,0.36,5.7,1
USR-3325,4,3,3,2,4,3,2,1,2,2,24,83.8,47.9,6.6,71.9,25.0,9.0,6.9,4.0,-0.01,6.5,2
USR-3326,3,0,1,2,2,2,1,3,2,1,17,79.9,51.6,6.0,83.6,39.0,7.9,5.3,3.0,0.04,3.0,1
USR-3327,0,1,4,1,2,1,3,3,3,3,19,77.8,62.1,6.2,77.7,32.0,7.6,4.6,3.0,0.04,4.7,1
USR-3328,3,2,4,3,2,3,3,3,1,4,22,85.7,55.5,4.8,77.0,36.0,8.2,7.0,3.0,0.15,6.5,2
USR-3329,0,2,2,0,1,1,3,2,1,2,18,76.0,55.0,8.2,75.0,30.0,7.1,4.0,3.0,0.29,3.5,0
USR-3330,1,1,3,3,1,3,1,2,2,3,22,79.3,49.6,5.4,73.8,30.0,8.5,4.8,3.0,-0.23,5.3,2
USR-3331,0,2,3,1,1,3,3,3,2,2,20,80.7,47.7,6.5,80.2,34.0,10.9,5.7,4.0,0.07,5.6,2
USR-3332,3,0,3,4,1,1,3,3,2,2,16,81.9,65.8,5.7,79.3,44.0,9.2,2.5,4.0,0.12,3.5,0
USR-3333,3,2,2,3,1,4,2,2,0,2,21,85.9,50.9,6.0,70.7,47.0,10.7,7.2,3.0,-0.04,6.5,2
USR-3334,1,4,3,1,2,1,3,4,2,3,20,80.5,48.8,8.2,77.6,48.0,7.9,5.5,3.0,0.27,6.1,1
USR-3335,2,4,2,3,4,4,2,4,3,2,20,80.1,44.7,7.0,78.9,40.0,6.7,7.0,4.0,-0.05,5.4,2
USR-3336,2,2,4,2,3,0,3,2,4,1,19,80.1,59.4,6.3,84.6,44.0,9.2,7.2,4.0,-0.09,5.4,1
USR-3337,2,3,2,1,4,1,0,3,1,2,19,81.6,52.2,6.8,83.5,42.0,11.1,5.2,2.0,-0.13,4.6,1
USR-3338,1,4,2,4,2,1,2,2,3,4,21,84.9,37.6,6.2,75.9,33.0,8.6,7.0,4.0,-0.06,5.9,2
USR-3339,2,0,3,2,2,0,4,2,4,3,18,74.6,47.9,6.9,75.8,51.0,8.8,4.2,4.0,-0.09,4.3,1
USR-3340,3,3,3,2,2,3,4,0,2,2,24,87.6,48.1,7.0,72.9,22.0,7.7,6.4,3.0,-0.29,5.9,2
USR-3341,0,4,2,1,1,3,2,3,4,4,26,84.5,45.9,6.0,69.9,6.0,9.9,5.8,3.0,-0.36,6.1,2
USR-3342,0,0,1,2,1,3,2,4,4,0,15,76.4,59.3,7.4,83.3,31.0,8.1,5.6,4.0,-0.02,5.3,0
USR-3343,2,1,2,4,4,1,0,3,1,0,12,77.4,61.9,7.6,88.2,63.0,5.3,5.4,3.0,0.09,4.5,0
USR-3344,4,4,4,2,4,2,4,3,1,1,19,80.4,44.4,6.6,83.9,35.0,7.6,5.2,2.0,0.11,4.2,1
USR-3345,3,2,3,4,0,3,3,1,1,1,21,83.0,46.8,6.1,74.2,40.0,7.8,6.2,5.0,-0.42,6.5,2
USR-3346,3,0,3,4,1,2,2,2,1,0,16,72.1,69.5,6.7,77.4,39.0,6.5,5.9,3.0,-0.02,3.8,1
USR-3347,2,1,0,1,2,3,1,1,4,3,24,88.5,58.3,7.0,71.9,40.0,8.7,6.2,3.0,-0.14,7.6,2
USR-3348,3,2,2,1,1,3,4,2,4,3,25,85.4,53.4,6.9,63.6,33.0,10.4,8.7,4.0,0.08,7.6,2
USR-3349,0,3,3,4,2,1,2,3,0,3,15,73.8,65.2,6.3,74.7,42.0,7.5,4.7,3.0,0.1,5.9,1
USR-3350,3,3,3,2,1,3,2,2,3,3,27,89.1,53.5,5.9,71.6,37.0,11.4,8.0,2.0,-0.24,7.0,3
USR-3351,4,4,0,0,2,3,2,3,3,3,26,95.7,38.5,5.6,74.4,25.0,9.5,7.4,3.0,-0.2,6.3,3
USR-3352,3,2,4,1,1,3,1,2,2,1,26,76.9,47.8,6.9,75.0,35.0,10.3,4.4,3.0,-0.54,6.3,2
USR-3353,4,2,2,3,2,1,3,2,3,3,21,74.4,44.8,6.3,72.3,34.0,9.7,7.1,4.0,0.1,5.8,2
USR-3354,3,2,1,3,0,1,4,0,4,3,23,93.6,42.4,8.2,72.3,33.0,11.3,6.9,3.0,0.03,5.1,1
USR-3355,1,2,2,1,2,2,4,4,1,4,17,77.0,61.7,7.2,77.9,31.0,7.7,5.2,3.0,0.25,2.7,0
USR-3356,4,1,2,1,4,1,2,0,1,1,19,77.6,63.8,7.8,75.8,36.0,9.4,5.7,3.0,0.53,4.7,1
USR-3357,0,4,2,4,2,1,3,0,0,0,14,71.7,60.9,6.5,84.9,38.0,7.0,5.2,5.0,-0.08,4.0,0
USR-3358,2,4,0,3,4,3,2,3,2,3,18,81.8,70.7,6.9,72.0,53.0,10.8,6.6,3.0,-0.24,5.3,1
USR-3359,1,2,1,3,4,3,1,4,2,3,16,87.1,61.7,7.6,74.3,22.0,7.2,4.6,4.0,0.26,4.7,0
USR-3360,0,3,3,3,4,3,4,3,2,2,15,69.8,55.0,6.4,79.3,54.0,8.7,6.5,3.0,0.08,4.3,1
USR-3361,2,1,1,2,3,1,2,0,2,3,19,76.1,47.6,6.9,70.9,18.0,10.7,4.3,5.0,-0.17,6.0,1
USR-3362,2,2,1,3,3,4,2,1,3,0,19,74.9,64.4,7.7,68.2,45.0,7.4,3.6,4.0,-0.03,4.3,0
USR-3363,2,3,2,2,4,1,4,4,2,4,16,77.7,61.0,6.8,72.5,32.0,9.1,5.6,4.0,-0.0,3.9,0
USR-3364,3,2,2,1,0,3,1,3,2,1,24,87.1,55.4,5.7,72.8,40.0,8.4,7.3,4.0,0.22,7.8,3
USR-3365,0,4,3,3,2,4,3,3,3,0,19,84.7,35.0,8.3,80.9,37.0,11.6,5.2,3.0,0.48,2.5,1
USR-3366,1,3,2,2,4,3,4,1,4,0,18,79.6,59.5,6.0,81.8,23.0,6.4,3.0,4.0,-0.27,5.7,1
USR-3367,2,2,3,4,3,4,2,0,1,2,21,91.0,49.7,6.8,84.2,53.0,7.3,4.1,2.0,-0.33,5.9,2
USR-3368,2,3,3,2,4,3,0,0,2,0,23,77.3,40.1,5.9,75.3,43.0,8.1,6.3,2.0,-0.24,5.9,2
USR-3369,3,1,1,4,3,1,2,3,3,3,16,69.8,59.5,6.4,81.2,48.0,7.1,5.0,3.0,-0.02,5.1,1
USR-3370,3,2,1,4,4,1,1,0,0,4,18,83.1,66.2,7.5,77.2,32.0,9.3,6.5,2.0,-0.1,5.4,1
USR-3371,4,2,2,1,3,2,2,4,2,1,19,77.2,74.4,6.7,76.7,48.0,11.0,5.4,3.0,-0.01,3.9,1
USR-3372,3,2,2,3,3,0,3,1,2,3,18,68.9,59.4,7.2,88.9,24.0,10.1,4.5,3.0,-0.03,4.0,0
USR-3373,2,3,3,2,2,3,2,3,1,0,19,75.0,50.6,5.0,79.1,12.0,9.1,5.7,2.0,-0.24,4.7,1
USR-3374,3,2,3,4,4,1,2,1,1,2,17,76.2,52.6,7.4,81.0,22.0,8.6,6.1,3.0,-0.12,2.9,1
USR-3375,1,3,2,2,3,3,2,2,2,2,20,74.3,62.7,6.2,71.3,26.0,8.3,6.9,3.0,0.31,5.2,1
USR-3376,2,3,1,3,4,2,3,0,3,1,18,70.7,49.5,5.4,80.6,31.0,9.2,5.1,3.0,-0.01,5.3,1
USR-3377,3,2,1,2,3,2,4,3,4,3,19,75.6,61.2,8.3,81.0,33.0,8.6,5.4,3.0,-0.05,6.0,1
USR-3378,2,3,3,1,2,4,2,3,4,1,25,76.6,51.1,6.8,78.8,27.0,10.0,6.9,2.0,-0.45,6.4,2
USR-3379,3,1,2,1,0,1,3,0,0,4,23,83.3,52.7,6.7,77.9,26.0,8.6,5.1,3.0,-0.18,5.3,1
USR-3380,3,1,2,2,4,3,3,4,1,3,16,64.3,47.5,8.1,79.4,17.0,7.0,5.7,3.0,0.31,4.6,1
USR-3381,4,2,1,3,3,3,2,2,3,3,22,79.7,49.6,6.8,74.7,38.0,9.3,5.5,3.0,0.06,5.6,2
USR-3382,4,1,3,3,2,1,2,4,2,4,20,80.1,43.3,6.1,76.6,34.0,9.0,5.4,3.0,0.16,5.9,2
USR-3383,2,0,4,3,1,2,2,4,2,4,20,77.0,50.3,6.6,77.5,29.0,8.3,5.5,3.0,-0.24,5.2,1
USR-3384,2,3,1,2,3,2,3,4,1,2,15,78.6,68.6,6.6,87.1,60.0,7.3,5.0,3.0,-0.09,4.9,0
USR-3385,3,2,2,2,3,3,1,0,2,2,24,74.1,59.8,6.0,79.4,30.0,10.3,7.9,2.0,0.11,5.9,1
USR-3386,2,2,4,0,3,3,4,1,2,2,23,76.6,53.0,5.5,78.5,35.0,10.0,5.4,3.0,0.08,6.9,2
USR-3387,3,4,2,3,3,2,3,4,1,3,18,74.1,52.9,6.1,88.6,49.0,11.0,4.8,4.0,0.01,5.0,1
USR-3388,3,3,3,4,2,3,4,2,4,2,22,82.8,65.2,7.3,62.2,17.0,11.0,7.2,3.0,0.11,5.2,2
USR-3389,3,4,0,2,2,1,0,1,1,4,24,82.1,45.3,6.7,71.7,33.0,8.2,6.4,3.0,-0.36,5.8,2
USR-3390,2,1,3,0,0,3,2,3,4,1,25,92.6,39.7,5.9,73.2,41.0,9.5,6.9,2.0,-0.4,6.9,3
USR-3391,1,3,0,1,3,4,0,1,4,2,25,77.8,54.3,5.5,69.9,31.0,8.1,5.1,4.0,-0.47,5.3,2
USR-3392,2,4,4,3,0,4,1,3,2,2,27,76.7,49.9,5.8,67.1,14.0,7.8,6.6,2.0,-0.14,6.6,3
USR-3393,1,3,3,3,3,3,4,3,3,3,19,85.6,51.9,5.5,69.2,33.0,11.5,6.2,3.0,0.07,5.9,2
USR-3394,4,3,3,3,2,2,0,3,3,0,23,73.0,52.1,6.6,73.2,36.0,11.2,5.2,4.0,-0.19,6.3,2
USR-3395,2,2,3,1,2,4,2,1,1,2,24,84.4,53.5,7.2,78.5,8.0,8.8,6.6,2.0,-0.28,5.2,1
USR-3396,1,0,3,3,4,2,1,2,2,2,16,69.1,61.6,9.0,83.9,26.0,9.9,4.8,4.0,0.6,4.6,0
USR-3397,0,2,2,3,0,3,2,2,2,0,18,65.4,61.2,6.0,74.7,63.0,10.4,4.6,3.0,0.01,3.8,1
USR-3398,3,2,4,2,3,1,3,2,3,2,21,76.5,49.7,7.4,77.4,42.0,6.8,6.6,4.0,0.25,5.6,1
USR-3399,3,4,4,2,0,4,3,1,2,2,29,89.9,48.0,5.4,77.0,45.0,11.4,7.8,3.0,-0.3,8.3,3
USR-3400,2,1,2,1,0,3,3,2,2,0,20,71.4,55.1,5.8,69.4,48.0,8.4,5.6,2.0,-0.1,5.3,2
USR-3401,0,4,4,2,2,3,2,2,2,2,23,83.0,47.5,5.6,74.0,39.0,9.9,6.3,2.0,0.19,5.0,2
USR-3402,2,4,3,4,0,0,4,2,2,4,21,82.2,51.8,6.8,77.7,33.0,12.8,6.9,3.0,0.13,5.3,1
USR-3403,2,1,2,2,3,3,3,3,2,4,19,70.3,55.5,6.1,77.8,43.0,10.8,5.0,5.0,0.03,5.2,1
USR-3404,3,2,2,3,2,3,2,2,2,2,21,77.2,42.2,6.2,80.5,54.0,9.0,6.0,4.0,0.2,6.3,2
USR-3405,3,4,1,3,0,3,2,1,4,2,27,91.5,41.2,5.8,64.3,40.0,11.8,6.0,2.0,0.29,7.6,3
USR-3406,2,4,0,1,0,2,4,3,3,2,21,81.6,54.3,6.1,71.2,38.0,6.8,4.6,2.0,-0.18,4.6,1
USR-3407,1,2,1,3,3,2,3,3,3,4,17,73.6,47.9,6.4,82.7,39.0,9.2,4.7,3.0,0.18,4.4,1
USR-3408,4,2,2,2,3,1,3,2,3,1,19,78.7,51.3,4.9,69.2,45.0,9.5,4.3,4.0,-0.05,5.4,1
USR-3409,2,2,2,2,2,2,2,3,3,2,20,74.1,74.1,6.8,81.1,31.0,9.8,5.9,4.0,-0.19,4.8,1
USR-3410,3,3,2,1,2,1,1,1,3,0,23,85.7,42.2,6.5,77.0,40.0,8.8,5.1,2.0,-0.28,6.3,2
USR-3411,1,1,4,2,3,2,3,2,0,2,16,79.6,56.9,6.5,83.7,34.0,8.9,3.6,3.0,0.44,3.3,1
USR-3412,2,3,2,0,3,1,3,4,4,0,18,76.4,50.8,7.2,76.2,36.0,9.7,6.0,3.0,-0.3,5.0,1
USR-3413,0,0,2,0,1,1,2,4,0,3,15,74.3,60.3,8.3,83.3,31.0,5.5,5.6,5.0,0.25,5.0,0
USR-3414,2,0,1,2,3,0,3,3,2,3,13,66.4,57.2,7.4,76.4,40.0,7.6,4.3,4.0,0.04,3.8,0
USR-3415,4,2,0,2,3,4,1,3,1,3,21,71.6,51.8,7.7,74.2,28.0,8.1,6.3,2.0,0.32,5.6,1
USR-3416,2,2,3,4,3,2,3,4,0,2,13,69.5,58.0,9.2,82.4,66.0,8.7,3.8,3.0,0.16,4.4,0
USR-3417,0,2,3,2,3,2,4,4,3,3,16,73.6,68.4,9.1,75.5,31.0,10.1,4.6,3.0,0.05,4.0,0
USR-3418,0,2,3,3,4,2,4,2,2,0,12,75.8,65.7,6.5,84.1,51.0,7.1,4.9,5.0,0.55,4.0,0
USR-3419,2,2,1,2,1,3,2,3,3,2,21,83.0,45.7,5.7,70.5,25.0,7.8,6.7,4.0,0.15,5.4,2
USR-3420,1,1,3,3,4,4,2,2,1,3,18,76.7,64.2,6.6,79.8,40.0,8.8,4.9,3.0,0.17,4.1,1
USR-3421,0,2,1,1,2,1,3,0,1,4,19,82.6,48.6,6.9,86.5,42.0,7.5,4.8,1.0,0.19,5.8,1
USR-3422,3,4,1,4,3,2,3,2,1,1,16,69.3,47.5,8.4,73.7,20.0,8.1,6.0,3.0,-0.1,5.5,1
USR-3423,2,2,0,2,0,4,2,3,3,2,22,84.6,52.5,7.1,75.4,18.0,8.9,6.4,3.0,0.09,6.6,1
USR-3424,2,2,1,3,2,2,4,3,3,2,16,70.0,75.3,6.1,71.9,31.0,9.1,5.1,4.0,0.08,5.1,0
USR-3425,4,3,2,2,3,0,2,4,2,4,20,83.7,40.4,6.3,72.8,22.0,9.4,6.7,4.0,0.07,5.7,1
USR-3426,1,4,1,1,3,1,2,0,2,0,19,76.6,45.6,6.8,81.3,40.0,9.0,7.3,2.0,0.13,5.3,1
USR-3427,4,1,4,3,0,0,0,2,4,2,26,72.8,53.5,5.0,70.3,34.0,11.9,6.6,3.0,-0.4,6.4,3
USR-3428,2,3,2,0,2,4,0,1,1,1,26,86.4,42.4,6.2,76.2,18.0,10.2,5.7,2.0,-0.06,6.0,2
USR-3429,4,3,1,2,0,1,0,1,2,0,24,85.0,54.9,5.4,75.8,34.0,9.1,6.5,3.0,-0.16,4.4,2
USR-3430,3,3,1,1,4,4,4,4,2,1,17,72.6,52.1,5.7,78.9,36.0,8.2,4.3,3.0,-0.16,3.4,1
USR-3431,3,0,3,3,4,4,2,2,0,4,19,74.8,57.4,6.1,72.6,37.0,7.9,6.6,4.0,0.0,5.0,1
USR-3432,4,3,0,4,0,3,2,3,1,1,19,75.8,70.2,7.2,81.2,31.0,7.6,4.7,4.0,0.03,4.0,0
USR-3433,2,0,4,2,4,0,4,0,0,4,16,64.4,50.4,7.4,81.5,48.0,6.7,4.8,3.0,0.24,4.7,1
USR-3434,4,3,4,3,4,0,3,2,4,1,20,65.7,63.2,6.8,69.4,57.0,10.4,4.7,4.0,-0.48,6.6,1
USR-3435,2,3,1,2,2,2,3,3,3,4,21,84.9,59.2,7.5,71.4,46.0,8.3,5.8,3.0,0.05,2.9,1
USR-3436,2,1,2,2,3,2,2,1,3,3,21,74.3,41.8,7.4,62.4,53.0,9.5,5.8,2.0,-0.13,4.7,1
USR-3437,2,4,0,4,2,3,3,2,2,1,17,84.2,63.2,7.2,72.4,24.0,8.2,5.9,4.0,0.25,6.4,1
USR-3438,2,0,3,4,3,2,1,0,3,3,21,85.2,54.3,6.7,74.7,28.0,9.1,5.7,3.0,-0.03,6.1,1
USR-3439,1,4,2,3,2,4,0,3,3,2,24,88.8,50.7,6.5,68.7,40.0,11.0,6.0,3.0,-0.19,6.0,2
USR-3440,2,2,1,2,2,2,1,4,4,2,20,74.2,57.7,6.6,72.8,56.0,9.2,4.9,3.0,-0.04,4.8,1
USR-3441,2,1,1,2,2,3,1,3,0,2,17,66.8,55.9,5.3,86.2,49.0,7.4,4.8,4.0,0.16,5.1,1
USR-3442,3,1,3,1,1,4,2,4,2,2,23,74.7,51.8,7.4,79.9,22.0,8.8,4.5,4.0,0.09,6.7,2
USR-3443,3,4,2,2,3,1,3,4,3,3,20,75.3,56.9,7.1,73.5,32.0,10.0,6.9,3.0,-0.18,4.2,1
USR-3444,2,0,1,2,2,1,1,4,4,3,18,63.9,63.5,6.0,82.5,44.0,9.3,5.2,4.0,-0.01,6.0,1
USR-3445,2,1,3,3,2,1,3,3,4,2,18,73.4,45.3,8.1,84.6,38.0,9.8,6.9,4.0,0.35,5.1,1
USR-3446,1,2,3,4,4,1,0,2,3,4,20,76.5,65.3,6.3,80.1,28.0,8.7,5.4,3.0,-0.07,6.0,1
USR-3447,1,3,4,2,2,2,1,2,1,4,24,74.5,40.8,6.3,75.5,30.0,7.9,4.1,3.0,-0.05,6.9,2
USR-3448,0,2,1,0,2,2,2,3,1,0,15,67.9,67.3,8.0,86.2,43.0,8.9,4.4,3.0,-0.1,4.4,0
USR-3449,2,1,3,4,4,2,4,1,4,0,15,72.0,61.9,7.4,84.6,30.0,8.6,4.9,5.0,-0.19,4.5,0
USR-3450,1,2,3,1,4,4,4,0,2,2,21,80.2,43.5,7.7,70.2,48.0,9.5,5.7,3.0,-0.24,5.9,1
USR-3451,4,1,1,3,1,1,4,4,1,3,15,68.7,65.5,6.9,79.8,38.0,6.6,5.6,5.0,0.01,3.9,1
USR-3452,2,1,3,0,2,2,3,0,4,1,24,82.5,42.4,7.8,71.2,32.0,8.8,6.2,3.0,0.09,6.6,2
USR-3453,2,2,2,2,4,0,3,4,1,1,11,70.3,74.8,6.9,89.5,60.0,6.5,4.0,3.0,0.5,3.1,0
USR-3454,3,3,4,4,2,2,3,3,3,3,22,79.5,46.8,7.6,72.6,34.0,9.8,4.8,1.0,-0.45,5.7,1
USR-3455,1,1,1,1,2,2,3,2,3,3,19,73.4,44.3,5.0,74.0,50.0,9.4,5.0,3.0,-0.08,6.3,2
USR-3456,2,2,3,2,1,4,1,3,0,1,21,71.7,66.0,5.8,81.4,24.0,9.1,6.2,4.0,0.11,5.4,1
USR-3457,3,2,2,2,1,2,2,3,2,4,23,88.6,52.7,6.7,76.0,39.0,10.6,6.7,4.0,-0.11,6.2,2
USR-3458,2,4,4,4,3,0,2,1,1,3,20,80.7,61.9,6.4,87.6,48.0,10.8,4.8,3.0,0.3,5.1,1
USR-3459,2,4,2,4,3,2,2,3,3,2,19,81.7,49.4,6.8,73.4,29.0,9.3,6.4,3.0,0.16,4.7,1
USR-3460,4,3,4,1,4,1,2,3,2,3,23,79.7,36.1,6.5,72.2,32.0,10.3,6.4,3.0,-0.14,7.4,3
USR-3461,4,1,4,0,3,1,1,1,0,1,22,78.4,65.9,5.6,81.1,33.0,8.7,4.9,3.0,-0.1,4.5,1
USR-3462,3,0,1,3,1,3,2,0,4,2,23,82.6,51.2,5.6,68.4,37.0,8.6,6.1,4.0,-0.1,5.9,2
USR-3463,3,2,3,2,0,0,0,1,2,1,24,71.8,53.9,6.6,80.6,39.0,10.8,6.4,3.0,-0.29,5.1,2
USR-3464,3,1,4,3,4,2,4,1,1,0,15,67.6,66.5,6.7,74.7,32.0,7.2,3.8,4.0,0.34,5.2,0
USR-3465,1,2,1,0,2,3,1,0,1,2,23,76.1,48.6,7.6,77.8,33.0,10.3,4.5,4.0,0.06,5.8,1
USR-3466,2,3,2,1,2,2,1,3,1,1,20,75.2,56.8,6.6,67.8,57.0,11.1,6.0,4.0,0.09,4.9,1
USR-3467,0,4,2,3,4,0,4,2,4,3,16,69.6,72.8,7.7,80.2,55.0,9.2,4.5,2.0,0.17,2.9,0
USR-3468,2,4,2,1,3,4,2,4,2,3,23,81.8,51.0,6.8,67.9,44.0,9.4,7.4,2.0,-0.29,7.1,2
USR-3469,2,2,0,4,1,2,1,1,2,1,18,76.2,65.0,6.4,88.1,37.0,7.1,7.0,3.0,0.16,3.8,1
USR-3470,1,3,1,0,4,3,2,2,4,0,20,84.5,39.1,5.2,71.6,63.0,9.2,6.0,2.0,0.03,5.6,2
USR-3471,4,2,2,1,4,2,1,3,3,3,23,92.5,60.2,7.4,70.6,46.0,10.7,6.8,3.0,0.31,6.6,2
USR-3472,4,0,2,4,0,2,1,4,2,0,17,68.6,46.6,6.2,81.9,41.0,8.3,4.1,2.0,-0.17,6.4,1
USR-3473,3,3,1,2,4,2,0,2,4,2,23,80.9,59.3,6.2,71.7,37.0,10.7,4.5,2.0,-0.23,5.4,2
USR-3474,2,0,4,3,2,2,2,2,3,2,20,78.2,58.1,6.6,80.5,32.0,9.4,5.4,3.0,-0.32,4.6,1
USR-3475,4,2,3,1,2,0,3,4,1,3,19,76.6,55.5,6.8,74.2,43.0,9.2,4.1,2.0,-0.01,4.7,1
USR-3476,1,2,0,3,4,2,3,2,3,3,15,67.7,60.5,8.0,76.8,50.0,7.9,5.2,3.0,-0.2,3.7,0
USR-3477,3,3,3,3,4,4,3,0,4,3,26,78.2,45.5,6.2,72.4,39.0,8.2,5.5,3.0,0.06,5.0,2
USR-3478,1,3,3,2,1,3,1,2,2,1,23,81.3,44.7,6.4,68.7,32.0,8.9,6.1,2.0,0.13,7.2,2
USR-3479,3,2,4,3,1,1,2,3,3,3,23,75.4,49.6,7.3,76.7,16.0,8.9,5.7,4.0,-0.12,5.6,2
USR-3480,1,3,0,3,0,3,4,0,4,1,21,79.2,71.4,7.1,80.6,39.0,9.8,6.3,3.0,-0.23,5.3,1
USR-3481,4,2,1,2,3,4,0,3,3,1,23,78.9,61.7,5.9,77.5,43.0,9.4,6.2,3.0,-0.39,6.4,2
USR-3482,4,2,4,2,0,3,4,3,1,2,23,80.8,44.3,5.6,78.0,22.0,10.7,5.5,2.0,-0.23,7.0,2
USR-3483,1,3,4,3,2,1,2,4,1,3,18,71.0,59.6,6.3,68.9,39.0,9.0,3.9,4.0,0.19,3.9,1
USR-3484,2,3,3,1,0,4,3,2,3,0,25,82.7,49.5,6.3,70.9,48.0,9.1,6.3,3.0,-0.31,6.6,2
USR-3485,4,4,3,2,2,2,2,1,1,0,23,75.7,50.1,5.5,73.6,20.0,8.5,4.1,3.0,0.29,4.9,2
USR-3486,2,1,0,2,0,2,2,2,4,3,22,80.1,44.5,6.6,82.8,32.0,8.6,7.0,3.0,0.24,5.9,2
USR-3487,4,3,2,2,3,2,3,2,2,4,23,86.8,54.8,6.4,71.8,52.0,9.6,6.4,3.0,-0.09,6.1,2
USR-3488,3,3,1,3,1,4,3,3,2,3,22,80.6,59.3,4.5,64.0,37.0,8.9,6.6,4.0,-0.15,5.3,2
USR-3489,2,4,1,2,2,4,1,3,3,2,24,82.6,43.3,5.3,69.0,27.0,8.3,5.0,3.0,-0.23,6.3,3
USR-3490,2,1,3,4,4,4,4,3,2,4,17,79.0,74.4,4.7,75.9,41.0,9.8,5.5,3.0,0.41,4.8,1
USR-3491,1,3,1,2,3,0,0,3,2,3,18,68.7,69.7,6.6,67.7,50.0,8.9,4.6,3.0,-0.07,4.8,1
USR-3492,3,3,2,2,1,4,0,4,0,3,24,89.6,54.4,7.3,78.8,31.0,9.9,6.1,2.0,0.07,5.9,1
USR-3493,2,1,4,3,0,0,3,2,3,2,20,72.2,45.1,5.2,69.2,45.0,8.0,4.5,3.0,0.0,4.2,2
USR-3494,2,2,1,2,3,1,3,4,4,1,15,77.5,64.5,6.1,83.0,46.0,7.0,4.8,4.0,0.29,3.3,0
USR-3495,2,2,4,2,2,2,4,1,3,2,22,83.0,54.8,6.4,70.0,39.0,9.1,4.4,4.0,-0.22,5.2,1
USR-3496,3,3,4,0,3,2,2,3,2,2,24,76.5,54.1,5.5,81.5,41.0,7.2,5.8,4.0,-0.19,5.3,2
USR-3497,4,4,2,2,2,3,0,2,1,2,26,87.8,60.2,5.4,71.1,27.0,10.8,4.6,2.0,-0.18,6.1,2
USR-3498,4,3,1,1,2,2,3,3,3,2,22,81.7,51.1,7.0,73.1,24.0,8.5,7.5,3.0,-0.19,5.6,1
USR-3499,2,3,2,4,2,4,2,2,4,1,22,88.7,68.9,6.2,78.1,41.0,9.0,5.9,3.0,0.19,5.7,2
USR-3500,3,2,2,2,3,1,2,3,2,3,19,77.6,59.5,5.6,72.7,37.0,9.4,5.4,4.0,-0.12,5.5,1
USR-3501,3,0,2,4,4,1,2,4,3,1,12,70.0,62.7,5.8,85.9,41.0,7.5,5.2,3.0,0.12,3.7,0
USR-3502,3,1,2,3,0,4,0,3,2,2,24,78.4,69.2,8.2,71.6,39.0,8.2,4.7,4.0,0.15,6.2,1
USR-3503,4,2,4,2,2,0,2,3,2,3,22,70.5,59.1,7.5,72.5,51.0,11.1,5.0,2.0,0.17,6.1,1
USR-3504,1,2,1,2,0,3,2,0,3,2,24,79.4,46.4,6.0,73.6,31.0,7.8,6.5,3.0,0.2,5.4,2
USR-3505,1,1,3,4,2,3,3,1,0,2,16,72.6,60.7,7.2,74.6,42.0,5.7,5.2,3.0,-0.26,3.7,0
USR-3506,4,2,0,4,4,2,3,4,2,2,13,72.7,68.8,7.0,81.3,31.0,9.0,3.9,2.0,0.25,3.5,0
USR-3507,2,2,3,1,2,3,1,3,1,4,24,73.9,48.8,6.8,75.7,30.0,7.8,6.6,2.0,-0.1,5.5,2
USR-3508,4,1,4,2,4,1,1,3,2,4,22,78.1,53.6,5.9,64.0,38.0,10.8,6.1,3.0,-0.17,4.3,1
USR-3509,4,2,2,2,3,4,1,2,3,3,26,85.6,41.0,5.8,78.0,31.0,10.4,6.8,4.0,-0.12,7.0,3
USR-3510,0,1,1,0,4,1,1,0,0,3,17,78.3,45.3,7.4,83.3,37.0,8.9,5.5,3.0,0.03,3.8,1
USR-3511,4,4,3,3,3,2,3,2,3,0,21,69.1,54.6,7.8,67.0,45.0,8.5,4.9,3.0,0.0,6.9,1
USR-3512,2,4,3,4,1,0,4,2,2,4,20,81.0,56.1,7.3,66.9,38.0,8.0,5.4,2.0,0.68,5.4,1
USR-3513,2,3,3,2,1,2,3,1,3,4,26,81.5,51.7,7.2,76.7,62.0,9.4,4.4,4.0,-0.12,5.3,2
USR-3514,3,1,2,3,2,3,3,1,1,3,20,76.6,50.4,6.5,80.8,40.0,7.9,5.0,3.0,0.07,5.8,1
USR-3515,4,3,1,3,1,4,2,2,3,3,26,70.9,36.8,5.7,75.6,0.0,11.3,6.0,2.0,-0.02,6.6,3
USR-3516,0,3,4,2,2,3,2,3,3,2,22,86.7,44.8,5.0,68.4,22.0,8.4,6.4,3.0,-0.02,5.9,3
USR-3517,2,3,4,1,2,2,4,1,4,2,25,82.8,57.2,6.4,82.4,38.0,10.4,6.6,1.0,-0.37,5.9,2
USR-3518,3,1,2,3,4,4,4,3,4,4,20,69.8,49.7,7.1,73.2,30.0,10.2,4.7,2.0,-0.33,4.5,1
USR-3519,3,3,4,4,2,2,2,4,2,3,21,80.3,50.2,6.4,77.4,29.0,8.1,4.9,2.0,-0.04,4.3,1
USR-3520,3,3,2,3,3,3,2,2,0,3,20,79.2,52.5,6.1,78.3,23.0,9.5,6.8,4.0,-0.05,4.2,1
USR-3521,1,3,2,0,4,3,3,4,3,3,20,83.6,50.0,7.7,85.0,32.0,7.9,5.2,1.0,-0.39,4.2,1
USR-3522,2,3,1,1,4,2,1,4,3,4,21,76.8,48.2,7.2,76.9,39.0,8.9,5.7,4.0,0.3,5.2,1
USR-3523,2,2,2,0,1,3,3,0,0,3,24,81.1,43.0,7.5,76.1,38.0,9.0,6.8,3.0,-0.1,6.1,2
USR-3524,3,2,2,3,2,1,3,0,1,1,18,72.5,68.7,6.2,78.1,28.0,7.9,5.2,2.0,0.35,3.6,0
USR-3525,1,0,0,3,2,2,1,2,3,2,16,77.0,65.4,6.5,74.0,52.0,8.6,4.8,3.0,-0.33,5.1,1
USR-3526,1,3,2,1,2,3,4,3,4,4,23,76.2,61.2,7.5,63.2,20.0,8.0,5.6,4.0,0.2,6.0,2
USR-3527,4,0,3,3,2,4,4,2,4,2,22,74.8,64.1,6.5,75.7,41.0,10.4,5.2,2.0,-0.16,7.6,1
USR-3528,0,2,3,2,3,4,4,2,1,4,19,76.3,37.5,6.4,70.7,43.0,7.6,5.5,3.0,0.28,4.7,1
USR-3529,4,2,3,3,2,2,2,3,2,3,22,73.1,55.2,6.2,77.3,24.0,7.8,3.9,5.0,-0.02,7.5,2
USR-3530,3,2,4,4,2,3,1,0,0,3,24,89.0,45.3,6.4,74.7,20.0,9.3,5.6,3.0,-0.03,6.7,3
USR-3531,3,1,0,0,4,2,3,4,2,2,15,82.8,70.2,8.0,81.4,48.0,7.8,5.4,3.0,0.24,2.6,0
USR-3532,2,3,2,4,0,2,2,1,3,2,23,77.9,45.3,6.4,69.5,27.0,9.9,6.3,3.0,-0.18,4.9,1
USR-3533,0,3,3,1,2,4,1,4,3,3,24,74.1,41.6,7.0,79.2,31.0,9.7,7.4,3.0,-0.25,6.4,2
USR-3534,3,1,2,2,3,4,2,1,2,2,22,80.9,41.0,6.9,77.9,43.0,7.3,6.6,4.0,-0.13,4.3,2
USR-3535,3,1,2,4,1,4,3,1,0,3,20,75.1,52.6,6.0,71.1,43.0,10.2,5.9,2.0,-0.29,4.5,1
USR-3536,3,1,1,4,3,1,0,1,2,3,19,82.5,63.6,6.1,88.1,28.0,8.5,5.4,2.0,-0.07,3.8,1
USR-3537,1,4,4,2,1,4,2,4,4,2,26,78.8,49.5,5.9,71.4,30.0,10.2,5.8,2.0,-0.32,8.2,3
USR-3538,3,2,2,3,4,4,0,0,1,3,24,83.7,40.4,5.3,67.3,22.0,12.2,6.5,3.0,-0.42,7.0,3
USR-3539,3,2,4,3,2,2,3,3,2,2,20,78.1,72.2,6.3,73.2,48.0,10.5,5.8,3.0,0.09,5.0,1
USR-3540,3,1,3,3,2,2,3,4,3,2,18,72.4,62.7,8.1,71.0,58.0,9.0,4.9,2.0,0.06,6.0,1
USR-3541,3,3,3,1,3,3,0,3,3,2,26,84.0,53.7,6.2,79.3,21.0,8.3,5.4,3.0,-0.13,7.5,3
USR-3542,4,4,3,3,1,3,4,2,4,4,28,88.9,55.3,5.4,76.4,28.0,8.6,6.4,2.0,-0.1,8.0,3
USR-3543,3,3,3,2,2,4,0,4,2,2,25,82.3,35.6,7.8,76.9,43.0,11.1,7.3,2.0,-0.2,5.9,2
USR-3544,0,3,2,2,2,2,3,4,2,2,16,74.5,52.7,6.4,82.8,42.0,7.9,5.1,3.0,-0.07,4.2,1
USR-3545,2,0,2,2,2,3,3,2,2,2,18,71.4,64.1,6.2,84.7,46.0,8.5,5.3,3.0,0.12,3.9,1
USR-3546,0,1,3,2,2,3,3,3,4,1,18,81.5,51.0,7.9,77.3,40.0,7.3,5.7,4.0,-0.52,4.7,1
USR-3547,2,0,2,4,3,2,0,4,3,2,16,79.2,57.8,7.6,82.1,29.0,8.9,5.5,4.0,0.1,3.7,0
USR-3548,2,1,2,2,3,4,4,4,3,1,16,71.9,59.4,7.0,75.9,43.0,9.8,5.2,3.0,0.27,3.5,0
USR-3549,0,1,0,4,3,2,4,2,1,3,10,68.1,57.3,8.3,83.7,62.0,9.3,4.2,5.0,0.51,4.0,0
USR-3550,2,1,4,1,2,2,3,4,3,1,19,83.7,53.4,7.1,80.0,42.0,8.3,4.9,2.0,-0.08,5.6,1
USR-3551,1,2,0,3,1,1,2,2,2,3,17,69.2,66.1,6.1,63.8,60.0,9.3,6.1,2.0,-0.36,3.9,1
USR-3552,3,4,3,3,3,2,0,2,0,1,21,81.4,59.6,4.7,73.2,15.0,9.0,5.2,3.0,-0.56,6.2,2
USR-3553,4,3,2,3,4,3,3,1,0,4,21,75.6,62.7,6.2,77.1,41.0,10.2,7.2,3.0,0.1,5.7,1
USR-3554,0,3,2,3,1,4,2,1,3,2,23,89.0,59.3,7.4,74.4,26.0,9.4,6.0,3.0,-0.16,5.6,1
USR-3555,4,3,3,3,2,1,3,3,2,3,21,78.7,57.0,6.3,74.0,26.0,8.2,5.7,2.0,0.37,6.7,2
USR-3556,2,1,0,4,2,2,2,2,4,3,18,82.1,60.1,7.3,81.4,56.0,10.3,6.0,4.0,-0.22,5.1,1
USR-3557,2,3,3,3,2,1,3,1,3,3,22,75.4,54.5,6.7,72.0,32.0,9.4,5.1,4.0,0.01,7.1,2
USR-3558,0,1,3,1,3,3,1,2,0,3,19,70.4,51.2,5.5,71.6,34.0,8.4,5.9,3.0,0.36,5.5,1
USR-3559,2,3,3,4,0,4,1,2,3,1,25,80.7,40.5,6.0,79.2,36.0,10.0,6.2,3.0,-0.11,6.8,3
USR-3560,3,2,1,2,3,3,1,4,1,3,19,77.9,50.7,7.1,83.0,13.0,8.0,5.8,2.0,-0.29,4.2,1
USR-3561,3,4,4,1,0,3,0,4,2,1,28,81.9,42.4,5.4,68.0,45.0,10.7,5.8,2.0,0.31,6.5,3
USR-3562,0,1,3,4,2,2,2,2,3,3,18,79.5,52.3,6.6,78.2,63.0,8.5,4.6,3.0,0.38,6.0,1
USR-3563,0,1,4,2,3,0,3,4,4,4,17,73.8,62.1,7.3,83.5,52.0,7.6,3.3,3.0,0.04,5.5,1
USR-3564,2,4,2,3,2,3,3,2,2,4,23,69.7,52.9,6.5,75.0,39.0,12.3,5.4,2.0,0.07,5.6,2
USR-3565,2,0,2,1,1,3,3,3,3,1,19,79.4,58.7,7.7,80.4,36.0,7.6,4.9,3.0,0.2,4.0,1
USR-3566,1,3,4,0,4,3,3,4,3,2,21,74.0,56.6,7.0,78.6,23.0,9.6,5.0,2.0,0.1,6.8,2
USR-3567,2,3,4,2,4,4,2,2,2,2,23,78.3,60.8,5.7,73.2,48.0,9.5,5.8,3.0,-0.37,6.7,2
USR-3568,3,3,2,1,3,3,2,3,2,1,21,86.1,53.7,6.3,78.8,47.0,7.9,5.7,2.0,0.03,4.5,1
USR-3569,4,4,1,3,2,3,2,2,3,0,22,88.1,60.6,6.6,70.7,41.0,8.9,6.2,4.0,0.23,4.8,1
USR-3570,2,4,2,1,1,4,3,1,0,2,24,78.1,54.1,7.5,76.0,37.0,8.0,6.6,3.0,-0.02,7.6,2
USR-3571,4,0,2,2,4,4,1,3,4,4,24,83.9,59.0,6.0,73.6,37.0,12.1,6.7,3.0,-0.04,5.7,2
USR-3572,2,3,2,0,2,3,0,4,3,3,26,80.0,60.4,4.8,70.7,24.0,9.6,6.9,4.0,-0.29,6.1,2
USR-3573,2,3,1,2,4,1,3,2,1,3,16,72.6,64.6,7.5,73.8,72.0,8.2,5.3,3.0,-0.06,3.9,0
USR-3574,1,3,4,3,2,2,4,4,4,2,19,73.6,57.1,6.2,78.4,35.0,11.2,5.4,4.0,-0.28,5.3,1
USR-3575,3,1,0,1,2,3,3,4,1,3,17,66.3,59.5,6.0,79.4,36.0,7.6,6.1,4.0,0.24,3.5,0
USR-3576,4,3,3,3,4,0,3,1,4,4,23,80.6,47.5,6.5,70.6,48.0,11.0,6.6,2.0,-0.13,6.1,2
USR-3577,3,4,1,4,2,0,3,2,2,3,18,77.2,53.5,7.7,70.5,39.0,9.4,3.8,2.0,-0.21,3.7,1
USR-3578,2,4,2,3,1,0,2,3,3,0,18,72.4,64.7,6.5,70.3,40.0,6.3,5.1,3.0,0.26,3.7,1
USR-3579,3,2,0,3,1,3,3,2,2,2,19,82.1,48.5,7.2,76.5,56.0,8.4,3.6,4.0,-0.09,3.9,1
USR-3580,1,0,1,1,2,2,3,0,3,4,21,76.2,66.7,7.2,77.8,45.0,9.7,3.8,2.0,-0.2,4.4,1
USR-3581,4,2,3,1,0,2,1,4,1,2,24,77.8,48.8,7.0,83.2,42.0,9.6,5.5,3.0,-0.22,6.7,2
USR-3582,2,3,4,4,2,1,2,3,1,3,19,79.3,79.1,6.3,77.5,22.0,8.9,5.2,3.0,-0.01,5.6,0
USR-3583,2,3,1,3,2,3,1,2,0,1,18,68.0,52.0,6.0,70.4,45.0,8.0,4.8,3.0,0.15,4.7,1
USR-3584,3,2,2,3,3,2,2,3,4,1,19,81.2,58.3,6.0,76.7,27.0,8.0,3.6,2.0,-0.15,4.5,1
USR-3585,3,0,2,3,2,1,4,0,2,4,19,74.6,53.4,7.5,84.0,33.0,8.5,6.2,2.0,0.23,6.1,1
USR-3586,0,2,4,2,4,3,2,2,3,2,20,82.4,48.7,7.3,73.6,40.0,11.4,4.8,3.0,0.1,5.8,1
USR-3587,3,2,3,0,1,2,2,4,3,2,24,87.4,58.5,5.6,79.6,33.0,8.5,6.5,3.0,-0.22,5.2,2
USR-3588,1,4,2,3,3,2,4,4,4,2,17,78.1,49.9,8.7,80.1,49.0,8.0,4.4,4.0,0.06,4.9,1
USR-3589,3,3,3,3,0,3,2,2,1,4,26,78.7,42.1,5.4,75.7,40.0,9.9,5.8,3.0,-0.26,6.8,3
USR-3590,3,2,4,2,3,1,2,2,4,0,21,72.1,58.4,7.5,85.5,47.0,7.4,6.1,2.0,-0.02,6.0,1
USR-3591,3,2,0,4,4,3,4,3,1,3,13,64.2,69.7,8.6,73.1,29.0,8.5,4.3,3.0,0.51,6.0,0
USR-3592,2,0,2,2,3,1,2,2,3,2,17,80.4,47.6,7.1,83.7,69.0,7.0,5.3,4.0,0.0,4.0,1
USR-3593,2,4,4,2,2,1,3,0,3,4,27,83.0,50.9,5.5,71.3,29.0,8.7,6.7,2.0,-0.17,7.2,3
USR-3594,1,2,3,4,2,3,0,2,0,4,21,75.4,54.8,6.1,71.5,51.0,7.8,4.2,2.0,-0.17,6.7,2
USR-3595,3,2,2,3,3,3,1,3,1,2,19,76.0,48.9,6.6,77.2,8.0,6.9,5.9,3.0,0.14,6.4,2
USR-3596,1,2,2,2,4,1,2,0,2,1,17,80.3,52.4,7.9,87.7,38.0,10.1,4.2,3.0,0.15,4.8,1
USR-3597,2,3,2,1,4,1,2,0,2,1,20,81.4,38.7,5.8,83.7,20.0,9.6,4.4,4.0,0.27,4.2,1
USR-3598,2,3,2,1,2,3,4,1,4,3,25,84.1,62.5,4.8,63.2,22.0,10.9,5.4,3.0,-0.32,4.9,2
USR-3599,1,3,3,3,4,3,4,2,2,1,16,77.2,68.1,7.4,76.2,43.0,9.4,5.8,3.0,0.26,5.1,0
USR-3600,3,1,2,2,1,2,4,2,4,1,20,78.4,44.7,7.2,81.7,33.0,8.8,3.9,5.0,0.25,5.5,1
USR-3601,0,2,3,3,1,3,2,2,2,1,19,78.1,62.6,8.4,77.6,54.0,8.8,6.0,3.0,-0.06,5.1,1
USR-3602,3,1,4,4,0,1,4,1,4,2,22,80.4,47.9,5.5,75.4,56.0,10.5,6.1,1.0,-0.09,5.9,2
USR-3603,2,3,1,3,1,2,3,4,3,0,16,74.0,67.3,7.0,72.2,30.0,10.4,5.1,4.0,0.16,5.2,0
USR-3604,0,0,2,2,3,0,2,1,3,4,17,78.6,54.8,7.9,75.5,35.0,7.0,5.4,1.0,0.04,5.0,1
USR-3605,2,3,2,3,4,2,3,2,1,4,18,77.6,54.6,7.0,71.7,27.0,11.7,5.0,4.0,0.1,5.1,1
USR-3606,0,4,3,2,3,0,0,4,3,2,19,72.2,53.9,6.7,69.5,52.0,7.3,6.1,3.0,0.16,4.6,1
USR-3607,1,4,1,1,3,2,1,3,1,3,20,80.1,49.7,7.4,70.7,39.0,8.4,5.1,3.0,-0.02,6.1,1
USR-3608,3,2,3,0,2,2,3,3,2,3,23,81.4,62.4,6.0,70.1,35.0,9.5,4.3,3.0,-0.11,5.4,1
USR-3609,0,2,4,2,3,2,3,2,3,3,20,80.6,62.2,7.4,73.2,41.0,9.2,5.4,4.0,0.05,6.0,1
USR-3610,3,0,2,4,2,0,2,0,3,2,18,75.2,58.4,5.9,74.3,36.0,11.1,6.1,3.0,-0.02,4.5,1
USR-3611,0,3,4,1,4,2,2,3,0,2,17,78.9,66.9,5.8,84.4,31.0,9.8,5.6,3.0,0.02,5.1,1
USR-3612,1,3,4,1,3,3,4,3,2,3,21,78.1,40.7,6.4,71.7,37.0,9.6,7.4,3.0,-0.21,6.9,2
USR-3613,3,1,1,4,3,2,3,1,3,3,18,79.4,47.7,4.9,85.6,37.0,9.9,5.0,1.0,0.05,5.4,1
USR-3614,2,2,1,0,2,3,2,2,0,2,20,75.2,58.8,6.8,74.6,42.0,9.4,5.3,4.0,0.09,6.4,1
USR-3615,1,3,4,3,4,2,1,4,2,2,18,73.8,63.4,5.5,80.7,20.0,7.9,5.0,4.0,0.01,4.5,1
USR-3616,2,4,4,2,1,2,2,1,3,1,26,85.8,49.7,6.5,74.9,33.0,10.5,5.5,3.0,-0.33,6.6,3
USR-3617,1,1,0,0,2,3,4,2,0,2,15,71.5,46.2,7.3,76.3,35.0,8.3,4.4,4.0,0.13,3.9,1
USR-3618,4,2,0,4,3,4,2,2,3,2,20,88.5,46.5,6.7,75.4,39.0,8.0,4.5,4.0,0.08,3.9,1
USR-3619,2,1,1,1,2,1,2,3,3,2,18,78.6,60.8,7.3,76.0,51.0,10.2,3.0,3.0,0.09,5.7,1
USR-3620,3,1,4,2,4,0,2,3,3,2,18,75.9,76.9,7.1,80.4,33.0,8.6,4.7,3.0,0.51,5.3,0
USR-3621,4,4,1,1,2,3,4,3,1,3,22,83.3,62.2,6.3,74.9,50.0,8.0,5.8,2.0,-0.19,6.1,2
USR-3622,2,3,2,0,2,4,3,2,3,0,23,77.7,63.9,8.0,71.0,13.0,8.3,6.5,1.0,-0.12,6.9,1
USR-3623,4,3,4,0,4,4,3,0,0,3,27,88.2,49.0,6.5,72.3,48.0,10.7,5.8,3.0,-0.05,5.8,3
USR-3624,2,0,0,1,2,2,2,2,2,3,18,80.2,60.2,7.5,80.2,55.0,10.0,4.7,3.0,-0.08,3.7,1
USR-3625,4,4,3,0,2,2,0,3,1,2,27,89.9,38.0,7.0,81.0,19.0,10.6,7.4,1.0,0.18,7.7,3
USR-3626,0,2,1,3,2,3,4,3,4,2,16,71.8,67.6,7.6,80.3,31.0,9.0,3.7,3.0,0.12,4.3,0
USR-3627,3,2,4,2,1,2,4,4,3,3,22,73.1,51.9,8.2,75.6,17.0,8.3,5.6,3.0,0.05,5.8,1
USR-3628,2,2,2,2,3,3,4,2,0,2,16,70.9,65.5,7.2,82.1,53.0,8.5,6.0,3.0,0.12,3.2,0
USR-3629,2,0,3,2,1,4,4,3,0,4,19,75.2,56.5,6.8,73.0,35.0,8.5,4.7,3.0,0.23,6.2,1
USR-3630,3,3,3,4,4,3,3,2,2,4,21,86.7,56.0,6.1,67.6,32.0,8.9,4.1,2.0,-0.24,6.0,2
USR-3631,3,3,1,4,3,2,3,1,1,3,18,86.7,56.8,6.7,76.9,26.0,8.6,7.0,4.0,0.37,4.4,1
USR-3632,0,1,0,3,1,2,4,2,3,3,15,74.8,63.0,6.6,86.1,65.0,7.5,5.7,4.0,0.2,5.9,1
USR-3633,1,1,2,4,3,3,3,2,3,3,17,74.9,66.8,7.6,85.4,29.0,9.5,6.0,4.0,0.22,3.5,0
USR-3634,3,1,2,2,3,2,1,4,4,2,20,75.8,44.9,6.0,67.6,38.0,7.8,5.4,3.0,-0.15,5.0,2
USR-3635,3,0,3,2,1,2,2,2,4,4,25,86.0,36.8,6.4,76.6,34.0,8.2,6.8,3.0,-0.08,7.1,3
USR-3636,4,3,3,3,1,0,4,4,3,2,19,87.6,59.7,7.3,66.8,34.0,7.9,2.9,2.0,-0.16,6.0,1
USR-3637,3,4,2,3,2,1,2,2,0,1,18,84.7,69.0,7.0,80.8,33.0,9.8,4.8,3.0,0.3,3.6,0
USR-3638,4,0,3,2,3,2,4,1,2,2,19,82.3,69.8,6.1,79.7,34.0,9.3,6.3,2.0,-0.23,4.8,1
USR-3639,3,0,3,2,3,3,0,1,2,3,24,86.6,40.2,7.0,65.4,40.0,7.5,4.6,3.0,-0.09,6.7,2
USR-3640,2,3,3,4,2,1,2,1,2,1,19,80.8,53.0,6.8,82.8,34.0,9.6,5.0,2.0,-0.05,6.2,1
USR-3641,1,3,2,3,3,2,2,2,3,4,21,78.1,41.9,4.4,85.0,56.0,9.1,5.9,3.0,-0.34,6.6,3
USR-3642,3,2,1,2,3,2,0,0,4,2,25,78.2,44.3,5.5,72.9,23.0,9.2,5.3,3.0,-0.34,6.9,3
USR-3643,3,2,1,3,3,1,1,2,4,4,22,79.1,61.5,7.7,76.2,44.0,9.0,5.8,3.0,0.03,5.7,1
USR-3644,0,3,2,1,3,4,1,4,1,1,18,77.9,57.4,8.1,85.9,19.0,7.1,5.6,2.0,-0.12,4.7,1
USR-3645,2,1,2,1,2,4,3,3,1,2,19,69.4,53.3,7.3,72.1,29.0,9.1,5.7,5.0,-0.1,5.4,1
USR-3646,4,0,2,2,4,0,0,3,3,0,16,73.2,64.4,7.7,74.5,32.0,6.9,4.6,4.0,0.19,5.5,0
USR-3647,2,3,0,2,3,3,2,1,3,1,20,73.4,48.6,6.1,72.8,24.0,8.6,4.7,5.0,0.18,5.1,1
USR-3648,2,3,3,0,3,2,0,2,1,2,24,86.1,62.7,6.2,74.2,36.0,9.2,6.4,2.0,0.01,5.9,2
USR-3649,2,3,1,3,2,4,3,2,3,4,23,77.4,51.3,7.5,74.9,33.0,10.4,6.2,3.0,-0.1,6.8,2
USR-3650,1,3,1,2,1,2,3,4,3,2,18,77.4,54.3,7.3,75.7,12.0,8.7,5.5,3.0,0.1,5.7,1
USR-3651,2,3,2,3,2,1,3,1,2,3,20,74.0,59.7,6.8,75.5,61.0,9.8,5.6,4.0,0.02,4.9,1
USR-3652,2,1,1,0,2,3,2,2,1,2,20,85.5,62.5,6.6,74.3,40.0,7.6,5.8,5.0,-0.21,4.2,1
USR-3653,0,2,3,1,3,3,1,3,4,0,20,69.0,67.8,7.7,74.5,38.0,8.9,6.4,3.0,0.06,3.9,1
USR-3654,3,1,2,4,2,1,3,2,3,2,17,77.3,57.1,7.9,75.4,57.0,9.2,5.4,3.0,-0.12,4.7,1
USR-3655,2,1,2,3,3,3,3,3,1,0,13,65.0,72.4,7.9,78.4,57.0,9.4,4.7,4.0,0.33,2.9,0
USR-3656,3,3,2,4,3,0,1,1,3,4,22,76.7,53.3,6.6,65.5,32.0,7.9,5.2,4.0,-0.03,6.4,2
USR-3657,4,4,1,4,3,4,2,2,3,3,24,82.0,45.1,6.1,72.9,10.0,8.6,7.4,3.0,-0.55,4.7,2
USR-3658,1,4,1,2,1,0,1,3,4,2,21,79.7,47.5,7.2,66.5,43.0,9.8,4.5,3.0,0.17,6.8,2
USR-3659,3,3,4,2,4,4,1,2,1,3,25,83.0,40.0,5.4,77.0,20.0,11.7,5.9,4.0,-0.25,6.0,3
USR-3660,2,1,2,4,4,2,3,2,4,1,15,73.9,55.3,6.5,78.0,58.0,8.6,4.4,4.0,0.03,3.5,1
USR-3661,4,1,2,4,3,2,2,0,1,3,20,74.3,63.9,5.6,76.4,28.0,7.7,3.7,4.0,0.19,4.8,1
USR-3662,1,3,0,3,2,4,1,3,3,3,21,77.6,59.4,7.7,74.4,31.0,7.8,6.0,4.0,-0.06,4.8,1
USR-3663,3,3,2,3,2,4,2,4,3,3,23,80.3,41.3,5.9,73.5,18.0,9.6,5.7,4.0,0.03,7.1,2
USR-3664,3,3,2,3,1,3,4,3,2,2,20,78.5,41.0,7.1,83.3,22.0,9.4,5.5,2.0,-0.13,5.8,2
USR-3665,2,3,2,2,2,1,4,4,2,1,15,72.8,52.4,7.1,74.0,42.0,8.0,4.7,5.0,0.31,4.3,0
USR-3666,1,3,3,3,1,2,4,2,4,2,21,82.0,47.5,9.0,68.1,34.0,7.9,6.4,4.0,0.01,4.5,1
USR-3667,3,3,1,3,2,2,2,1,3,4,24,81.5,47.6,6.8,74.6,27.0,10.9,6.9,3.0,-0.04,6.1,2
USR-3668,3,0,1,3,3,2,3,0,2,4,19,77.6,65.6,5.3,75.3,63.0,8.4,4.3,4.0,-0.01,4.4,1
USR-3669,2,3,3,0,2,3,2,3,1,2,23,78.2,46.9,7.4,76.5,41.0,10.1,7.6,3.0,0.24,3.8,1
USR-3670,3,4,4,2,2,0,0,2,0,3,24,75.7,63.4,6.1,77.6,33.0,7.5,5.8,3.0,0.25,5.5,2
USR-3671,2,2,1,1,4,3,2,3,1,4,19,77.4,42.8,6.7,72.2,6.0,10.3,6.0,4.0,-0.41,5.5,1
USR-3672,3,3,2,1,1,3,3,3,4,1,24,87.0,47.2,5.9,77.0,43.0,8.8,6.2,4.0,0.07,5.8,2
USR-3673,1,2,1,4,3,1,2,4,3,3,14,74.5,68.8,7.4,76.4,80.0,9.7,4.9,3.0,-0.04,3.9,0
USR-3674,4,4,0,0,1,3,4,2,4,1,25,77.8,55.5,6.5,73.6,30.0,10.5,6.7,4.0,-0.05,7.1,2
USR-3675,2,0,2,1,0,3,1,2,0,2,21,82.4,51.1,6.1,70.1,27.0,7.4,6.9,3.0,-0.39,6.2,2
USR-3676,2,3,1,2,1,3,2,2,3,1,22,77.6,60.5,6.2,76.2,37.0,9.6,6.5,4.0,0.02,7.2,2
USR-3677,0,1,3,3,3,0,1,2,0,2,13,74.9,70.2,7.4,82.1,28.0,9.9,4.4,4.0,0.04,2.0,0
USR-3678,1,3,2,2,2,3,2,4,3,4,22,77.4,47.0,4.7,70.0,41.0,8.6,5.7,2.0,-0.15,5.0,2
USR-3679,2,1,1,1,4,2,0,0,2,2,21,80.1,56.3,5.5,69.5,54.0,11.1,5.1,3.0,-0.12,6.2,2
USR-3680,1,1,0,1,2,2,1,4,0,1,13,68.8,69.4,8.7,86.0,37.0,8.4,5.3,5.0,0.06,4.1,0
USR-3681,3,2,3,1,0,3,2,4,3,1,24,78.5,45.1,6.7,71.7,25.0,11.2,6.6,3.0,-0.26,6.2,2
USR-3682,0,4,1,2,3,3,2,3,2,3,19,68.8,69.8,6.4,82.8,38.0,9.0,5.0,4.0,-0.05,4.6,1
USR-3683,2,1,3,1,1,1,2,2,3,3,23,82.7,44.6,5.1,72.0,28.0,9.3,7.2,2.0,-0.12,6.1,2
USR-3684,2,1,2,4,3,3,1,1,3,3,21,80.2,54.9,6.6,82.8,18.0,11.4,6.7,4.0,0.03,5.6,2
USR-3685,0,3,3,2,1,4,2,1,3,0,23,82.3,41.3,7.3,70.0,30.0,10.3,7.7,3.0,0.28,4.4,1
USR-3686,1,2,2,0,2,1,2,0,4,3,25,83.3,49.6,8.4,80.6,25.0,9.5,5.3,3.0,-0.34,6.5,2
USR-3687,2,4,0,3,3,4,2,2,2,4,22,75.4,44.0,8.1,76.4,52.0,9.8,5.6,2.0,-0.03,5.3,1
USR-3688,2,1,1,2,4,3,3,0,2,2,18,80.6,55.1,6.2,80.5,54.0,8.0,5.1,4.0,0.21,5.5,1
USR-3689,2,3,1,3,2,3,2,3,3,3,21,83.3,41.1,6.3,71.2,53.0,9.3,8.2,2.0,-0.17,5.7,2
USR-3690,2,1,2,1,3,2,2,2,3,4,22,75.3,58.9,5.4,79.1,45.0,10.7,5.8,3.0,-0.51,7.2,2
USR-3691,3,1,3,3,1,2,4,1,0,3,19,79.3,59.1,6.2,81.6,41.0,8.7,6.6,3.0,-0.35,5.0,1
USR-3692,0,3,1,3,3,4,4,2,4,3,19,81.0,64.9,6.7,76.1,28.0,7.8,6.4,3.0,-0.41,4.2,1
USR-3693,2,3,0,4,3,2,4,4,0,3,11,67.3,63.5,7.2,73.1,64.0,6.5,4.3,5.0,0.58,1.3,0
USR-3694,4,3,2,1,1,0,3,3,1,1,19,75.1,65.3,8.5,72.2,43.0,8.9,5.4,1.0,0.15,4.3,0
USR-3695,2,2,3,2,2,3,2,2,1,3,22,81.9,52.8,5.5,69.9,20.0,8.3,6.3,3.0,0.09,6.0,2
USR-3696,3,2,4,2,1,1,2,3,0,4,22,71.7,53.4,6.5,77.7,24.0,7.6,7.0,3.0,0.14,6.2,2
USR-3697,2,2,3,4,2,3,3,3,0,2,16,68.6,76.9,5.4,77.7,27.0,7.0,4.8,4.0,0.0,3.9,1
USR-3698,3,4,2,4,1,3,4,4,0,4,19,71.7,52.4,7.1,75.5,14.0,10.3,4.9,3.0,0.49,4.7,1
USR-3699,3,2,3,0,3,4,3,1,2,3,26,73.8,57.3,5.2,69.7,35.0,9.7,7.2,4.0,-0.11,6.6,3
USR-3700,2,2,4,1,4,3,4,4,1,2,17,80.3,62.6,7.9,86.6,26.0,8.6,4.0,3.0,0.08,4.9,1
USR-3701,4,2,3,2,0,1,2,2,1,3,24,71.1,45.4,6.2,74.2,24.0,8.4,6.3,3.0,0.1,6.9,3
USR-3702,1,3,2,1,2,2,2,4,3,2,20,79.2,44.5,5.6,78.0,38.0,8.3,6.6,4.0,0.13,4.8,1
USR-3703,0,1,1,2,3,3,4,2,1,3,14,76.3,54.2,5.6,78.4,42.0,7.4,5.2,4.0,0.45,3.4,1
USR-3704,3,4,1,1,4,2,3,4,0,2,16,72.5,69.0,6.3,79.9,33.0,8.1,4.4,3.0,0.4,6.0,1
USR-3705,3,1,2,3,2,4,4,4,2,4,19,73.3,70.1,7.0,72.9,57.0,6.9,4.4,3.0,-0.04,6.5,1
USR-3706,1,4,3,4,2,3,3,1,2,2,21,79.5,54.5,7.0,78.0,18.0,10.5,6.8,3.0,0.01,5.0,1
USR-3707,1,1,2,4,2,0,2,4,2,3,13,71.4,64.9,7.0,76.5,28.0,7.9,4.4,3.0,0.03,4.7,0
USR-3708,0,3,0,2,1,4,2,0,2,4,24,86.0,56.2,7.1,77.7,38.0,9.8,5.1,2.0,-0.45,7.9,2
USR-3709,2,4,3,3,0,1,4,1,3,1,22,66.1,53.1,5.7,71.8,28.0,10.4,6.9,3.0,0.11,6.7,2
USR-3710,3,1,3,4,2,1,2,2,3,3,20,72.9,63.8,4.4,81.7,30.0,10.0,6.3,5.0,0.19,4.6,1
USR-3711,2,4,2,1,0,3,1,4,4,1,26,85.6,49.8,6.5,82.0,18.0,9.2,5.2,3.0,-0.58,6.6,3
USR-3712,2,2,3,3,2,4,2,2,2,3,23,80.4,52.3,7.5,74.8,38.0,10.2,8.4,3.0,-0.23,4.5,1
USR-3713,2,4,2,2,2,2,2,2,2,3,23,83.9,45.7,7.5,81.3,37.0,10.2,5.3,4.0,-0.08,5.1,1
USR-3714,0,3,4,1,2,2,0,3,1,4,24,82.3,42.4,5.4,77.8,34.0,10.0,6.8,3.0,-0.09,6.1,3
USR-3715,2,2,4,2,1,2,3,4,3,4,23,79.5,26.0,6.1,67.6,27.0,10.7,7.9,4.0,0.32,6.1,3
USR-3716,3,1,2,0,4,2,1,3,1,0,17,73.4,68.6,7.6,79.8,32.0,9.5,6.0,3.0,-0.04,4.1,0
USR-3717,4,2,3,3,4,2,2,1,2,1,20,89.1,53.8,6.2,79.5,36.0,9.9,5.8,2.0,-0.03,3.0,1
USR-3718,4,0,4,1,1,1,3,2,2,3,23,87.8,48.0,6.6,77.7,46.0,11.1,4.4,3.0,0.04,6.0,2
USR-3719,0,1,2,2,2,3,2,0,3,2,21,80.9,38.1,6.1,77.1,55.0,9.2,7.7,5.0,-0.1,6.0,2
USR-3720,4,1,2,1,3,4,4,3,4,1,21,78.8,48.6,5.8,77.1,50.0,9.2,6.5,4.0,-0.13,6.1,2
USR-3721,3,2,3,4,0,2,2,1,4,1,24,83.7,43.8,5.7,74.0,39.0,10.6,4.6,3.0,-0.24,5.9,3
USR-3722,3,3,1,2,2,1,4,1,1,3,19,80.8,49.9,7.6,78.4,50.0,8.6,6.9,3.0,0.08,4.9,1
USR-3723,2,1,2,3,1,3,1,4,1,0,16,76.1,62.7,7.1,73.9,28.0,9.0,5.1,2.0,0.08,4.6,0
USR-3724,2,1,4,3,4,3,0,2,3,4,24,77.2,51.0,7.4,72.8,24.0,8.9,5.7,2.0,0.02,6.4,2
USR-3725,2,3,3,2,4,4,4,3,2,3,20,86.4,44.1,7.2,69.7,44.0,6.3,4.9,3.0,0.07,5.2,1
USR-3726,0,1,2,1,3,1,3,2,2,3,16,75.2,49.6,8.4,77.5,41.0,9.1,5.2,3.0,-0.46,2.5,0
USR-3727,1,0,1,3,2,1,1,0,3,0,16,84.1,49.6,7.8,77.0,46.0,6.5,5.8,4.0,-0.23,5.5,1
USR-3728,1,1,2,1,4,2,4,2,3,0,14,73.2,77.0,7.9,78.2,56.0,7.3,4.3,3.0,0.08,3.6,0
USR-3729,2,4,2,1,4,3,2,2,4,2,24,79.8,61.9,6.3,68.7,43.0,10.6,6.1,3.0,0.08,5.1,1
USR-3730,3,3,1,3,4,2,4,4,3,4,17,81.8,51.9,9.4,80.6,28.0,9.5,8.5,3.0,-0.04,4.3,0
USR-3731,2,2,3,1,1,3,2,2,2,2,24,82.5,34.2,6.5,72.4,33.0,11.0,6.5,4.0,-0.05,6.2,3
USR-3732,0,3,1,2,1,1,2,2,2,2,18,76.4,58.5,5.3,76.4,29.0,6.3,6.2,4.0,0.18,4.3,1
USR-3733,4,2,2,2,3,2,2,3,3,1,20,71.5,55.4,7.0,70.0,28.0,9.4,4.5,3.0,0.11,4.8,1
USR-3734,4,3,2,2,2,3,2,3,3,3,25,85.2,51.3,5.5,71.8,11.0,9.4,4.8,3.0,-0.26,6.1,2
USR-3735,3,3,4,3,0,2,2,3,3,3,26,80.3,53.4,7.0,78.2,32.0,11.1,7.7,1.0,-0.41,6.8,2
USR-3736,4,3,2,3,0,3,2,4,4,1,24,78.8,53.6,7.0,79.8,12.0,11.4,7.2,1.0,-0.38,5.5,2
USR-3737,2,1,0,3,4,2,0,3,3,2,16,71.5,51.1,6.9,81.9,47.0,6.8,6.7,3.0,0.71,4.7,0
USR-3738,4,0,0,3,4,2,1,2,2,3,17,77.1,61.1,6.3,77.8,57.0,8.6,5.0,2.0,0.18,3.5,1
USR-3739,0,2,3,2,2,2,1,3,3,2,20,69.8,61.8,6.9,79.8,44.0,10.0,6.8,3.0,0.37,6.9,1
USR-3740,2,4,3,2,4,2,4,2,3,3,21,77.3,48.0,6.1,72.9,37.0,8.7,3.1,3.0,-0.2,6.3,2
USR-3741,1,3,2,2,3,0,3,1,0,3,16,78.9,62.4,7.7,78.5,60.0,10.5,5.5,3.0,0.37,4.2,0
USR-3742,1,3,2,2,3,3,3,2,2,3,20,71.3,50.6,7.2,73.3,41.0,8.5,6.5,4.0,-0.1,5.5,1
USR-3743,1,4,0,4,2,4,4,1,3,3,20,78.4,71.0,9.1,81.5,27.0,8.6,4.8,3.0,-0.01,4.3,0
USR-3744,3,1,2,3,1,2,3,1,2,4,22,76.1,41.9,6.2,79.4,37.0,8.0,6.8,2.0,-0.12,6.1,2
USR-3745,3,3,2,1,2,0,4,1,3,4,23,78.1,60.5,6.2,74.6,58.0,9.6,5.7,2.0,-0.27,6.6,2
USR-3746,3,3,1,0,2,4,2,0,2,2,27,91.9,32.9,6.0,80.4,17.0,6.4,6.3,2.0,-0.38,7.0,3
USR-3747,1,4,1,0,2,1,1,4,4,1,21,70.1,68.1,6.6,78.3,20.0,8.9,5.4,3.0,-0.04,6.2,1
USR-3748,3,4,1,1,1,1,2,4,2,3,22,83.1,43.4,7.4,77.3,43.0,10.8,7.3,4.0,-0.18,5.7,2
USR-3749,3,3,1,1,4,2,2,3,0,1,16,71.6,61.5,6.9,81.2,39.0,6.7,4.5,2.0,0.15,4.3,1
USR-3750,2,1,3,2,1,3,4,4,2,4,20,74.9,42.0,8.3,70.7,31.0,7.1,4.9,3.0,-0.17,4.7,1
USR-3751,3,3,1,4,1,2,2,1,2,0,19,71.1,45.5,7.3,73.3,24.0,10.2,4.5,4.0,0.17,5.5,1
USR-3752,1,1,1,3,2,3,2,4,2,4,17,78.6,65.9,6.6,79.0,17.0,10.1,4.8,4.0,-0.0,3.9,0
USR-3753,2,3,1,1,2,2,3,2,1,3,20,76.5,63.2,6.2,76.8,20.0,7.4,5.7,3.0,0.33,5.6,1
USR-3754,4,4,4,2,2,1,2,0,3,3,29,83.8,45.7,6.8,73.2,47.0,12.4,7.3,4.0,-0.28,7.4,3
USR-3755,2,2,4,2,3,2,1,1,2,2,23,80.7,57.2,6.5,71.4,34.0,10.0,5.1,2.0,-0.11,7.0,2
USR-3756,2,3,1,3,2,3,3,2,3,4,22,78.4,60.9,6.6,75.9,12.0,10.6,6.1,3.0,0.26,6.1,2
USR-3757,4,2,2,3,3,3,4,0,3,1,21,68.4,48.3,6.2,76.7,51.0,8.2,6.2,2.0,-0.13,4.1,1
USR-3758,3,2,1,4,3,1,4,2,3,1,14,69.8,51.3,7.2,82.1,59.0,9.9,3.8,4.0,0.1,3.4,1
USR-3759,0,2,2,2,0,1,3,0,2,0,18,80.2,57.4,6.4,78.6,55.0,8.4,5.3,6.0,-0.08,4.3,1
USR-3760,1,3,0,3,3,3,2,1,3,4,21,70.8,49.1,7.8,69.2,31.0,8.8,5.5,5.0,0.01,4.9,1
USR-3761,0,4,3,1,4,3,0,1,2,2,24,75.6,53.1,7.0,62.7,30.0,10.2,6.1,4.0,-0.27,6.9,2
USR-3762,3,4,2,3,0,2,2,4,4,3,25,79.7,53.1,6.2,68.5,34.0,9.3,5.6,2.0,0.01,4.5,2
USR-3763,2,1,4,1,2,3,3,1,4,3,26,79.1,42.0,6.1,69.8,48.0,8.1,6.1,3.0,-0.19,7.7,3
USR-3764,1,4,1,2,4,1,2,1,2,4,20,77.4,60.6,6.8,71.1,31.0,9.2,5.5,4.0,0.17,6.0,1
USR-3765,4,3,3,3,2,2,1,3,0,3,22,73.8,57.7,6.6,75.2,26.0,8.9,7.6,4.0,0.09,5.8,1
USR-3766,2,1,3,1,2,0,4,4,1,3,15,71.2,67.0,6.4,86.2,51.0,7.3,4.9,4.0,0.05,4.5,0
USR-3767,1,0,1,0,4,3,3,2,2,3,17,74.6,55.5,5.5,82.9,55.0,10.0,6.5,4.0,-0.06,4.7,1
USR-3768,2,1,2,0,1,2,3,4,3,3,21,81.6,60.0,6.0,78.6,36.0,12.0,7.0,4.0,-0.1,5.6,1
USR-3769,3,4,1,0,0,3,1,2,3,1,28,90.7,49.2,5.9,75.9,37.0,9.1,5.2,4.0,-0.24,7.9,3
USR-3770,0,3,1,0,4,3,1,1,2,1,20,76.2,60.1,6.2,72.4,39.0,9.2,5.2,2.0,0.07,5.1,1
USR-3771,1,3,1,1,4,3,1,2,3,0,19,86.1,69.7,7.5,75.5,36.0,8.4,6.8,4.0,0.12,5.5,1
USR-3772,3,1,2,1,2,2,3,3,4,2,21,77.5,56.4,6.5,79.3,26.0,11.9,5.8,4.0,-0.04,4.8,1
USR-3773,2,3,2,1,2,1,1,2,3,2,23,84.3,46.4,8.0,72.4,20.0,10.0,5.8,3.0,-0.23,6.3,2
USR-3774,2,0,4,4,3,4,4,3,1,3,16,83.7,51.1,6.7,77.9,35.0,9.5,5.8,5.0,0.0,4.2,1
USR-3775,2,2,1,2,3,3,4,1,3,4,21,79.1,62.8,6.8,85.6,25.0,10.6,6.7,3.0,0.07,5.8,1
USR-3776,0,3,4,1,1,3,2,3,2,2,23,73.3,54.1,6.3,75.2,38.0,9.6,5.8,4.0,-0.22,5.2,2
USR-3777,1,1,1,2,0,0,2,2,4,3,20,78.0,68.4,7.1,85.8,52.0,8.8,5.2,3.0,0.11,5.6,1
USR-3778,2,3,3,4,2,2,3,2,2,2,19,73.6,40.0,7.7,68.6,41.0,10.7,3.0,4.0,0.15,5.0,1
USR-3779,1,1,2,3,4,3,4,2,2,1,13,70.0,71.0,7.8,79.1,34.0,8.9,4.7,4.0,0.52,5.0,0
USR-3780,0,3,1,2,4,0,4,3,3,3,13,81.3,61.7,5.7,84.3,56.0,6.9,4.2,5.0,0.11,4.0,0
USR-3781,4,2,4,3,4,3,0,1,2,4,27,77.5,43.4,6.5,72.2,33.0,9.2,5.4,3.0,-0.28,7.1,3
USR-3782,4,3,2,3,4,2,1,3,3,1,20,79.0,48.9,5.9,66.7,43.0,8.5,5.3,3.0,-0.46,4.9,1
USR-3783,3,1,3,3,3,0,3,3,0,2,13,67.0,70.9,7.1,81.1,39.0,9.3,4.2,4.0,0.02,4.0,0
USR-3784,4,0,3,3,2,1,3,1,3,0,18,74.2,62.4,7.5,90.9,53.0,10.5,5.4,3.0,-0.13,5.2,1
USR-3785,1,4,2,4,3,2,1,4,1,2,16,77.7,50.9,6.2,81.2,56.0,11.0,4.7,4.0,0.22,4.1,1
USR-3786,4,1,2,4,3,1,2,3,2,3,17,76.5,60.1,7.9,82.3,39.0,7.7,5.6,3.0,0.45,4.3,1
USR-3787,1,3,3,3,2,3,3,2,3,4,23,79.0,56.9,6.2,71.5,43.0,9.6,6.0,3.0,0.03,5.2,2
USR-3788,4,4,0,2,0,1,1,1,1,3,25,78.6,50.2,8.0,74.5,45.0,9.3,7.4,4.0,0.05,6.3,2
USR-3789,4,1,3,3,4,1,4,2,2,2,16,75.6,68.9,7.2,79.9,36.0,8.2,4.5,5.0,-0.02,3.9,0
USR-3790,3,1,4,3,2,4,0,1,3,4,29,93.9,41.4,7.3,75.8,26.0,11.5,8.4,1.0,-0.51,7.4,3
USR-3791,4,3,0,0,2,2,3,2,3,2,23,75.6,33.2,7.4,80.2,35.0,9.4,6.9,2.0,-0.14,5.3,2
USR-3792,3,4,1,4,3,2,3,2,0,3,17,84.4,60.2,6.5,81.3,28.0,10.1,6.6,3.0,-0.03,4.5,1
USR-3793,1,4,3,1,3,3,2,3,3,2,23,86.1,52.7,5.4,75.1,39.0,8.8,6.1,2.0,-0.26,5.1,2
USR-3794,2,2,2,2,1,4,3,1,1,4,24,87.8,52.5,6.5,65.6,45.0,10.5,5.7,2.0,-0.08,7.0,2
USR-3795,3,3,2,4,3,0,3,3,1,3,15,74.7,70.1,6.7,72.2,41.0,7.7,4.3,4.0,-0.09,4.2,0
USR-3796,0,1,1,1,2,2,4,2,2,4,17,80.7,43.1,8.3,79.7,45.0,6.3,6.9,3.0,0.26,4.6,1
USR-3797,3,4,2,2,1,3,2,2,1,1,23,75.1,49.3,6.3,79.1,51.0,8.2,7.0,2.0,-0.17,6.4,2
USR-3798,4,4,1,1,2,2,3,3,4,3,25,78.5,41.4,6.1,79.9,27.0,9.9,5.1,4.0,-0.16,7.7,3
USR-3799,1,1,2,2,3,3,3,3,1,3,16,77.8,50.3,6.0,75.6,46.0,10.7,6.0,3.0,0.14,4.5,1
USR-3800,3,2,3,1,4,4,2,2,3,3,25,83.4,48.2,6.6,65.7,25.0,9.2,5.3,2.0,-0.24,5.1,2
USR-3801,4,1,1,2,3,4,4,2,3,2,20,76.8,60.6,5.8,81.7,30.0,8.8,5.8,4.0,0.25,6.2,1
USR-3802,4,1,2,2,4,1,0,2,4,0,20,65.0,57.4,7.1,72.9,42.0,9.6,6.3,4.0,-0.32,4.2,1
USR-3803,4,3,4,4,1,1,2,3,2,1,21,76.2,48.2,7.1,68.4,39.0,8.4,7.1,3.0,0.23,5.1,1
USR-3804,2,2,3,4,0,4,2,2,4,2,25,76.0,47.6,5.7,70.8,39.0,9.2,6.4,2.0,-0.22,7.3,3
USR-3805,4,0,4,1,2,2,1,3,4,4,27,86.1,53.7,6.9,69.2,31.0,10.1,6.2,3.0,-0.03,6.5,2
USR-3806,3,2,2,3,2,1,4,3,1,4,17,73.9,64.2,6.8,85.9,46.0,8.0,5.2,3.0,0.13,4.2,1
USR-3807,1,4,3,0,3,3,3,1,2,1,23,77.0,46.8,5.3,79.1,54.0,7.3,6.9,3.0,0.08,6.1,2
USR-3808,2,3,0,0,3,2,2,2,0,4,20,90.7,50.1,8.0,73.3,50.0,8.2,6.3,2.0,-0.02,5.3,1
USR-3809,3,2,1,1,4,1,3,1,3,1,18,80.9,43.8,6.2,85.5,44.0,9.4,5.2,4.0,0.11,4.3,1
USR-3810,1,1,1,4,1,4,2,2,3,2,19,81.9,52.8,7.2,78.4,45.0,9.6,3.5,5.0,0.25,5.7,1
USR-3811,3,4,2,4,2,1,2,2,1,1,18,86.8,43.6,7.3,83.8,36.0,10.3,2.8,4.0,0.08,5.8,1
USR-3812,3,3,4,1,2,0,0,2,3,4,28,88.5,61.5,6.4,77.6,27.0,11.7,6.7,2.0,0.03,8.1,3
USR-3813,1,2,2,1,1,1,2,3,0,3,18,71.9,50.7,7.2,77.2,46.0,7.6,4.1,4.0,0.13,5.3,1
USR-3814,3,0,3,1,3,3,1,1,3,2,24,76.6,58.9,5.6,76.9,34.0,8.7,5.5,3.0,-0.27,5.5,2
USR-3815,3,0,3,2,2,1,3,4,0,3,15,77.9,75.8,8.5,78.7,53.0,7.4,4.6,3.0,0.08,3.2,0
USR-3816,2,1,3,3,2,2,2,2,3,1,19,66.3,58.0,7.6,82.4,54.0,8.7,7.5,4.0,0.21,3.2,0
USR-3817,0,3,2,1,2,3,2,2,0,2,19,76.2,55.4,7.2,78.2,37.0,8.1,5.5,3.0,-0.22,5.9,1
USR-3818,0,4,3,3,0,4,2,3,1,2,22,68.4,41.9,5.5,80.3,11.0,9.1,6.5,2.0,0.1,5.8,2
USR-3819,2,2,2,2,2,1,1,3,3,1,19,77.1,52.2,6.1,85.4,63.0,7.8,5.9,3.0,-0.04,4.7,1
USR-3820,4,4,0,4,2,3,4,2,2,4,21,82.6,66.6,7.2,79.0,29.0,10.1,3.2,4.0,-0.29,3.9,1
USR-3821,1,2,4,3,0,1,0,3,2,3,23,81.5,54.1,4.9,74.3,36.0,8.3,5.5,3.0,-0.05,4.9,2
USR-3822,3,3,1,2,2,3,4,4,4,1,19,81.3,56.5,7.1,77.4,47.0,7.7,4.2,2.0,-0.11,3.6,1
USR-3823,1,3,0,3,1,2,2,3,0,1,14,82.1,73.0,6.2,66.7,61.0,8.7,6.5,3.0,0.07,5.1,0
USR-3824,2,1,4,3,2,1,3,0,3,0,19,75.9,61.8,6.1,74.2,60.0,9.7,3.6,4.0,-0.1,5.5,1
USR-3825,4,2,2,2,1,3,2,3,0,2,21,92.4,52.6,5.5,80.9,32.0,8.9,5.2,3.0,-0.01,4.4,1
USR-3826,3,3,3,2,2,1,4,3,1,2,18,76.8,59.2,7.1,83.3,54.0,9.7,5.0,3.0,-0.02,6.1,1
USR-3827,0,0,2,4,3,1,2,3,1,1,9,72.6,62.6,8.6,81.6,52.0,8.3,3.1,4.0,0.41,2.3,0
USR-3828,2,2,2,1,3,2,3,3,4,3,21,75.3,49.3,6.9,77.1,69.0,11.4,5.7,4.0,0.17,5.7,2
USR-3829,0,2,1,0,3,3,4,4,1,2,14,80.3,60.8,7.6,80.6,57.0,9.0,4.7,5.0,0.29,4.3,0
USR-3830,2,4,2,2,2,1,4,2,4,2,21,83.6,58.2,6.8,79.7,34.0,11.2,5.8,2.0,0.33,5.4,1
USR-3831,3,2,2,3,2,1,2,0,4,4,25,89.2,38.8,6.9,84.3,22.0,9.8,6.6,4.0,0.26,6.1,2
USR-3832,1,3,3,3,3,0,4,2,2,1,14,72.5,63.1,7.6,85.0,13.0,9.8,5.0,4.0,0.12,4.0,0
USR-3833,2,2,2,4,2,2,3,0,3,2,20,71.2,51.9,4.6,73.6,46.0,10.7,5.9,5.0,-0.23,5.0,2
USR-3834,2,3,4,2,3,2,1,2,3,2,24,83.3,42.8,7.1,73.6,45.0,9.4,7.1,3.0,-0.18,6.3,2
USR-3835,4,3,0,1,2,1,2,3,2,1,19,68.1,53.2,7.5,84.8,48.0,8.0,3.7,4.0,0.05,5.3,1
USR-3836,4,4,2,3,2,0,2,2,1,1,19,74.9,37.7,6.5,70.7,10.0,8.2,6.1,4.0,0.48,4.6,1
USR-3837,0,2,3,3,3,2,2,3,2,2,16,75.0,53.9,5.5,76.9,27.0,8.9,4.0,3.0,0.05,5.3,1
USR-3838,3,3,4,0,1,3,3,3,3,4,29,97.3,35.0,6.2,73.8,33.0,9.0,6.0,3.0,-0.21,6.5,3
USR-3839,2,3,0,1,2,3,3,2,3,3,22,80.8,50.3,6.8,82.0,57.0,8.8,5.9,4.0,-0.2,6.0,2
USR-3840,2,2,3,0,1,4,0,4,1,3,26,83.4,29.3,5.9,75.5,30.0,11.3,6.7,2.0,-0.25,6.3,3
USR-3841,3,1,4,3,2,0,4,0,1,2,18,75.4,59.0,7.1,75.5,53.0,9.5,5.8,4.0,-0.18,4.1,1
USR-3842,4,0,1,4,1,4,2,4,4,2,20,70.8,62.3,7.6,79.7,25.0,6.2,4.6,5.0,-0.29,5.0,1
USR-3843,4,0,4,3,3,2,4,3,0,1,14,72.7,61.6,9.2,83.6,47.0,6.5,6.4,3.0,0.45,3.4,0
USR-3844,3,4,0,4,3,4,4,2,3,0,17,75.4,62.7,7.1,81.0,38.0,11.1,4.7,4.0,0.3,5.1,1
USR-3845,2,1,3,0,3,1,4,2,0,2,16,69.2,55.9,7.4,79.5,56.0,9.8,4.3,3.0,0.05,4.3,1
USR-3846,3,1,4,4,2,2,3,2,3,2,20,71.6,42.6,6.1,77.3,31.0,8.3,4.2,3.0,0.21,6.3,2
USR-3847,1,3,3,3,4,2,1,3,4,0,18,73.3,57.5,6.5,74.0,60.0,6.9,3.9,4.0,-0.2,4.1,1
USR-3848,3,2,2,2,3,2,2,3,2,0,17,75.2,64.2,6.9,91.7,37.0,7.1,3.7,4.0,0.06,2.9,0
USR-3849,2,2,0,4,2,4,1,2,0,1,16,71.7,49.4,8.0,80.8,29.0,9.0,5.3,3.0,0.15,4.7,1
USR-3850,3,1,4,2,3,3,1,3,2,2,22,74.0,48.8,7.2,78.2,23.0,11.7,6.4,4.0,0.19,7.1,2
USR-3851,1,4,2,4,3,4,3,1,2,2,20,78.9,53.0,8.3,75.9,30.0,11.3,4.6,3.0,0.04,5.6,1
USR-3852,1,4,0,4,3,3,0,2,2,1,18,78.4,80.3,5.7,82.7,44.0,6.8,4.1,3.0,0.17,4.1,1
USR-3853,4,4,3,3,1,2,4,4,3,1,21,79.0,55.5,5.6,69.8,29.0,8.8,5.4,4.0,-0.12,4.6,2
USR-3854,1,2,2,3,2,0,4,1,1,1,13,68.6,48.5,8.2,73.5,36.0,6.9,4.7,3.0,0.26,5.4,0
USR-3855,2,3,1,1,4,4,2,4,2,0,17,77.8,41.5,8.2,79.1,52.0,8.7,5.4,4.0,0.34,4.3,1
USR-3856,1,1,1,2,2,2,2,3,3,2,17,73.9,64.6,7.0,89.5,2.0,7.0,4.2,4.0,-0.23,3.8,1
USR-3857,0,0,0,2,3,3,2,4,3,0,11,63.7,86.1,4.0,89.8,42.0,7.0,4.2,4.0,0.5,4.3,0
USR-3858,0,0,3,3,3,2,4,1,2,3,15,78.3,59.0,6.6,76.7,27.0,7.2,6.4,3.0,0.11,4.1,0
USR-3859,1,3,3,3,4,2,3,1,3,2,19,78.4,53.5,7.1,80.3,28.0,9.5,4.2,3.0,-0.25,3.4,1
USR-3860,4,2,2,4,2,4,1,0,3,2,26,82.2,50.9,5.5,69.3,34.0,9.3,6.2,1.0,-0.23,8.2,3
USR-3861,2,2,3,0,3,1,2,3,3,1,20,69.6,48.6,6.9,79.1,35.0,8.6,6.0,4.0,0.26,5.7,1
USR-3862,4,0,4,3,1,2,2,3,1,1,19,72.9,35.9,8.4,80.3,35.0,9.5,4.4,4.0,-0.07,3.8,1
USR-3863,3,2,3,4,3,1,4,1,0,1,14,82.3,70.8,8.4,86.1,59.0,10.1,5.4,4.0,0.24,5.1,0
USR-3864,2,3,0,3,3,3,1,3,3,4,21,70.8,48.8,7.3,68.4,36.0,11.7,4.3,2.0,-0.35,4.6,1
USR-3865,3,2,3,1,0,0,0,2,3,3,27,82.4,54.7,6.1,65.4,51.0,10.6,7.0,4.0,-0.58,5.9,2
USR-3866,2,3,2,0,3,0,4,1,3,0,18,75.7,51.4,6.5,78.1,48.0,8.6,5.3,3.0,-0.16,4.1,1
USR-3867,3,1,3,0,2,2,4,2,0,3,20,79.1,56.0,7.4,71.8,26.0,10.6,4.1,4.0,0.2,6.8,1
USR-3868,2,3,3,3,1,2,4,0,3,1,22,71.8,59.3,6.6,70.0,58.0,10.7,6.4,3.0,-0.07,7.3,2
USR-3869,2,3,2,3,2,2,2,1,3,1,21,79.2,62.3,6.7,77.6,40.0,10.2,4.7,2.0,0.19,5.0,1
USR-3870,4,1,4,4,1,0,3,2,2,3,20,69.1,56.9,5.5,72.4,60.0,7.1,5.3,4.0,0.23,6.6,2
USR-3871,4,1,1,2,2,4,3,4,1,1,17,75.4,60.2,6.4,90.5,38.0,10.0,5.8,4.0,-0.06,2.8,0
USR-3872,4,3,3,2,2,4,0,3,3,2,28,81.2,50.0,6.7,68.3,32.0,10.6,5.5,3.0,0.07,7.7,3
USR-3873,2,3,0,3,3,1,3,2,3,3,17,70.5,62.5,6.1,77.9,46.0,7.5,4.6,4.0,-0.02,5.7,1
USR-3874,3,2,4,3,3,3,0,3,0,2,21,82.5,43.4,6.9,77.7,34.0,8.3,6.8,2.0,0.17,6.7,2
USR-3875,2,1,1,4,3,3,2,3,3,4,18,74.6,47.3,7.3,71.0,55.0,9.4,3.2,4.0,0.25,4.9,1
USR-3876,2,4,0,3,0,1,4,2,3,3,20,79.9,38.1,7.1,79.5,61.0,6.0,6.9,5.0,0.01,5.7,1
USR-3877,1,3,2,2,4,1,2,3,3,3,18,78.3,63.6,7.4,80.2,12.0,8.5,3.8,4.0,0.07,4.3,0
USR-3878,3,2,2,3,3,2,4,3,3,2,17,81.2,55.6,7.5,77.5,51.0,7.8,4.4,4.0,0.15,4.6,1
USR-3879,1,2,1,4,0,2,1,3,3,0,17,68.8,65.3,6.5,80.6,30.0,7.6,5.4,3.0,0.11,4.5,1
USR-3880,2,1,3,2,3,2,2,3,1,3,18,80.3,60.7,5.8,80.6,9.0,8.2,5.9,2.0,-0.02,4.6,1
USR-3881,4,3,2,1,1,3,3,3,1,4,25,82.0,40.7,5.6,80.4,38.0,8.0,6.4,3.0,-0.25,7.2,3
USR-3882,1,2,0,1,3,2,3,2,3,2,17,73.0,57.8,7.6,91.8,47.0,9.8,5.2,5.0,0.01,4.8,1
USR-3883,0,4,2,0,2,3,2,4,0,4,21,72.6,50.1,5.7,70.9,45.0,6.6,5.2,4.0,0.21,6.8,2
USR-3884,0,2,3,3,2,1,4,1,3,1,16,77.0,55.1,6.3,73.5,46.0,8.6,6.6,4.0,-0.2,4.6,1
USR-3885,4,2,3,1,4,2,0,4,3,2,23,75.5,58.6,5.7,75.3,45.0,8.4,6.6,3.0,-0.19,7.6,2
USR-3886,2,3,3,1,2,2,4,2,1,1,19,79.2,76.3,5.4,67.4,31.0,11.2,6.6,2.0,-0.04,6.0,1
USR-3887,2,4,3,2,0,2,1,1,3,2,28,94.1,53.9,5.1,74.2,32.0,10.2,6.1,3.0,-0.29,6.9,3
USR-3888,3,3,2,3,4,3,4,3,2,3,18,80.6,57.3,7.7,79.1,48.0,6.2,2.9,3.0,0.12,5.0,1
USR-3889,3,2,0,2,4,3,2,2,1,2,17,81.8,68.8,6.4,81.1,57.0,9.2,6.1,4.0,-0.18,3.9,0
USR-3890,2,3,1,3,3,2,3,3,2,4,18,72.2,71.2,5.5,77.0,40.0,7.4,5.6,3.0,0.27,5.0,1
USR-3891,3,3,3,0,2,3,3,2,4,2,27,87.4,35.1,5.7,73.0,27.0,11.2,6.6,2.0,-0.03,6.0,3
USR-3892,3,2,4,1,0,4,1,3,2,2,28,78.8,54.8,6.5,73.4,28.0,10.9,5.9,3.0,-0.11,8.0,3
USR-3893,3,1,2,2,3,3,4,2,3,3,20,76.3,61.2,5.3,78.0,23.0,10.8,5.2,5.0,-0.04,5.0,1
USR-3894,1,2,0,2,0,1,1,1,0,1,17,83.6,68.3,7.8,72.5,50.0,8.8,4.5,3.0,-0.06,4.9,0
USR-3895,4,1,1,2,0,3,1,2,0,3,23,77.1,57.8,5.3,75.6,17.0,10.4,5.9,4.0,-0.16,4.1,1
USR-3896,2,4,2,0,2,1,3,3,0,1,18,81.3,55.7,6.6,87.8,44.0,8.8,4.1,2.0,0.07,4.6,1
USR-3897,2,2,3,4,1,4,1,3,3,2,23,85.2,67.5,6.2,76.0,35.0,8.7,6.6,3.0,0.04,5.6,2
USR-3898,2,4,0,3,0,2,1,3,2,3,22,84.6,55.2,6.1,76.2,17.0,10.6,7.8,2.0,-0.08,6.4,2
USR-3899,0,2,4,1,2,2,2,4,1,4,20,71.2,51.5,6.7,84.8,20.0,7.5,4.9,3.0,0.07,5.7,1
USR-3900,1,3,2,0,1,0,3,3,3,3,21,81.0,57.8,7.3,72.5,26.0,9.1,4.0,4.0,-0.12,6.3,1
USR-3901,3,2,4,4,1,2,1,4,1,3,21,77.6,61.5,6.6,80.7,32.0,8.5,5.5,4.0,0.03,5.8,1
USR-3902,0,1,3,3,0,4,2,1,1,3,22,84.7,53.3,6.1,72.8,53.0,10.3,6.1,2.0,-0.11,6.7,2
USR-3903,2,2,3,2,1,0,3,0,2,1,20,69.2,58.1,7.1,82.4,36.0,7.9,6.0,4.0,0.05,5.6,1
USR-3904,2,0,3,3,3,2,4,2,2,3,16,75.8,60.7,7.3,84.0,49.0,7.9,6.6,5.0,-0.23,3.3,0
USR-3905,0,3,3,3,3,4,4,1,3,2,20,78.6,49.7,6.2,74.9,53.0,9.1,6.3,4.0,0.1,5.2,1
USR-3906,4,2,3,3,2,2,3,2,2,1,20,67.5,48.4,6.8,75.7,50.0,10.8,3.7,3.0,0.11,5.2,1
USR-3907,1,3,3,2,2,2,3,2,2,2,20,73.1,43.8,6.1,81.9,37.0,8.4,4.3,3.0,0.11,2.6,1
USR-3908,2,1,2,2,0,3,2,3,4,1,22,70.1,64.6,5.9,66.2,27.0,8.8,6.2,3.0,-0.26,4.9,1
USR-3909,2,1,4,0,0,2,1,3,4,1,26,79.1,45.7,6.9,70.3,37.0,8.3,5.8,2.0,-0.32,8.2,3
USR-3910,1,2,3,4,1,1,3,4,3,2,16,76.7,32.6,7.5,83.1,34.0,7.2,6.5,4.0,-0.05,4.2,1
USR-3911,0,4,3,3,2,0,4,4,4,1,15,74.1,64.4,7.8,79.2,65.0,8.7,3.9,3.0,0.22,4.1,0
USR-3912,3,3,4,1,3,3,3,1,3,3,27,84.5,49.3,6.6,72.4,40.0,10.1,7.3,3.0,-0.08,5.0,2
USR-3913,4,2,1,4,3,4,0,2,3,3,24,75.8,35.1,5.7,63.8,36.0,9.7,5.4,3.0,-0.26,5.0,3
USR-3914,1,2,0,4,2,1,2,1,2,3,16,79.6,53.3,7.9,75.7,48.0,10.5,5.3,4.0,0.38,4.8,0
USR-3915,3,0,2,4,1,1,3,1,3,2,18,75.7,50.5,6.7,81.9,42.0,6.7,4.4,2.0,0.32,4.5,1
USR-3916,3,4,2,4,3,2,3,2,2,3,20,77.7,49.1,7.5,73.2,33.0,11.8,6.1,3.0,0.03,4.4,1
USR-3917,4,3,3,4,2,3,3,2,1,1,20,82.2,64.7,6.6,70.5,43.0,10.4,6.6,3.0,0.07,6.3,1
USR-3918,2,2,2,1,3,1,2,1,3,3,22,74.3,51.3,6.8,80.8,32.0,8.9,6.0,5.0,-0.4,5.1,1
USR-3919,2,3,3,4,2,4,1,3,3,1,22,80.4,49.1,6.8,78.1,58.0,9.8,7.7,2.0,-0.17,4.6,1
USR-3920,2,1,2,3,3,0,4,3,3,2,13,73.5,72.7,8.0,76.8,37.0,7.1,3.9,4.0,-0.04,3.8,0
USR-3921,3,4,0,1,4,4,3,0,1,2,22,76.5,56.5,5.3,76.2,41.0,9.7,5.8,3.0,-0.24,5.0,2
USR-3922,3,1,3,0,4,3,1,2,1,3,23,83.4,37.3,5.2,69.5,25.0,12.0,6.7,2.0,0.01,5.2,3
USR-3923,1,3,3,4,2,3,2,4,2,4,20,79.9,50.1,7.3,76.2,28.0,8.2,4.6,5.0,0.15,5.2,1
USR-3924,2,1,1,2,2,2,4,2,2,3,17,74.4,61.3,7.3,80.1,19.0,8.3,5.2,5.0,0.25,4.1,0
USR-3925,4,3,3,4,1,3,4,2,1,1,20,76.8,47.5,6.1,73.0,42.0,8.1,6.2,3.0,0.05,3.9,1
USR-3926,3,3,3,0,4,1,2,1,2,1,22,81.9,68.7,6.9,79.2,29.0,8.6,6.7,3.0,0.04,6.1,1
USR-3927,4,3,1,0,2,0,0,1,1,4,26,86.7,48.4,5.1,77.0,44.0,9.4,7.4,4.0,-0.5,7.2,3
USR-3928,3,3,1,2,1,2,0,0,1,2,25,82.2,42.7,8.9,74.6,37.0,8.4,5.3,4.0,-0.41,6.1,2
USR-3929,2,4,4,1,2,4,2,3,3,4,29,91.0,34.8,7.0,72.3,29.0,10.0,6.9,2.0,-0.31,7.7,3
USR-3930,3,0,2,3,1,3,3,0,4,2,23,83.4,58.7,7.0,67.5,17.0,9.5,4.6,3.0,0.03,5.6,2
USR-3931,3,2,1,3,2,2,3,2,0,4,18,66.8,52.3,7.0,85.3,47.0,8.2,4.5,2.0,-0.03,3.3,0
USR-3932,0,1,1,0,3,3,3,0,3,4,22,72.2,55.5,6.1,75.0,27.0,6.5,5.6,5.0,-0.33,6.4,2
USR-3933,2,4,3,1,2,1,3,3,0,3,20,83.4,45.8,5.7,72.3,20.0,8.8,6.6,3.0,-0.14,5.2,1
USR-3934,3,2,3,2,0,4,0,0,0,0,26,81.5,48.1,6.1,73.2,36.0,9.8,6.8,3.0,-0.37,6.6,3
USR-3935,1,3,3,1,4,3,1,2,3,2,23,80.9,46.2,5.8,78.5,19.0,11.7,5.9,2.0,-0.43,5.8,2
USR-3936,3,3,0,3,3,3,2,3,3,4,21,84.1,51.2,6.0,78.8,11.0,9.2,6.1,2.0,0.41,5.3,1
USR-3937,3,1,4,2,3,2,1,2,3,4,25,81.8,42.4,5.2,67.8,47.0,10.9,6.6,3.0,0.1,6.4,3
USR-3938,4,1,2,0,2,4,0,2,2,1,26,82.9,55.7,6.4,76.3,24.0,9.4,6.6,4.0,-0.58,6.7,2
USR-3939,0,2,2,2,3,4,3,1,4,2,21,74.0,49.8,6.4,75.9,15.0,10.7,5.0,3.0,-0.41,6.5,2
USR-3940,1,2,2,0,2,3,3,3,1,3,20,79.3,53.9,7.2,79.5,26.0,7.9,4.5,2.0,-0.16,5.6,1
USR-3941,3,1,2,1,1,2,3,4,1,3,19,79.6,55.5,7.2,73.7,30.0,9.5,5.2,4.0,-0.27,6.0,1
USR-3942,2,0,4,1,1,3,3,2,1,4,23,77.2,64.1,6.7,80.0,48.0,10.5,5.1,4.0,0.39,7.1,1
USR-3943,3,4,4,4,2,3,3,0,3,3,27,79.0,53.4,8.3,72.7,10.0,10.9,7.0,2.0,-0.37,5.4,2
USR-3944,3,4,2,4,1,2,3,0,1,4,24,94.1,56.3,7.1,79.9,17.0,12.2,7.5,3.0,-0.05,7.1,2
USR-3945,1,2,4,3,4,2,1,3,1,1,16,73.5,47.4,6.1,72.3,54.0,7.7,5.6,4.0,0.02,4.9,1
USR-3946,2,2,3,2,0,2,4,2,3,1,21,75.0,48.5,7.0,69.2,31.0,10.8,3.8,4.0,-0.26,5.9,1
USR-3947,2,0,4,1,2,3,1,3,0,0,18,79.3,67.0,6.9,77.3,42.0,10.1,4.6,3.0,0.27,5.6,1
USR-3948,2,3,1,2,2,2,1,3,0,4,20,77.2,45.6,5.7,84.3,32.0,9.1,5.5,4.0,0.13,5.0,2
USR-3949,4,3,3,3,2,1,2,4,1,2,19,71.2,56.9,5.7,87.6,63.0,11.1,3.9,4.0,0.02,5.5,1
USR-3950,3,1,1,4,3,3,4,4,0,0,9,70.3,60.2,8.1,80.8,34.0,7.2,4.2,4.0,0.81,2.1,0
USR-3951,3,1,3,1,1,2,4,3,3,2,21,74.1,46.0,7.2,76.5,40.0,9.2,6.1,4.0,0.02,4.3,1
USR-3952,3,3,0,0,3,0,3,2,3,2,19,84.5,69.7,6.0,78.5,57.0,8.8,6.8,4.0,-0.06,5.5,1
USR-3953,2,3,3,3,2,2,3,2,1,3,20,80.0,60.8,7.5,80.6,33.0,7.5,7.3,2.0,0.38,5.2,1
USR-3954,4,0,2,3,3,4,2,2,1,3,20,76.1,62.9,7.0,81.4,28.0,9.9,4.3,4.0,0.08,5.2,1
USR-3955,3,3,2,4,3,3,4,2,3,3,20,78.0,61.3,7.7,71.4,47.0,9.7,5.4,4.0,0.33,4.6,1
USR-3956,3,2,3,3,4,2,3,3,2,0,15,77.6,60.1,8.1,81.1,55.0,8.1,4.8,5.0,0.14,4.5,0
USR-3957,4,2,4,4,3,4,4,1,3,4,25,82.8,43.2,6.2,63.2,22.0,11.9,5.4,3.0,-0.75,6.0,2
USR-3958,1,3,3,2,3,0,2,3,2,1,16,84.6,56.8,8.4,84.1,60.0,7.9,5.1,4.0,-0.19,4.4,0
USR-3959,3,3,4,4,2,4,2,2,1,3,24,86.7,48.5,5.5,72.3,34.0,7.5,5.9,3.0,0.1,5.7,3
USR-3960,1,2,1,4,2,1,4,3,4,0,12,72.9,79.2,9.4,77.0,53.0,10.1,5.1,4.0,0.12,2.9,0
USR-3961,2,4,2,4,3,0,1,1,3,0,18,71.1,46.8,6.2,80.2,58.0,9.9,6.6,5.0,0.11,4.7,1
USR-3962,2,2,2,2,4,2,4,2,1,0,13,70.6,59.3,7.3,80.4,55.0,8.7,4.8,4.0,0.44,4.7,0
USR-3963,4,3,0,1,1,2,2,1,2,3,25,84.3,41.4,5.9,79.6,32.0,9.3,5.6,3.0,-0.11,5.9,2
USR-3964,4,2,2,2,2,2,4,4,2,3,19,72.5,64.7,6.5,73.3,31.0,9.3,4.3,4.0,-0.14,4.9,1
USR-3965,3,4,3,2,3,3,2,2,1,0,21,84.8,68.6,9.0,87.4,69.0,7.6,7.7,4.0,-0.03,5.3,1
USR-3966,3,4,3,4,2,4,3,1,4,2,26,77.9,50.0,5.9,76.8,21.0,9.6,7.2,5.0,-0.16,6.0,2
USR-3967,3,0,3,1,2,2,2,0,4,4,27,80.4,49.4,6.8,78.2,33.0,9.0,6.8,3.0,-0.29,7.7,3
USR-3968,4,4,3,1,2,2,3,3,1,1,22,76.4,53.2,6.4,70.4,41.0,9.6,5.6,4.0,-0.34,4.6,1
USR-3969,2,3,0,3,3,1,2,1,2,1,16,77.7,63.5,7.8,88.9,49.0,9.5,6.6,4.0,0.05,4.3,0
USR-3970,2,3,1,0,4,0,4,4,3,2,15,69.1,67.4,6.8,74.7,69.0,7.0,4.7,2.0,0.13,3.5,0
USR-3971,1,1,3,2,2,3,3,2,1,4,20,68.5,58.4,7.0,76.0,38.0,9.9,3.8,3.0,-0.29,5.7,1
USR-3972,3,3,1,2,1,0,1,2,3,1,21,83.8,57.7,7.2,82.8,35.0,9.4,5.9,3.0,-0.21,5.6,1
USR-3973,3,4,0,3,1,3,4,3,3,4,22,77.0,58.7,6.0,78.0,54.0,10.1,4.5,2.0,-0.2,6.6,2
USR-3974,2,2,2,1,0,2,2,1,3,2,25,76.5,34.5,8.5,67.1,30.0,9.5,6.4,2.0,-0.52,6.9,3
USR-3975,0,4,2,4,2,1,2,3,3,2,17,71.1,58.8,7.6,84.9,51.0,9.4,6.5,2.0,0.12,4.7,1
USR-3976,3,0,2,2,2,2,1,2,3,1,20,86.1,57.4,6.6,78.7,40.0,8.2,3.8,2.0,0.05,5.8,1
USR-3977,0,1,3,4,1,1,4,4,4,3,15,69.8,64.6,6.6,78.7,54.0,6.2,4.0,4.0,0.04,4.9,0
USR-3978,3,2,3,2,3,2,2,3,2,1,19,76.0,54.9,6.9,70.0,47.0,7.1,6.2,5.0,-0.24,4.3,1
USR-3979,4,3,2,1,3,3,1,4,4,3,26,80.5,48.8,5.3,74.7,26.0,9.3,5.8,2.0,-0.1,7.1,3
USR-3980,2,3,3,1,1,2,4,0,0,1,21,72.2,48.0,8.1,75.4,14.0,7.2,6.0,2.0,0.08,5.7,1
USR-3981,1,0,3,0,2,1,3,2,2,2,18,72.0,43.3,7.3,79.3,20.0,10.6,5.7,3.0,0.08,5.2,1
USR-3982,3,4,3,2,4,3,1,3,0,4,23,73.6,59.1,6.4,66.8,12.0,9.4,6.8,3.0,-0.08,5.6,1
USR-3983,3,0,2,1,2,1,3,3,3,3,19,81.4,47.2,7.7,75.7,38.0,10.0,4.7,2.0,0.15,4.4,1
USR-3984,2,1,0,2,3,3,4,1,1,1,14,72.8,61.2,6.7,83.9,16.0,9.0,2.2,3.0,0.16,3.1,0
USR-3985,4,0,3,3,2,2,0,2,4,3,25,94.3,42.8,5.4,82.6,30.0,9.8,6.5,2.0,-0.33,3.6,2
USR-3986,0,3,2,1,3,2,3,1,3,3,21,74.8,66.4,6.6,75.2,38.0,13.4,4.1,3.0,-0.04,4.9,1
USR-3987,2,4,4,1,3,4,2,3,0,0,21,74.1,53.1,6.8,83.5,47.0,12.7,6.6,4.0,-0.11,7.4,2
USR-3988,3,3,3,3,3,3,3,2,3,2,22,86.9,50.0,7.0,79.4,41.0,11.0,5.7,3.0,-0.07,6.3,1
USR-3989,4,3,3,4,4,0,2,2,4,1,19,81.9,62.2,5.7,78.9,49.0,7.8,5.1,3.0,0.21,5.3,1
USR-3990,1,0,1,1,4,2,3,1,3,2,16,75.9,77.3,6.7,74.9,47.0,10.1,5.7,3.0,-0.12,5.2,1
USR-3991,3,2,1,1,3,4,0,2,0,3,23,74.6,54.5,4.0,69.9,30.0,7.4,4.1,3.0,-0.05,5.7,3
USR-3992,2,2,2,4,1,0,3,1,4,1,18,84.5,54.5,6.0,81.6,38.0,10.4,5.0,3.0,-0.19,4.5,1
USR-3993,2,2,2,0,2,2,0,4,3,1,22,78.9,58.1,7.1,72.9,25.0,6.2,6.2,4.0,-0.24,5.4,1
USR-3994,1,0,2,4,3,3,2,1,2,1,15,71.0,48.7,8.0,77.7,46.0,7.9,5.1,2.0,0.46,3.6,0
USR-3995,4,3,2,0,3,3,1,4,2,4,26,88.5,47.9,5.3,71.6,12.0,11.4,5.8,2.0,-0.09,6.0,3
USR-3996,1,2,1,4,1,3,3,2,2,3,18,75.6,73.5,6.7,77.7,53.0,9.2,4.8,4.0,0.09,4.8,0
USR-3997,2,3,4,2,0,3,2,2,4,0,26,76.9,48.8,6.2,77.0,19.0,8.1,7.8,2.0,-0.51,6.6,3
USR-3998,2,2,1,4,3,3,2,1,1,2,17,75.1,59.6,7.9,76.7,43.0,8.8,6.0,4.0,0.04,5.7,1
USR-3999,4,1,4,2,1,3,2,3,1,1,22,75.3,52.7,7.8,79.5,39.0,9.8,5.1,4.0,-0.47,6.5,2
